CustomerID,frequency,recency,T,monetary_value,pred_purchases_90d,prob_alive,pred_avg_order_value,CLV,CLV_Tier
12347,6.0,365.0,367.0,599.7016666666667,1.4250560610105094,1.0,691.7662390095502,3698.4397362726195,High
12348,3.0,283.0,358.0,301.48,0.7938336507730469,1.0,411.00354727615644,1224.0588805177363,Low
12352,6.0,260.0,296.0,368.25666666666666,1.7179693744184177,1.0,424.85935599122547,2738.342949054299,High
12356,2.0,303.0,325.0,269.90500000000003,0.6234287923003777,1.0,449.5573842121713,1051.4756636084949,Low
12358,1.0,149.0,150.0,683.2,0.7192053254259441,0.9999999997712645,3372.9900649857345,9101.127332674898,Platinum
12359,3.0,274.0,331.0,1941.6933333333334,0.8501749116333005,1.0,2644.788962200596,8435.805205958652,Platinum
12360,2.0,148.0,200.0,789.24,0.9358643542621791,1.0,1313.082306553407,4610.330814842989,Platinum
12362,9.0,292.0,295.0,527.4588888888889,2.5068772293302684,1.0,578.8321420436397,5443.935094965746,Platinum
12363,1.0,133.0,242.0,252.9,0.4921576946644753,0.9999999995212951,1251.4644186448488,2310.73434763666,Medium
12364,3.0,105.0,112.0,229.7266666666667,2.003593973404724,1.0,313.2836066959403,2354.9116638866517,Medium
12370,3.0,309.0,360.0,651.6233333333333,0.7899558336944019,1.0,887.8592435675085,2631.323020413974,High
12371,1.0,15.0,59.0,360.0,1.322838463621439,0.9999999994798345,1779.503918349959,8831.469977906472,Platinum
12372,2.0,225.0,296.0,449.41,0.6757687861035147,1.0,748.029548007917,1896.4618694536873,Medium
12375,1.0,88.0,98.0,227.20000000000002,0.9728881972866176,0.9999999997462132,1124.7546600788235,4105.32902740839,High
12377,1.0,39.0,354.0,626.6,0.35552277510126357,0.9999999974510372,3093.9327756924645,4126.725052580172,High
12379,1.0,89.0,170.0,392.40000000000003,0.6536510766523914,0.9999999995271789,1939.2469602775554,4755.611124384035,Platinum
12380,3.0,164.0,185.0,705.7533333333334,1.3796688795487668,1.0,961.5781934458944,4977.218517305529,Platinum
12381,4.0,115.0,119.0,144.14249999999998,2.4546895213998834,1.0,180.30927657539843,1660.5114464875614,Medium
12383,4.0,168.0,352.0,312.46,1.0299013750807753,1.0,390.52052612856204,1508.9218166426776,Medium
12384,1.0,93.0,121.0,292.58000000000004,0.8415888109092199,0.9999999996979532,1447.1003415981522,4569.04918220451,Platinum
12386,1.0,29.0,366.0,143.0,0.34525306463807637,0.9999999967662037,709.6199646990821,919.158911018609,Low
12388,5.0,311.0,326.0,469.872,1.3409570424599613,1.0,559.2164270437542,2813.3386969720655,High
12393,3.0,260.0,332.0,373.3666666666666,0.8479459557844592,1.0,508.90507280588514,1618.9453444180238,Medium
12394,1.0,154.0,217.0,891.4000000000001,0.5383396863468901,0.9999999996511957,4399.487019594549,8885.577760623175,Platinum
12395,10.0,352.0,371.0,267.253,2.2677783175776556,1.0,290.50416341488045,2471.611422651057,High
12397,1.0,100.0,135.0,1195.09,0.7777017325407829,0.9999999996826725,5896.782217217749,17205.02820940091,Platinum
12399,3.0,142.0,261.0,273.53333333333336,1.041888327566052,1.0,372.94334185831144,1457.7775735820417,Medium
12406,1.0,161.0,183.0,1794.05,0.6170907282586673,0.9999999997341256,8849.85914292618,20488.61556333249,Platinum
12407,4.0,215.0,264.0,370.455,1.3190675688162974,1.0,462.95031755153184,2291.018853264679,Medium
12408,3.0,228.0,260.0,683.6533333333333,1.0452555255488862,1.0,931.4804880641775,3652.779595434871,High
12409,2.0,104.0,182.0,2432.795,1.008655572661113,1.0,4045.9054433313063,15310.375949150239,Platinum
12412,2.0,95.0,169.0,356.19,1.0686882869109102,1.0,593.027876137833,2377.6799303910857,High
12413,2.0,271.0,337.0,139.425,0.6040687994756181,1.0,232.60160062915747,527.1404436618697,Low
12414,2.0,93.0,310.0,204.325,0.6494466966304484,1.0,340.51415699440577,829.6710163621561,Low
12415,15.0,313.0,337.0,7860.21,3.6318392902306194,1.0,8301.452217014601,113111.80405950035,Platinum
12417,8.0,354.0,357.0,419.72,1.903007813964293,1.0,466.30160365502206,3329.160358175655,High
12421,3.0,304.0,319.0,216.53,0.8778661805538918,1.0,295.3112363179288,972.6028193796574,Low
12422,2.0,229.0,324.0,282.53,0.6250982901045046,1.0,470.5496187901567,1103.5219368790886,Low
12423,7.0,353.0,353.0,231.6257142857143,1.6982780164227782,1.0,261.5435707092344,1666.4031218262494,Medium
12427,2.0,350.0,371.0,261.15,0.5552171864459149,1.0,434.9999969860118,906.1067986903943,Low
12428,6.0,258.0,283.0,497.8733333333334,1.7851536707418523,1.0,574.3358211869531,3846.526646308503,High
12429,3.0,356.0,365.0,822.9666666666667,0.7804250410969196,1.0,1121.2095225624382,3282.8059175605813,High
12431,13.0,338.0,373.0,471.47692307692313,2.896211134484057,1.0,502.3532519579458,5458.416497689982,Platinum
12432,2.0,130.0,172.0,871.33,1.0542089166177457,1.0,1449.5775569697898,5733.177340282001,Platinum
12433,5.0,373.0,373.0,2291.346,1.1917582803187083,1.0,2726.1799351105906,12189.051982347597,Platinum
12434,1.0,176.0,260.0,519.89,0.46352750244337476,0.9999999996241071,2567.8161088994457,4465.464697183745,Platinum
12435,1.0,188.0,267.0,3850.9000000000005,0.4532732129506919,0.9999999996413662,18990.83061788842,32294.69956323292,Platinum
12437,14.0,330.0,331.0,325.6221428571429,3.452541578164654,1.0,345.35328138687817,4473.3176478089,Platinum
12438,1.0,126.0,140.0,2016.78,0.7571735510949552,0.9999999997435542,9947.993949362399,28259.090592591543,Platinum
12444,4.0,150.0,171.0,783.8149999999999,1.8756034686021679,1.0,979.1944520906957,6890.285311696834,Platinum
12449,3.0,165.0,187.0,1069.4533333333334,1.3679976869753774,1.0,1456.896539478942,7477.239798151019,Platinum
12450,1.0,17.0,173.0,96.0,0.6448347499203747,0.999999998443011,477.89394708806276,1156.1314019884178,Low
12451,4.0,314.0,324.0,1529.0025,1.1071254413273202,1.0,1909.8570125873648,7932.771019864578,Platinum
12455,5.0,223.0,296.0,156.592,1.4574192273396922,1.0,186.51479759025736,1019.8235160170688,Low
12456,2.0,210.0,254.0,1120.435,0.7693091368568039,1.0,1863.777208023182,5379.25486108217,Platinum
12457,6.0,173.0,239.0,282.33,2.05748554294138,1.0,325.76704996536796,2514.6131445751184,High
12458,1.0,213.0,284.0,505.48,0.4301624923051774,0.9999999996676612,2496.769897968067,4029.3806214613965,High
12461,1.0,60.0,154.0,200.0,0.7050632565025955,0.9999999993904582,990.649390312446,2620.446474570295,High
12462,1.0,285.0,303.0,427.48,0.40697135966325476,0.9999999997533175,2112.2033155497797,3224.97833304383,High
12463,3.0,188.0,241.0,331.40333333333336,1.1136380521276645,1.0,451.7557495705261,1887.4479531380496,Medium
12464,6.0,299.0,309.0,166.35833333333332,1.655658626823922,1.0,192.0262646019332,1192.7753744847012,Low
12465,1.0,152.0,169.0,301.25,0.6566436702069601,0.9999999997418139,1489.8463963361846,3670.2740325720756,High
12468,1.0,129.0,316.0,508.95000000000005,0.3924932658107117,0.999999999288752,2513.878180544881,3701.720911110441,High
12471,19.0,362.0,364.0,919.138947368421,4.265428548402617,1.0,959.4427505372639,15353.5557793417,Platinum
12472,6.0,337.0,369.0,823.4683333333334,1.4182445031521724,1.0,949.8183184383581,5053.809696064006,Platinum
12473,3.0,162.0,191.0,1088.7866666666666,1.3452378348681233,1.0,1483.2263571582719,7485.722814396715,Platinum
12474,16.0,312.0,329.0,445.399375,3.946446834084053,1.0,468.8154238766215,6941.213166209653,Platinum
12476,9.0,346.0,361.0,755.9966666666667,2.1037470003889798,1.0,829.5798802347999,6547.551972243638,Platinum
12477,5.0,279.0,301.0,2172.7580000000003,1.4366240820138312,1.0,2585.098663297417,13933.091826833648,Platinum
12480,3.0,308.0,336.0,821.7933333333334,0.8391457952399065,1.0,1119.6115750067272,3524.78017031141,High
12481,7.0,343.0,365.0,776.7057142857144,1.6491028047757448,1.0,876.6761187747337,5423.930807450408,Platinum
12483,7.0,322.0,339.0,276.7742857142857,1.7594893643367053,1.0,312.49454264798527,2062.7961745692787,Medium
12484,5.0,304.0,336.0,680.61,1.3061652105734574,1.0,809.9263223060467,3968.906427277459,High
12488,2.0,66.0,75.0,372.635,1.8760690819522006,1.0,620.3718205049595,4366.4462925404105,Platinum
12490,9.0,324.0,329.0,505.96777777777777,2.281642934829265,1.0,555.2524627681812,4752.973666709426,Platinum
12492,1.0,42.0,105.0,136.82,0.9287871262223981,0.9999999994768176,679.1504585536331,2366.5158600952936,Medium
12493,1.0,32.0,197.0,201.24,0.5820320196238008,0.9999999986747974,996.7630129047368,2176.536855921773,Medium
12494,6.0,350.0,365.0,198.08333333333334,1.4319333638560408,1.0,228.6121526693201,1228.1441824164067,Low
12498,1.0,36.0,57.0,156.45,1.3476984867309327,0.9999999996779059,775.9330484622354,3923.23411034484,High
12500,9.0,310.0,333.0,434.76444444444445,2.2577778091133114,1.0,477.1293841305423,4041.518748090079,High
12502,4.0,214.0,309.0,776.655,1.1534586398454933,1.0,970.2523483474685,4198.6914722547945,High
12504,1.0,12.0,30.0,32.65,1.805851449942706,0.9999999996582354,165.55685739321,1121.6475970720965,Low
12507,2.0,164.0,298.0,429.325,0.6718786067743118,1.0,714.6331890773158,1801.362962002856,Medium
12508,1.0,3.0,29.0,123.08,1.8288785290675056,0.9999999995688647,611.4075759584117,4195.105732683732,High
12510,1.0,183.0,325.0,301.52,0.38305890988962454,0.9999999995148598,1491.177588352248,2142.99999637209,Medium
12516,1.0,103.0,180.0,728.86,0.6251599827673634,0.9999999995646283,3598.1094259244396,8439.034679656548,Platinum
12517,3.0,162.0,190.0,578.63,1.3508565019343894,1.0,788.450562956825,3995.8660298677614,High
12518,4.0,110.0,110.0,433.015,2.5932655916559684,1.0,541.0813245593945,5264.2532784826135,Platinum
12520,4.0,194.0,273.0,411.71,1.2822475838255567,1.0,514.47357033461,2474.925853676711,High
12522,1.0,12.0,51.0,103.32000000000001,1.4282198319738548,0.9999999995032973,513.984041745779,2754.0506841610368,High
12523,10.0,312.0,331.0,168.68200000000002,2.506226426698713,1.0,183.39467027545493,1724.3850516410655,Medium
12524,7.0,324.0,333.0,592.6185714285714,1.7870947583938537,1.0,668.9304791405297,4484.931349035306,Platinum
12526,2.0,94.0,94.0,398.17999999999995,1.6275362427917264,1.0,662.8468012807725,4047.352843524654,High
12527,2.0,244.0,325.0,108.095,0.6234287923003777,1.0,180.50760385067935,422.19160269803376,Low
12528,5.0,303.0,312.0,287.99,1.392900060133688,1.0,342.83581619001023,1791.5683342097989,Medium
12530,3.0,277.0,336.0,424.96000000000004,0.8391457952399065,1.0,579.1693690197933,1823.350841259812,Medium
12535,1.0,95.0,186.0,344.9,0.6092271268959709,0.9999999995056423,1705.0557722664184,3897.1314626692997,High
12536,1.0,16.0,59.0,8322.12,1.3228384636381236,0.9999999994924473,41035.46901071272,203654.2369280252,Platinum
12539,3.0,311.0,333.0,1284.1666666666667,0.8457286569549393,1.0,1749.311862926589,5550.415841099251,Platinum
12540,16.0,342.0,361.0,782.451875,3.6387488868937248,1.0,823.5415842469624,11242.550658505474,Platinum
12541,2.0,251.0,280.0,334.39,0.7085907271110541,1.0,556.7798988071332,1480.1517619817132,Medium
12545,1.0,184.0,259.0,372.24,0.4650303980874306,0.9999999996462572,1839.8512897448286,3209.89848940309,High
12546,1.0,31.0,77.0,401.3,1.134493763184772,0.9999999995334319,1983.126993399642,8440.727364182603,Platinum
12547,1.0,83.0,280.0,48.4,0.43538571638952717,0.999999999030394,243.20972499690268,397.26686927242463,Low
12552,1.0,1.0,39.0,120.0,1.6220455106332947,0.9999999994446107,596.2221262936896,3628.2596445821964,High
12553,9.0,321.0,329.0,332.4411111111111,2.281642934829265,1.0,364.861974133838,3123.2267685875536,High
12556,1.0,101.0,151.0,290.81,0.715616887325843,0.9999999996415134,1438.373638381737,3861.708869724491,High
12557,4.0,355.0,371.0,2842.7400000000002,0.98335746922885,1.0,3550.5800595661362,13098.994646246923,Platinum
12559,1.0,9.0,319.0,75.60000000000001,0.3892972642776584,0.9999999957305179,377.3149947632799,551.0774632469869,Low
12560,2.0,138.0,143.0,420.85,1.2130883997678163,1.0,700.541372202193,3188.2581061496744,High
12562,6.0,190.0,198.0,556.13,2.3984276738923413,1.0,641.5185441450534,5772.488488514735,Platinum
12567,8.0,347.0,369.0,984.2950000000001,1.8484312333608952,1.0,1093.3610613927704,7582.1807863380845,Platinum
12569,25.0,250.0,252.0,151.0404,7.641840341044104,1.0,156.05364566294128,4474.032276385859,Platinum
12571,1.0,82.0,121.0,271.26,0.8415888108744805,0.9999999996566749,1341.9854757371534,4237.161352213101,Platinum
12572,1.0,43.0,51.0,487.68,1.4282198323133384,0.9999999997409943,2409.009831723894,12908.05674482081,Platinum
12576,4.0,269.0,304.0,262.245,1.1697770289765965,1.0,327.80715469474137,1438.6288029366613,Medium
12577,1.0,324.0,359.0,461.91,0.35117039099897723,0.9999999997382656,2281.954949301852,3006.4375804811466,High
12578,1.0,309.0,330.0,1185.85,0.37801099561935625,0.9999999997515374,5851.225868223582,8298.097434013738,Platinum
12582,1.0,50.0,288.0,306.2,0.4250631054435313,0.9999999984093639,1514.2515832973452,2414.7861777060425,High
12583,14.0,371.0,373.0,458.96571428571434,3.1092677412547296,1.0,486.7480128915067,5677.923571483059,Platinum
12584,8.0,277.0,280.0,234.315,2.3478207889073017,1.0,260.3768659994985,2293.4779717230235,Medium
12585,1.0,117.0,351.0,777.25,0.3581863800804165,0.9999999990805843,3836.688617247785,5155.761932718075,Platinum
12589,1.0,116.0,144.0,515.18,0.7415151494678076,0.999999999708874,2544.594203730341,7078.900303094284,Platinum
12592,1.0,121.0,213.0,205.8,0.5465453663154586,0.9999999995485427,1019.245366953806,2089.9321972894627,Medium
12593,2.0,110.0,218.0,91.05,0.8728721597630856,1.0,152.16600873133177,498.305321733003,Low
12594,8.0,285.0,322.0,374.65250000000003,2.0823324189262187,1.0,416.24624854437076,3251.8284548154948,High
12596,1.0,191.0,242.0,348.32,0.49215769474833276,0.9999999996916826,1721.9175378032205,3179.3904323595198,High
12597,3.0,249.0,268.0,1098.3566666666666,1.0189119853368425,1.0,1496.25961690954,5719.668512172883,Platinum
12598,6.0,275.0,284.0,383.7033333333333,1.7797996491320216,1.0,442.6727529236416,2955.8414997497016,High
12599,6.0,275.0,304.0,138.45333333333335,1.6790818175717077,1.0,159.8456749558992,1006.9316285507311,Low
12600,9.0,343.0,371.0,280.28222222222223,2.053708176186186,1.0,307.6341339814312,2370.284561105592,High
12601,4.0,143.0,332.0,108.19999999999999,1.0839044904939683,1.0,135.42079001241726,550.6854382753509,Low
12604,1.0,182.0,261.0,75.67999999999999,0.4620342897058948,0.9999999996376596,377.70942202729856,654.7255065509863,Low
12609,2.0,240.0,318.0,419.46,0.6353061166905976,1.0,698.2301479595474,1664.2128364195823,Medium
12610,4.0,104.0,126.0,288.1975,2.356738672834884,1.0,360.219158521013,3184.970908479603,High
12613,2.0,205.0,262.0,1261.3600000000001,0.749546710461345,1.0,2098.100428451112,5900.002681546292,Platinum
12615,3.0,166.0,168.0,552.15,1.4875432834654785,1.0,752.3877919836187,4198.92952650341,High
12616,1.0,202.0,297.0,457.7,0.4140200501459959,0.9999999996218278,2261.1982145328648,3512.264721883014,High
12619,8.0,237.0,253.0,429.40749999999997,2.5574317382215317,1.0,477.0612697699481,4577.258548051653,Platinum
12620,2.0,190.0,204.0,388.875,0.9210927740195473,1.0,647.374900865077,2237.1055067773354,Medium
12621,16.0,364.0,365.0,826.56625,3.6036277730530926,1.0,869.9691374052609,11761.72458055828,Platinum
12624,1.0,71.0,177.0,341.19,0.6334430650931566,0.9999999993793545,1686.7642078975489,4008.5674617663103,High
12625,1.0,108.0,319.0,967.2,0.3892972655972829,0.9999999991202786,4773.20685225232,6971.38138986249,Platinum
12626,8.0,303.0,326.0,690.56,2.060145896466537,1.0,767.1168780360904,5929.072348293063,Platinum
12627,6.0,130.0,140.0,618.4183333333334,3.1328096813994413,1.0,713.350663648203,8384.251860391676,Platinum
12628,2.0,60.0,64.0,226.41,2.0580142720531502,1.0,377.2360184324105,2912.6531395456745,High
12630,1.0,34.0,43.0,569.09,1.551844525745826,0.9999999997328461,2810.388876270981,16362.20616222921,Platinum
12633,3.0,229.0,287.0,383.72,0.961367374258208,1.0,523.0051441355401,1886.351292724244,Medium
12635,1.0,65.0,154.0,1005.54,0.7050632565321326,0.9999999994323512,4962.236118533308,13126.010342811162,Platinum
12637,6.0,256.0,323.0,750.87,1.5934196566490095,1.0,866.0965060754843,5177.5427212328195,Platinum
12640,2.0,58.0,81.0,204.995,1.7897620736142283,1.0,341.628200334386,2293.9093311638835,Medium
12642,2.0,82.0,107.0,323.40500000000003,1.4922749439996021,1.0,538.5145762852188,3014.904390268055,High
12643,4.0,204.0,332.0,618.36,1.0839044904939683,1.0,772.5581706890667,3141.5895209302953,High
12645,3.0,283.0,316.0,468.6266666666667,0.8850731678366239,1.0,638.6384399851762,2120.6132185859396,Medium
12646,1.0,45.0,49.0,615.28,1.4572419223294693,0.9999999997575795,3038.1213178338103,16609.784688974218,Platinum
12647,10.0,347.0,369.0,335.082,2.2786179635696175,1.0,364.20869933471585,3113.5014036670677,High
12649,1.0,105.0,212.0,248.51000000000002,0.548636021933815,0.999999999474942,1229.8202225318196,2531.3557435442763,High
12653,1.0,148.0,296.0,1430.75,0.41521863879501036,0.9999999994466109,7058.666330201001,10995.797350128189,Platinum
12654,3.0,285.0,295.0,145.12666666666667,0.9390374481291569,1.0,198.06795623018323,697.7893975493502,Low
12656,4.0,216.0,233.0,877.4925000000001,1.4638542969151065,1.0,1096.188016812228,6020.189141976776,Platinum
12657,2.0,67.0,78.0,512.37,1.8318995872244352,1.0,852.7163669409837,5860.48417712604,Platinum
12662,9.0,373.0,373.0,398.70000000000005,2.0439847074013855,1.0,437.5600929547159,3355.386726416862,High
12664,8.0,314.0,322.0,527.5375,2.0823324189262187,1.0,586.0518283100982,4578.395644308794,Platinum
12668,3.0,344.0,355.0,1112.4266666666667,0.7997222902826655,1.0,1515.4213687068593,4546.737086508581,Platinum
12669,2.0,106.0,256.0,803.865,0.7642714725883953,1.0,1337.4000436387964,3834.742585300499,High
12670,4.0,222.0,232.0,590.75,1.4690559135758543,1.0,738.0761198021248,4067.866707745522,High
12673,1.0,321.0,326.0,389.62,0.38203857036262784,0.999999999768189,1925.5406128529035,2759.860484508852,High
12674,3.0,169.0,207.0,461.2866666666667,1.2612991488206775,1.0,628.6421885145064,2974.738950978328,High
12676,5.0,287.0,311.0,164.378,1.396764686585649,1.0,195.77761324055393,1025.9200328489774,Low
12678,8.0,311.0,353.0,2175.8975,1.921923313904959,1.0,2416.844420537162,17426.572746075653,Platinum
12679,3.0,225.0,283.0,106.32000000000001,0.972935376756184,1.0,145.21765667453533,530.06686082422,Low
12680,3.0,113.0,113.0,183.67666666666665,1.9912583152134757,1.0,250.5687047580193,1871.8957767224335,Medium
12681,19.0,353.0,367.0,671.2642105263158,4.234699488691741,1.0,700.7125913638756,11132.424337679957,Platinum
12682,26.0,368.0,371.0,459.69153846153847,5.6929005798411385,1.0,474.2686124466306,10129.43488579789,Platinum
12683,10.0,361.0,365.0,741.3489999999999,2.3006111275348693,1.0,805.6676725547803,6953.867126933873,Platinum
12684,6.0,206.0,213.0,299.0883333333333,2.261334422966721,1.0,345.09308645171285,2927.7115540136274,High
12685,5.0,65.0,93.0,462.76800000000003,3.534725634441028,1.0,550.7649702778016,7303.806418194724,Platinum
12689,1.0,102.0,127.0,736.58,0.8129670646424004,0.999999999710524,3636.17165690225,11090.3323966505,Platinum
12691,5.0,329.0,357.0,171.16,1.238675248373701,1.0,203.84599440422102,947.298556362433,Low
12693,3.0,192.0,319.0,231.28666666666666,0.8778661805538918,1.0,315.4081506052379,1038.7916841867682,Low
12694,1.0,113.0,183.0,430.16999999999996,0.6170907281748673,0.9999999995983271,2125.4659323024102,4920.739829943945,Platinum
12695,3.0,203.0,210.0,164.28333333333333,1.246713324897398,1.0,224.15717385140883,1048.4469913019623,Low
12697,2.0,141.0,169.0,283.54499999999996,1.0686882869109102,1.0,472.2373113126641,1893.3834692603857,Medium
12700,3.0,208.0,215.0,1282.52,1.2231390978376462,1.0,1747.0692888001079,8017.024525789344,Platinum
12701,1.0,163.0,242.0,460.63,0.49215769471523246,0.9999999996244271,2275.644113077552,4201.804651643116,High
12704,6.0,162.0,169.0,335.2133333333333,2.716866753048568,1.0,386.7531402400296,3942.11620284176,High
12705,7.0,342.0,357.0,858.6128571428571,1.6815636254340933,1.0,969.1097972998659,6113.832307798634,Platinum
12708,9.0,339.0,368.0,279.6077777777778,2.0684680846980372,1.0,306.89414508058314,2381.577186448876,High
12709,14.0,351.0,366.0,658.13,3.161659825694531,1.0,697.9376518233505,8278.64010091021,Platinum
12710,2.0,105.0,201.0,215.02999999999997,0.9321272193055589,1.0,358.31390916528375,1253.0433363509155,Low
12712,12.0,343.0,371.0,351.7166666666667,2.695918600360589,1.0,376.82717655339115,3811.3271229447264,High
12714,4.0,285.0,294.0,935.1400000000001,1.2038393138226475,1.0,1168.1838164683302,5276.026174940097,Platinum
12716,1.0,130.0,133.0,375.59000000000003,0.7862280911549093,0.9999999997670135,1856.3679314256142,5475.702546303561,Platinum
12717,1.0,94.0,245.0,421.24,0.4871428915523542,0.9999999992861166,2081.437988956317,3804.0575664567855,High
12719,1.0,60.0,65.0,361.35,1.2534727388633,0.9999999997563433,1786.1598784302755,8399.674503795475,Platinum
12720,20.0,367.0,369.0,265.41700000000003,4.4295516146132226,1.0,276.48374590682363,4594.694128881672,Platinum
12721,5.0,323.0,354.0,473.90599999999995,1.2478864887362346,1.0,564.0155791543752,2640.5440491767954,High
12722,3.0,65.0,150.0,231.57000000000002,1.6218095718858998,1.0,315.79401862295225,1921.4584305370636,Medium
12723,2.0,62.0,65.0,212.82999999999998,2.0400282447612454,1.0,354.6558564071397,2714.3793967368633,High
12724,3.0,327.0,332.0,292.17,0.8479459557844592,1.0,398.3243781764378,1267.1624475296264,Low
12726,6.0,329.0,357.0,406.46999999999997,1.460119436903899,1.0,468.9277164645139,2568.7481074974544,High
12727,5.0,310.0,320.0,693.24,1.3627362586414176,1.0,824.9519274515959,4217.622321764049,High
12728,3.0,261.0,332.0,194.59666666666666,0.8479459557844592,1.0,265.44051212310285,844.4279774069954,Low
12731,10.0,341.0,364.0,1782.4009999999998,2.3061759156934443,1.0,1936.8984813300308,16758.167425923857,Platinum
12735,1.0,22.0,337.0,459.8,0.37116337586847165,0.9999999966554427,2271.5519302133575,3163.115278666923,High
12739,1.0,21.0,99.0,37.5,0.9663333600569133,0.9999999992555277,189.4690102743471,686.8982235571301,Low
12744,5.0,267.0,318.0,3845.244,1.3701540656385969,1.0,4574.814755732812,23516.362764019457,Platinum
12747,10.0,367.0,369.0,383.745,2.2786179635696175,1.0,417.08702322961256,3565.540951242558,High
12748,112.0,373.0,373.0,301.02482142857144,23.98881520477891,1.0,303.1911191855504,27286.79380651174,Platinum
12749,3.0,210.0,213.0,1077.26,1.2324609891240104,1.0,1467.528338272906,6785.579012987466,Platinum
12753,5.0,340.0,362.0,3567.7599999999998,1.2236216976018481,1.0,4244.698760625323,19485.936276476194,Platinum
12754,2.0,73.0,308.0,1482.585,0.6530807481070384,0.9999999999999998,2465.9425745512976,6041.949268838786,Platinum
12755,1.0,85.0,365.0,17.549999999999997,0.3460861587851465,0.9999999986351382,91.10871130966974,118.29635645786723,Low
12757,8.0,196.0,211.0,837.06875,2.9698843798993884,1.0,929.8405149821743,10360.369425859168,Platinum
12758,1.0,160.0,276.0,1221.4,0.4407373455468941,0.9999999995419511,6026.499483671919,9964.88312665373,Platinum
12759,2.0,223.0,275.0,543.32,0.7195115132436224,1.0,904.1785182430551,2440.7267807881126,High
12762,1.0,18.0,25.0,1436.93,1.927175012894806,0.9999999997344053,7089.135836346451,51255.6432490577,Platinum
12763,1.0,231.0,369.0,174.0,0.34277767748318505,0.9999999995706326,862.4605295063502,1109.1211695088662,Low
12766,6.0,363.0,366.0,973.39,1.4284864349622375,1.0,1122.7109052166954,6016.879248226095,Platinum
12775,4.0,294.0,311.0,292.89750000000004,1.1470580560586479,1.0,366.0889752239695,1575.4306258661538,Medium
12778,5.0,293.0,312.0,137.55,1.392900060133688,1.0,163.86099132093443,856.2937400335913,Low
12779,7.0,334.0,371.0,533.3142857142858,1.6255678934032523,1.0,602.004529953928,3671.403403968471,High
12781,1.0,221.0,284.0,277.48,0.4301624923118577,0.999999999683191,1372.6521955146118,2215.2374398618495,Medium
12782,4.0,353.0,357.0,466.855,1.017231059843503,1.0,583.3440048206809,2226.23796791557,Medium
12783,4.0,73.0,75.0,471.72249999999997,3.3227475473811126,1.0,589.4230117997532,7347.704251088016,Platinum
12784,1.0,6.0,15.0,56.0,2.2263191939013276,0.9999999997115974,280.68031507868454,2344.3725086382765,Medium
12787,2.0,183.0,192.0,152.78,0.966875966393109,1.0,254.8076436223453,924.2946746433305,Low
12793,1.0,37.0,371.0,413.68,0.3411470440912699,0.9999999971766509,2044.1646125065445,2616.282958819059,High
12794,1.0,45.0,98.0,543.41,0.972888197084506,0.9999999995384694,2683.77772452096,9795.72789013999,Platinum
12798,2.0,160.0,170.0,2685.0,1.063817837876794,1.0,4465.259623271174,17821.375352619467,Platinum
12808,2.0,332.0,368.0,177.125,0.5592075074521643,1.0,295.2873228937162,619.5053051142283,Low
12811,2.0,24.0,284.0,137.3,0.7000899237849135,0.9999999999999996,229.0682542150411,601.6528344411129,Low
12815,1.0,51.0,198.0,448.1,0.5796796429733835,0.9999999990451653,2213.866942850614,4814.67302710696,Platinum
12816,1.0,81.0,176.0,253.55,0.6362530854609794,0.9999999994572879,1254.6691401650012,2994.927762615824,High
12820,3.0,323.0,326.0,257.29333333333335,0.8614978064555745,1.0,350.8262950076744,1133.8968453853622,Low
12822,1.0,17.0,87.0,257.98,1.0513337244695566,0.99999999928555,1276.51054991004,5034.9161038093225,Platinum
12823,4.0,222.0,296.0,363.375,1.1968690802609676,1.0,454.108125581972,2039.074787209467,Medium
12826,6.0,363.0,365.0,219.95333333333335,1.4319333638560408,1.0,253.83306274130595,1363.6352909094928,Medium
12827,2.0,39.0,44.0,106.2,2.498594302579685,1.0,177.3566902249144,1662.5340735732636,Medium
12828,5.0,128.0,130.0,158.342,2.8058063425191797,1.0,188.59673021137462,1985.2677403822458,Medium
12829,1.0,24.0,360.0,207.25,0.3503126695199746,0.9999999964905477,1026.3943611141458,1348.9546076756421,Medium
12830,4.0,134.0,171.0,1148.2,1.8756034686021679,1.0,1434.2738476878826,10092.536783244941,Platinum
12832,1.0,66.0,98.0,115.23,0.9728881972074798,0.9999999996648701,572.7044006765714,2090.3580873948413,Medium
12836,3.0,252.0,311.0,588.7233333333334,0.8973514255316453,1.0,802.1965436349303,2700.6641384590175,High
12838,1.0,340.0,373.0,292.34000000000003,0.3395318531483166,0.9999999997416844,1445.917059806096,1841.8367735323645,Medium
12839,13.0,365.0,367.0,399.1392307692308,2.9379409836080903,1.0,425.28995363928124,4687.6526710908,Platinum
12840,3.0,83.0,226.0,624.2333333333332,1.1742886655978955,1.0,850.5571553138785,3747.189060521758,High
12841,23.0,367.0,371.0,162.09130434782608,5.0506901556667225,1.0,167.95290994898312,3182.4786115577067,High
12842,1.0,238.0,308.0,808.26,0.40127822546936953,0.9999999996788498,3989.5784854630556,6006.20071784068,Platinum
12843,7.0,199.0,264.0,229.83714285714285,2.180523315472209,1.0,259.52513580013056,2123.0850676422765,Medium
12844,1.0,101.0,130.0,151.08,0.7993740364496278,0.9999999996994835,749.4571183649766,2247.626072585788,Medium
12845,3.0,23.0,290.0,96.33333333333333,0.952870299629942,0.9999999999999989,131.61694395604013,470.51429996719355,Low
12849,1.0,237.0,268.0,346.39,0.4518452342799974,0.9999999997327125,1712.401980058768,2902.837076231279,High
12853,2.0,181.0,315.0,764.8499999999999,0.6405360791796245,1.0,1272.5278034756195,3058.0044365648023,High
12854,2.0,240.0,318.0,467.3,0.6353061166905976,1.0,777.7761679366425,1853.8086422134625,Medium
12856,5.0,56.0,63.0,357.238,4.477965164969006,1.0,425.2184848455124,7143.648555271979,Platinum
12857,1.0,92.0,302.0,304.8,0.4081294264830777,0.9999999990321016,1507.3491061770171,2308.0169329075275,Medium
12865,1.0,97.0,123.0,586.85,0.8318268990713916,0.999999999705572,2897.951728883145,9043.80816048593,Platinum
12867,6.0,334.0,360.0,612.3383333333333,1.4494205781119334,1.0,706.3390891974632,3840.9167839606243,High
12868,5.0,188.0,373.0,280.75200000000007,1.1917582803187083,1.0,334.22494286906925,1494.3566820225233,Medium
12871,1.0,123.0,207.0,248.64,0.5593338948864677,0.9999999995728956,1230.46116683585,2582.0597263832415,High
12872,1.0,39.0,365.0,221.44,0.34608615833670414,0.9999999973393847,1096.3558970694728,1423.518190215006,Medium
12875,1.0,219.0,362.0,49.470000000000006,0.3486097385027352,0.9999999995518516,248.48518965315358,324.9879496590302,Low
12876,1.0,139.0,196.0,1491.5900000000001,0.5844035670442315,0.9999999996542417,7358.628264487266,16133.810677252917,Platinum
12877,11.0,355.0,358.0,125.97363636363637,2.5610389662695607,1.0,135.9073679508911,1305.8293395739963,Low
12878,1.0,30.0,266.0,539.8100000000001,0.4547102452708437,0.9999999979566141,2666.0284976401163,4548.066027288107,Platinum
12879,2.0,47.0,91.0,216.35999999999999,1.6623069749643578,1.0,360.52536833270716,2248.403695559303,Medium
12882,1.0,24.0,33.0,991.1999999999999,1.7401227366701755,0.9999999997271773,4891.535031457946,31933.923737456473,Platinum
12883,1.0,65.0,89.0,411.84000000000003,1.0361435597213164,0.9999999996926459,2035.0927854341132,7910.999930067648,Platinum
12885,1.0,60.0,123.0,529.87,0.8318268989267159,0.9999999995316466,2617.0209100857855,8167.090853442602,Platinum
12886,1.0,152.0,219.0,603.4,0.5343285562230725,0.9999999996414117,2979.548869127025,5972.912214558313,Platinum
12888,1.0,41.0,255.0,81.36,0.47114071739108326,0.9999999984296002,405.7137577726303,717.1295326056411,Low
12891,2.0,107.0,292.0,144.5,0.683685872981784,1.0,241.0400632416942,618.2627379708005,Low
12895,1.0,44.0,86.0,105.0,1.059097059863231,0.9999999995899771,522.2670142901728,2075.179142474551,Medium
12897,1.0,97.0,301.0,87.7,0.40929410315868897,0.9999999990883861,436.9721184461168,670.99061970049,Low
12901,22.0,262.0,270.0,786.5790909090908,6.365936000954743,1.0,816.196360198847,19493.245661264405,Platinum
12904,1.0,154.0,172.0,264.89,0.6477469816504244,0.9999999997402618,1310.57920483966,3184.90076145758,High
12906,1.0,67.0,78.0,983.22,1.1255903925719102,0.9999999997379774,4852.190911872076,20490.166699966463,Platinum
12908,1.0,136.0,312.0,432.0,0.3968371324027359,0.9999999993426911,2134.4884559668394,3177.849657501309,High
12909,3.0,214.0,253.0,425.0733333333333,1.0694494192943174,1.0,579.323716226879,2324.3888900771904,Medium
12910,5.0,218.0,241.0,470.96400000000006,1.7334237853674603,1.0,560.5155529993314,3645.1856616561836,High
12912,4.0,38.0,40.0,336.06000000000006,4.6232656614560605,1.0,419.99449936042845,7284.834439042202,Platinum
12913,4.0,364.0,368.0,516.5025,0.9904248152366971,1.0,645.3486271100488,2397.966643764838,High
12915,1.0,224.0,372.0,164.0,0.3403375326365097,0.9999999995478637,813.1571215040057,1038.2729747743554,Low
12916,3.0,182.0,320.0,719.4333333333334,0.8754898631528019,1.0,980.208809265889,3219.563219153393,High
12919,5.0,161.0,169.0,225.798,2.3048221365141535,1.0,268.84749986285277,2324.720003682077,Medium
12921,22.0,364.0,373.0,739.304090909091,4.813720595420065,1.0,767.1439361038163,13854.312177677044,Platinum
12924,3.0,239.0,327.0,291.83666666666664,0.8592091632944561,1.0,397.8704158026562,1282.5307361965558,Low
12925,1.0,70.0,74.0,325.74,1.1620695209133929,0.9999999997608577,1610.5904425339265,7021.735436817583,Platinum
12928,4.0,324.0,359.0,417.59,1.0122497968467803,1.0,521.8170856991597,1981.6786356815066,Medium
12930,1.0,93.0,171.0,194.24,0.6506856364431393,0.9999999995448781,962.2506273030956,2349.019688988179,Medium
12931,11.0,336.0,357.0,3807.1781818181817,2.567340379554886,1.0,4104.734342850657,39536.27424191319,Platinum
12933,2.0,259.0,283.0,248.39000000000001,0.7021959454276291,1.0,413.78329098877657,1090.0803246360492,Low
12935,5.0,317.0,319.0,345.81399999999996,1.3664350951680282,1.0,411.62762869485886,2110.1861051654228,Medium
12936,2.0,61.0,78.0,132.72,1.8318995872244352,1.0,221.45285347308672,1521.9843245347934,Medium
12937,3.0,252.0,267.0,428.9466666666667,1.0221320804361784,1.0,584.5987590102206,2241.775622966121,Medium
12939,5.0,270.0,334.0,1929.7199999999998,1.3129783928107468,1.0,2295.962240228216,11309.660142704306,Platinum
12940,1.0,33.0,87.0,552.27,1.0513337246881542,0.9999999994934741,2727.460544011037,10757.870367282754,Platinum
12942,2.0,234.0,365.0,212.575,0.5632556001772135,1.0,354.2318548374458,748.5492260364747,Low
12944,1.0,319.0,354.0,317.56,0.3555227759142528,0.9999999997377802,1570.2602547880088,2094.4321732628623,Medium
12947,5.0,230.0,373.0,259.99,1.1917582803187083,1.0,309.52489425213383,1383.9200330395115,Medium
12948,6.0,248.0,264.0,282.19166666666666,1.8933713999202406,1.0,325.6075212703539,2312.903295373377,Medium
12949,4.0,222.0,252.0,658.23,1.3715811909934734,1.0,822.3517008905291,4231.616968189042,High
12950,2.0,22.0,24.0,765.7,3.1791973996582805,1.0,1273.9411420412664,15194.768648855255,Platinum
12951,5.0,322.0,330.0,175.07600000000002,1.326820237627778,1.0,208.50476477238973,1037.899505654761,Low
12952,2.0,73.0,78.0,328.125,1.8318995872244352,1.0,546.3627622026914,3755.000428039581,High
12955,10.0,266.0,267.0,428.334,3.0131381160664263,1.0,465.53844595631557,5262.617745915836,Platinum
12957,6.0,330.0,339.0,600.6433333333333,1.5277831781301212,1.0,692.852187355128,3971.2712370377185,High
12962,1.0,106.0,113.0,95.85000000000001,0.8830405304081904,0.9999999997565869,477.1543959680276,1580.7631413997206,Medium
12963,6.0,357.0,365.0,248.47166666666666,1.4319333638560408,1.0,286.7209603363181,1540.3147877411643,Medium
12967,1.0,13.0,371.0,292.5,0.3411470434368854,0.999999995258462,1446.7059143341332,1851.6082313907543,Medium
12970,1.0,315.0,322.0,428.44,0.3861528941756603,0.9999999997661042,2116.936442718005,3066.8627987750115,High
12971,70.0,369.0,372.0,159.21128571428574,15.076127370866551,1.0,161.05872950865805,9109.641809723043,Platinum
12980,8.0,201.0,358.0,810.6975,1.8983369729583648,1.0,900.5506213013231,6413.700422433396,Platinum
12981,1.0,104.0,133.0,185.04,0.7862280911030043,0.9999999997009956,916.8914919409385,2704.542020890214,High
12985,1.0,28.0,28.0,485.0,1.8525004473366904,0.9999999997730895,2395.7965183792658,16650.8145957693,Platinum
12987,1.0,124.0,197.0,254.4,0.5820320201639325,0.9999999996028077,1258.8599298452004,2748.8530381050045,High
12989,12.0,361.0,364.0,560.1341666666667,2.741565389628814,1.0,600.0753158181773,6172.080833401889,Platinum
12990,2.0,279.0,310.0,156.0,0.6494466966304484,1.0,260.1617026592652,633.8903091990028,Low
12991,1.0,89.0,112.0,200.2,0.8885108834943156,0.9999999997101054,991.6354584724929,3305.537083165136,High
12993,3.0,275.0,298.0,103.95333333333333,0.9309288520859982,1.0,141.99452382068634,495.9242214749223,Low
12994,2.0,264.0,268.0,310.90999999999997,0.7353786098688069,1.0,517.7384993702144,1428.3962059058806,Medium
12997,3.0,295.0,317.0,307.11333333333334,0.8826577264135572,1.0,418.67551139306465,1386.4273615445748,Medium
12999,2.0,49.0,245.0,67.8,0.7928255857961239,0.9999999999999998,113.50704208276443,337.61963620028405,Low
13000,2.0,258.0,364.0,166.54999999999998,0.5646180199519479,1.0,277.7037283858194,588.2523614442043,Low
13001,12.0,322.0,326.0,751.1141666666666,3.019064368475317,1.0,804.6451318690791,9113.894453071738,Platinum
13003,2.0,109.0,214.0,45.0,0.8861264668034075,1.0,75.59631349836287,251.31797960758743,Low
13004,16.0,346.0,357.0,331.18125,3.674561322205872,1.0,348.6081655831815,4805.850857815734,Platinum
13005,1.0,73.0,246.0,192.05,0.4854939237780095,0.9999999990762705,951.4531809505821,1732.9995714519262,Medium
13012,7.0,285.0,294.0,183.51,1.9900418704312253,1.0,207.24412488373545,1547.289846995387,Medium
13013,11.0,370.0,371.0,298.41818181818184,2.4818484589691208,1.0,321.82547036098714,2996.5595087778015,High
13014,9.0,271.0,281.0,327.8777777777778,2.613093463355905,1.0,359.85516290520036,3527.8484112549704,High
13015,3.0,196.0,249.0,893.8366666666667,1.0837840999904997,1.0,1217.7264628521332,4951.305839237704,Platinum
13016,1.0,50.0,123.0,364.64,0.8318268988624301,0.999999999454364,1802.3806996630467,5624.795303992967,Platinum
13018,19.0,279.0,295.0,365.60526315789474,5.119943531332113,1.0,381.6676208561412,7331.244824641603,Platinum
13021,7.0,354.0,358.0,351.29,1.6774363085212993,1.0,396.5868615727159,2495.8104324602477,High
13023,1.0,65.0,129.0,353.5,0.8038542561793729,0.9999999995393998,1747.456703148435,5270.00434937635,Platinum
13026,4.0,274.0,275.0,222.75,1.2743427941656333,1.0,278.48196093234475,1331.4061845908493,Medium
13027,5.0,241.0,354.0,1094.4,1.2478864887362346,1.0,1302.2022647586848,6096.502593400778,Platinum
13028,1.0,23.0,45.0,305.38,1.5189744542569104,0.9999999996537086,1510.208703841153,8606.26417780435,Platinum
13029,2.0,323.0,353.0,432.5,0.5800515290118979,1.0,719.9124243078192,1566.6553954051658,Medium
13030,1.0,357.0,368.0,371.74,0.34359885347854213,0.9999999997632241,1837.3861193447115,2368.532624906512,High
13032,1.0,35.0,87.0,513.88,1.0513337247081171,0.9999999995124622,2538.1847606900365,10011.313521726968,Platinum
13034,1.0,315.0,369.0,476.91,0.3427776775334233,0.9999999997171949,2355.910061305369,3029.6919493014802,High
13035,1.0,187.0,260.0,588.88,0.4635275024561141,0.9999999996515907,2907.9603207076207,5056.979784605124,Platinum
13037,2.0,118.0,256.0,315.325,0.7642714725883953,1.0,525.0795461553081,1505.5666446918665,Medium
13038,2.0,210.0,290.0,256.68,0.6877143918328621,1.0,427.5674988819647,1103.1638766460226,Low
13040,1.0,25.0,33.0,373.74,1.7401227366803007,0.999999999732996,1847.2468009451804,12059.575999480243,Platinum
13046,1.0,236.0,266.0,431.59000000000003,0.4547102460789994,0.9999999997339124,2132.4670162387433,3637.845888252907,High
13047,7.0,342.0,373.0,410.13,1.6178714938600451,1.0,462.9888560105488,2810.2295418873373,High
13048,3.0,313.0,327.0,452.76666666666665,0.8592091632944561,1.0,617.03891024065,1989.01787210382,Medium
13049,1.0,254.0,318.0,502.90000000000003,0.39035680025443353,0.9999999996921687,2484.0496187034623,3637.8873786743316,High
13050,16.0,352.0,366.0,344.303125,3.594953173377602,1.0,362.4180982661006,4887.990452963001,Platinum
13055,1.0,135.0,213.0,869.55,0.5465453663446286,0.9999999996019144,4291.759073109425,8800.123857502702,Platinum
13058,2.0,127.0,151.0,111.925,1.1646672619815877,1.0,186.8759411523573,816.5494579789105,Low
13064,3.0,315.0,327.0,305.3966666666667,0.8592091632944561,1.0,416.3376051680897,1342.059509967155,Medium
13066,1.0,8.0,32.0,318.99,1.761494140605268,0.9999999996041367,1577.310642132344,10423.790409753197,Platinum
13068,1.0,309.0,319.0,179.0,0.38929726584746044,0.9999999997629174,887.1122335075224,1295.6483787099676,Low
13069,19.0,369.0,369.0,215.98,4.214458249508867,1.0,225.4896712740428,3565.2964225933188,High
13077,2.0,365.0,366.0,207.77500000000003,0.561899739596091,1.0,346.2506488196771,729.9223482236038,Low
13078,24.0,363.0,366.0,504.73125,5.32812656410989,1.0,522.1122344924496,10436.758555096665,Platinum
13079,4.0,136.0,140.0,49.075,2.182555229355313,1.0,61.579744786396205,504.2319503551352,Low
13081,8.0,360.0,371.0,3246.325,1.8396380347947199,1.0,3605.741710884013,24885.950214441684,Platinum
13082,6.0,212.0,338.0,539.0316666666666,1.5317266285235245,1.0,621.8004130348185,3573.217914916925,High
13083,1.0,71.0,75.0,111.36,1.1527298489621935,0.9999999997609603,553.623981779664,2394.250945499143,High
13085,1.0,138.0,295.0,137.98,0.4164241874795941,0.9999999994015885,684.8696538819052,1069.9687765007004,Low
13089,65.0,367.0,369.0,893.7143076923077,14.108753044309617,1.0,904.8255824526361,47893.9588668786,Platinum
13090,12.0,364.0,372.0,729.185,2.68952142001993,1.0,781.1555225322398,7882.06022640443,Platinum
13092,4.0,289.0,359.0,73.095,1.0122497968467803,1.0,91.57825483001609,347.78215597613934,Low
13093,6.0,98.0,373.0,1172.1783333333333,1.4048148870893753,0.9999999999999982,1351.9574840168757,7125.401964809535,Platinum
13094,11.0,347.0,368.0,154.87636363636364,2.499685392482571,1.0,167.0683431783644,1566.7754289861193,Medium
13097,8.0,328.0,360.0,713.19,1.889063741056951,1.0,792.251458080558,5614.833642349567,Platinum
13098,25.0,316.0,317.0,1129.3455999999999,6.286249419709302,1.0,1166.58151819711,27512.74572186932,Platinum
13102,19.0,364.0,365.0,321.4352631578948,4.255136095812229,1.0,335.5632405700284,5356.918867877665,Platinum
13104,5.0,351.0,354.0,199.344,1.2478864887362346,1.0,237.37581668626055,1111.3191254559777,Low
13107,3.0,289.0,333.0,321.5933333333333,0.8457286569549393,1.0,438.39563691013507,1390.9915889462666,Medium
13109,1.0,98.0,157.0,416.69,0.6948163834949167,0.999999999612001,2059.00493831525,5367.285197391831,Platinum
13110,5.0,280.0,311.0,243.42400000000004,1.396764686585649,1.0,289.816725222746,1518.7067578322744,Medium
13113,22.0,366.0,366.0,539.6813636363636,4.894833216426831,1.0,560.0158837042712,10284.080740091802,Platinum
13115,3.0,173.0,184.0,472.07666666666665,1.3855794761256337,1.0,643.3369505538152,3344.2379582225617,High
13117,7.0,351.0,372.0,111.82714285714285,1.6217105621883203,1.0,126.34873601072434,768.7258421704004,Low
13118,3.0,269.0,288.0,335.62666666666667,0.9585182278710805,1.0,457.50745284633825,1645.2268303761443,Medium
13122,1.0,146.0,240.0,18.72,0.4955586530290623,0.9999999995757141,96.87721004594407,180.11252763908647,Low
13124,2.0,270.0,359.0,1305.005,0.5715301930095202,1.0,2170.671206918928,4654.365213471198,Platinum
13126,6.0,362.0,366.0,312.7,1.4284864349622375,1.0,360.7903256346048,1933.562605640314,Medium
13131,2.0,164.0,187.0,374.20000000000005,0.9873239807058732,1.0,622.9740262170029,2307.5804956204597,Medium
13133,1.0,31.0,304.0,57.449999999999996,0.40581984510950087,0.9999999975988574,287.8293092390245,438.22336590402585,Low
13134,3.0,155.0,240.0,431.1266666666667,1.1174858397976863,1.0,587.567672934752,2463.3558663530375,High
13136,3.0,156.0,212.0,677.7166666666667,1.2371754221791367,1.0,923.3954181871283,4285.941441737097,Platinum
13137,7.0,298.0,308.0,490.3542857142857,1.9120933606510253,1.0,553.5234000924509,3970.747881599995,High
13138,5.0,350.0,372.0,153.832,1.194586219055678,1.0,183.2312924278095,821.1913750317613,Low
13139,5.0,243.0,259.0,931.0880000000001,1.6322587186875772,1.0,1107.9139332044538,6784.568868557671,Platinum
13140,2.0,258.0,366.0,132.10500000000002,0.561899739596091,1.0,220.43026145206014,464.6835308673278,Low
13141,3.0,231.0,315.0,621.3933333333333,0.8875018655128168,1.0,846.6893958892599,2819.165871737665,High
13145,3.0,333.0,372.0,107.83999999999999,0.7674618759230332,1.0,147.2877250989792,424.08274209990486,Low
13147,3.0,89.0,99.0,198.0,2.1790838281864313,1.0,270.0754679594125,2207.9351272900285,Medium
13148,6.0,335.0,364.0,566.2866666666667,1.4353969678226972,1.0,653.2314100175334,3517.7609028160764,High
13149,3.0,275.0,289.0,433.10666666666674,0.9556859192687502,1.0,590.2642094350144,2116.356722459375,Medium
13155,3.0,335.0,368.0,197.35333333333332,0.7748161613444305,1.0,269.19478095427627,782.5147644501698,Low
13157,3.0,249.0,298.0,514.4666666666667,0.9309288520859982,1.0,701.0673456276147,2448.5189162711513,High
13158,3.0,224.0,318.0,314.8833333333334,0.8802554330065976,1.0,429.25737432591256,1417.6000278273518,Medium
13159,3.0,107.0,115.0,326.84666666666664,1.9670371424993918,1.0,445.55008392093225,3288.03418689651,High
13162,3.0,212.0,334.0,311.6766666666667,0.8435229239372128,1.0,424.890256290134,1344.6241142570657,Medium
13165,1.0,305.0,351.0,666.8399999999999,0.3581863803110151,0.9999999997243794,3292.3296894938985,4424.249603595594,Platinum
13167,3.0,125.0,143.0,182.80666666666664,1.6808080806389372,1.0,249.38386296244946,1572.583480628498,Medium
13168,3.0,282.0,318.0,229.00333333333333,0.8802554330065976,1.0,312.2985083448343,1031.349490070607,Low
13169,1.0,189.0,252.0,207.68,0.47582988368649515,0.9999999996702915,1028.5144076582467,1836.0703927270897,Medium
13171,2.0,278.0,299.0,164.03,0.6699502647694772,1.0,273.51359522649085,687.46202871121,Low
13173,1.0,363.0,367.0,187.71,0.34442397336144176,0.9999999997695723,930.0555018775647,1201.792454230077,Low
13174,2.0,353.0,369.0,700.53,0.5578710427347247,1.0,1165.5796428375183,2439.512271027133,High
13178,10.0,334.0,360.0,501.547,2.328706904001973,1.0,545.093358874078,4762.258390605443,Platinum
13183,8.0,327.0,334.0,416.59250000000003,2.017161596121045,1.0,462.82796692991946,3502.5756096000737,High
13184,8.0,276.0,290.0,186.09625,2.278649838615345,1.0,206.82149562746278,1768.0742553127704,Medium
13186,2.0,89.0,128.0,293.77500000000003,1.31564743265811,1.0,489.24725663803383,2414.8777816999786,High
13189,1.0,97.0,115.0,133.68,0.8722994441872489,0.9999999997270403,663.6691884408971,2171.923304799903,Medium
13192,1.0,110.0,205.0,447.62,0.563730777281261,0.9999999995220654,2211.5003792665016,4677.200617313557,Platinum
13196,2.0,251.0,262.0,642.8249999999999,0.749546710461345,1.0,1069.6305817426546,3007.874749448692,High
13198,5.0,351.0,361.0,603.338,1.2266030652434134,1.0,717.9976951637758,3304.108725345986,High
13199,32.0,363.0,366.0,292.13875,7.061299954842173,1.0,299.6321317368928,7937.802303502203,Platinum
13200,3.0,107.0,126.0,183.59,1.8436929120576369,1.0,250.45067454083613,1732.3595153059334,Medium
13203,3.0,233.0,242.0,234.58333333333334,1.1098166713531288,1.0,319.89783848193747,1331.955710213781,Medium
13207,1.0,135.0,150.0,52.74,0.7192053254055987,0.9999999997429758,264.6074040699202,713.9735460652659,Low
13208,5.0,251.0,309.0,211.09,1.4045586333347089,1.0,251.34974843919971,1324.4804812322752,Low
13209,5.0,331.0,361.0,1114.5520000000001,1.2266030652434134,1.0,1326.1766111476877,6102.849273413541,Platinum
13211,2.0,351.0,361.0,543.36,0.568745113884238,1.0,904.2450282932032,1929.438953702691,Medium
13212,1.0,42.0,61.0,496.61,1.298878979330701,0.9999999996934241,2453.0377750699877,11953.63961977211,Platinum
13213,3.0,143.0,199.0,368.4333333333334,1.3019169470438747,1.0,502.1864296739184,2452.8753968531623,High
13217,2.0,34.0,156.0,224.49,1.1363192300000033,1.0,374.043536025303,1594.5926000240413,Medium
13220,3.0,158.0,236.0,245.29666666666665,1.1331466105410632,1.0,334.4881891752764,1421.982086899571,Medium
13221,1.0,119.0,359.0,349.25,0.3511703907639619,0.9999999990690311,1726.5027547474385,2274.638578115319,Medium
13223,1.0,32.0,232.0,62.4,0.5096458803617845,0.9999999983624304,312.23449620018505,597.0031670750708,Low
13224,1.0,91.0,151.0,943.69,0.7156168872961196,0.999999999599978,4657.294540038808,12503.785632274732,Platinum
13225,6.0,358.0,361.0,876.1866666666668,1.4458890490298044,1.0,1010.6141274984851,5482.107752888494,Platinum
13230,12.0,361.0,365.0,226.12666666666667,2.734950009374276,1.0,242.30040308060455,2486.169665466804,High
13232,6.0,231.0,243.0,206.69500000000002,2.0293415746999184,1.0,238.54329444206442,1816.1411538942318,Medium
13233,1.0,262.0,336.0,300.88,0.3721263797877532,0.9999999996812845,1488.022170240098,2077.4333242367297,Medium
13236,1.0,82.0,106.0,305.62,0.9228112577712297,0.9999999997035578,1511.3919856332093,5232.596339596187,Platinum
13238,3.0,343.0,360.0,203.19333333333336,0.7899558336944019,1.0,277.148201742929,821.3761906473361,Low
13240,3.0,269.0,365.0,146.52666666666667,0.7804250410969196,1.0,199.97459820006574,585.5085790144253,Low
13242,1.0,101.0,213.0,166.4,0.5465453662611497,0.9999999994491753,824.9899394245684,1691.6172421023177,Medium
13246,5.0,312.0,330.0,330.246,1.326820237627778,1.0,393.1067560973996,1956.8152711926223,Medium
13247,3.0,65.0,82.0,65.35000000000001,2.4609556438850446,1.0,89.42114131304518,825.6029360687809,Low
13248,1.0,65.0,189.0,78.21000000000001,0.6015614159096869,0.9999999992689335,390.1831842518918,880.5940680199534,Low
13249,2.0,169.0,261.0,209.785,0.7519613087196796,1.0,349.5927788396177,986.2458355956152,Low
13253,1.0,183.0,339.0,553.9200000000001,0.3692522469072594,0.9999999994856326,2735.5956063314247,3789.6777183402683,High
13255,1.0,364.0,373.0,173.81,0.3395318531562896,0.9999999997651667,861.5237647543057,1097.4254300911168,Low
13258,2.0,194.0,205.0,236.98000000000002,0.9174724528969797,1.0,394.81129918403883,1358.9699101214724,Medium
13261,1.0,17.0,285.0,99.0,0.42887620835104945,0.9999999970177615,492.6849694887661,792.7358559378323,Low
13263,32.0,324.0,325.0,228.5128125,7.834525259047837,1.0,234.3806696659013,6889.087643718735,Platinum
13265,4.0,220.0,273.0,450.055,1.2822475838255567,1.0,562.3625323505387,2705.3004288407533,High
13266,11.0,245.0,256.0,321.0945454545454,3.416331523560175,1.0,346.27359938542935,4438.19749244541,Platinum
13267,13.0,364.0,366.0,322.54153846153844,2.9450131518529985,1.0,343.68836220724063,3797.3383839197904,High
13268,9.0,250.0,267.0,284.56888888888886,2.7287086824049656,1.0,312.33739127874884,3197.4840403941007,High
13269,12.0,368.0,369.0,416.23333333333335,2.7088046937783377,1.0,445.93474086492824,4531.85739180181,Platinum
13272,1.0,58.0,89.0,135.6,1.0361435596876116,0.9999999996601168,673.1354427773471,2616.674030136907,High
13276,1.0,36.0,99.0,453.55,0.9663333602474702,0.9999999994527236,2240.737300211892,8123.53676756212,Platinum
13277,3.0,118.0,133.0,60.833333333333336,1.7729460542729671,1.0,83.2699511483052,553.8741102495114,Low
13280,2.0,215.0,337.0,253.755,0.6040687994756181,1.0,422.7039514648868,957.9656713888237,Low
13282,2.0,202.0,220.0,393.72,0.866392591745061,1.0,655.4309306892625,2130.437984193444,Medium
13283,1.0,126.0,185.0,68.16,0.6118259643835087,0.9999999996398252,340.6332592095355,781.8837503475322,Low
13285,3.0,267.0,290.0,680.7433333333333,0.9528702996299431,1.0,927.5173965410646,3315.7600034131906,High
13292,1.0,246.0,284.0,329.37,0.4301624923297692,0.9999999997248299,1628.4875796387776,2628.1141491662265,High
13294,1.0,60.0,249.0,390.09000000000003,0.48061332793959904,0.9999999988773776,1927.857873029014,3476.1463903404956,High
13297,2.0,60.0,67.0,387.235,2.0049831222408314,1.0,644.6479888090062,4849.093823994263,Platinum
13301,3.0,189.0,292.0,148.06,0.9472885406755296,1.0,202.06282511946085,718.1182080232763,Low
13305,9.0,368.0,372.0,207.18444444444444,2.0488349053209616,1.0,227.432503324112,1748.1823457076716,Medium
13308,2.0,181.0,203.0,285.28,0.924741779706224,1.0,475.12218473783673,1648.3636270420666,Medium
13309,4.0,301.0,308.0,266.52,1.156685793124634,1.0,333.14619010009005,1445.6976880027546,Medium
13310,2.0,296.0,324.0,360.925,0.6250982901045046,1.0,600.9010033241112,1409.2189486110835,Medium
13311,1.0,146.0,150.0,108.46000000000001,0.7192053254219012,0.9999999997656432,539.325993458984,1455.2294687191052,Medium
13313,4.0,317.0,339.0,312.005,1.0643708057169483,1.0,389.95227791582903,1557.1543008089268,Medium
13314,2.0,72.0,73.0,138.16,1.9067180592405077,1.0,230.49822029322465,1648.8505388144622,Medium
13316,3.0,217.0,254.0,1451.75,1.0659248031600772,1.0,1977.5414463452623,7908.231908363278,Platinum
13317,3.0,292.0,358.0,678.5433333333334,0.7938336507730469,1.0,924.5212448741065,2753.427427854013,High
13318,2.0,36.0,37.0,168.9,2.7009729583605964,1.0,281.6111938320187,2853.6281721881687,High
13319,16.0,360.0,365.0,630.391875,3.6036277730530926,1.0,663.5081771489168,8970.433663715667,Platinum
13320,2.0,135.0,213.0,520.045,0.8895031778431062,1.0,865.4779828131451,2888.223266808196,High
13321,1.0,14.0,86.0,308.32,1.0590970594924727,0.9999999992399069,1524.7039057938423,6058.268387762442,Platinum
13323,4.0,81.0,84.0,166.8875,3.0986127317917656,1.0,208.71544272619502,2426.3258125528564,High
13324,5.0,324.0,360.0,1294.3700000000001,1.229598996639422,1.0,1540.1017311842968,7104.608370980389,Platinum
13327,6.0,327.0,365.0,480.46166666666664,1.4319333638560408,1.0,554.2563479723489,2977.561347380441,High
13329,1.0,335.0,366.0,484.79999999999995,0.3452530656659068,0.9999999997432387,2394.8104502192186,3101.9580642802225,High
13330,2.0,223.0,315.0,402.55499999999995,0.6405360791796245,1.0,670.1213380157179,1610.3648337519946,Medium
13334,2.0,223.0,305.0,938.19,0.6586087260593061,1.0,1560.7491057922937,3856.450926549084,High
13340,4.0,231.0,276.0,1764.6125000000002,1.270426835562893,1.0,2204.1096750094002,10505.33954489476,Platinum
13344,1.0,210.0,277.0,887.57,0.43938714229373327,0.9999999996727695,4380.60381432965,7221.1863929385,Platinum
13350,1.0,63.0,79.0,332.55,1.1168256787136572,0.9999999997194915,1644.1660633835231,6889.033630325223,Platinum
13362,3.0,278.0,287.0,759.3466666666667,0.961367374258208,1.0,1034.5662639024918,3731.4267960920834,High
13363,1.0,26.0,43.0,388.68,1.5518445256735722,0.9999999996862863,1920.9060925006831,11183.598742398515,Platinum
13365,1.0,184.0,217.0,1524.77,0.5383396863838557,0.9999999997198614,7522.2169722390445,15192.50847792224,Platinum
13368,1.0,81.0,337.0,588.0,0.3711633766343543,0.9999999987189077,2903.6216208034143,4043.2665478706926,High
13373,2.0,216.0,276.0,1162.275,0.7173005090201467,1.0,1933.3467204780668,5202.81183097847,Platinum
13376,2.0,135.0,234.0,321.88,0.8235961408770366,1.0,535.9788806233234,1656.110132880058,Medium
13379,2.0,110.0,136.0,218.135,1.258884342898931,1.0,363.4767518080279,1716.6814114387885,Medium
13381,5.0,267.0,298.0,644.64,1.4490293427093692,1.0,767.1336843737105,4170.378440995845,High
13384,5.0,148.0,178.0,595.866,2.213611467678572,1.0,709.1084377094968,5888.996323195464,Platinum
13389,2.0,221.0,232.0,270.03499999999997,0.8294492253228616,1.0,449.7735418751525,1399.6225926038046,Medium
13394,7.0,308.0,309.0,315.18,1.906758620313135,1.0,355.8360794661532,2545.4990140490545,High
13396,1.0,290.0,319.0,973.72,0.3892972658390913,0.9999999997414193,4805.352674269849,7018.331126825445,Platinum
13397,4.0,267.0,339.0,311.0525,1.0643708057169483,1.0,388.76270336060225,1552.4041012596272,Medium
13402,1.0,245.0,372.0,312.95,0.3403375326536266,0.9999999995981577,1547.5313836989278,1975.9527044647002,Medium
13404,1.0,211.0,212.0,34.68,0.5486360220966268,0.9999999997716995,175.56544921768597,361.36875962413785,Low
13405,2.0,243.0,317.0,206.20049999999998,0.6370399221728461,1.0,343.6326469707235,821.2744294308366,Low
13408,40.0,372.0,373.0,677.309,8.648739517291954,1.0,691.105518108987,22424.584863042233,Platinum
13410,4.0,267.0,291.0,188.20499999999998,1.214448228288752,1.0,235.33880816561495,1072.259220321769,Low
13414,2.0,163.0,296.0,500.25,0.6757687861035147,1.0,832.5638217461176,2110.779642372413,Medium
13416,1.0,38.0,81.0,437.5,1.0996994642949578,0.9999999995707483,2161.6053303681288,8918.209087534873,Platinum
13417,1.0,201.0,205.0,404.83,0.5637307774194996,0.9999999997672864,2000.5310964244695,4231.012288837789,High
13418,12.0,361.0,372.0,458.68250000000006,2.68952142001993,1.0,491.4045189386223,4958.39804248668,Platinum
13420,1.0,21.0,170.0,104.05,0.6536510760541298,0.9999999986119175,517.5831905299501,1269.268136985128,Low
13421,1.0,250.0,290.0,1026.04,0.42255848391868917,0.9999999997228997,5063.308104938114,8026.910395599686,Platinum
13425,2.0,186.0,294.0,611.32,0.6797042760835954,1.0,1017.2456034947791,2594.0184321694433,High
13426,9.0,359.0,359.0,367.1488888888889,2.1140488064399285,1.0,402.94275386331265,3195.8441622738746,High
13427,2.0,196.0,215.0,184.05,0.8827752959905343,1.0,306.8018753256013,1016.0975755543396,Low
13429,3.0,65.0,75.0,225.4,2.5994083146666576,1.0,307.3911750842558,2997.7342713581475,High
13430,1.0,68.0,86.0,343.14,1.0590970599958387,0.9999999997151854,1696.378372458006,6740.400830205728,Platinum
13431,1.0,21.0,88.0,415.42,1.0436833740078701,0.9999999993415014,2052.743405498952,8037.679129874296,Platinum
13434,1.0,22.0,96.0,461.4000000000001,0.9862683161181547,0.9999999992953761,2279.4404754937327,8434.329654906458,Platinum
13435,6.0,184.0,189.0,561.0283333333333,2.488963627806829,1.0,647.1673975745281,6043.1366505808655,Platinum
13437,6.0,176.0,190.0,327.86,2.4785679508475535,1.0,378.2731329821725,3517.495578810868,High
13447,2.0,12.0,35.0,452.71500000000003,2.7649596589148016,1.0,753.5249409014015,7816.523986317493,Platinum
13448,4.0,357.0,373.0,773.8525000000001,0.9787016735480369,1.0,966.7523140261844,3549.709274669074,High
13450,5.0,192.0,218.0,360.62399999999997,1.8825087734273922,1.0,429.24672704842845,3031.5953717691127,High
13451,4.0,308.0,334.0,643.665,1.0782506583739804,1.0,804.1615135972183,3253.046343769239,High
13452,1.0,11.0,270.0,295.0,0.4490160984988366,0.9999999967766662,1459.0317663347194,2457.8416170168134,High
13453,1.0,124.0,289.0,171.98,0.42380709436682557,0.9999999993414816,852.5012410898765,1355.4717676508778,Medium
13455,1.0,342.0,366.0,365.4,0.3452530656684198,0.9999999997505173,1806.127758671225,2339.447184915407,Medium
13456,5.0,190.0,207.0,311.812,1.9632644025159907,1.0,371.17627270444206,2733.9227095800816,High
13458,13.0,352.0,359.0,650.8238461538463,2.995488014114445,1.0,693.4163754098644,7792.717162979348,Platinum
13460,1.0,20.0,49.0,75.98,1.45724192210601,0.9999999996042355,379.18852426736896,2073.070521138946,Medium
13461,2.0,125.0,163.0,434.29999999999995,1.0988739602146624,1.0,722.9053765644824,2980.2765868565607,High
13467,1.0,26.0,36.0,301.25,1.6790107250773958,0.9999999997232911,1489.8463963361846,9384.739005737065,Platinum
13468,35.0,372.0,373.0,152.712,7.583456483438703,1.0,156.29846588438426,4446.815884583236,Platinum
13470,1.0,16.0,115.0,49.5,0.8722994435656666,0.9999999990144612,248.6330998771606,813.6765017698821,Low
13471,3.0,46.0,47.0,529.97,3.354243486659794,1.0,722.1811356321946,9087.992481070101,Platinum
13473,1.0,272.0,332.0,181.38,0.3760288862533615,0.9999999997019369,898.8464446120805,1268.0429019087105,Low
13475,3.0,107.0,298.0,371.5533333333333,0.9309288520859982,1.0,506.43551749251355,1768.7558152375389,Medium
13476,1.0,103.0,281.0,510.87,0.43406805461342896,0.9999999992213482,2523.344434881331,4109.240828384195,High
13477,5.0,254.0,291.0,253.836,1.4788252346954516,1.0,302.203629480502,1676.6552098991804,Medium
13479,1.0,34.0,234.0,156.6,0.5060495175398227,0.9999999984066681,776.6725995822707,1474.5456865593214,Medium
13481,3.0,211.0,256.0,379.76000000000005,1.0589448115852598,1.0,517.6120711350153,2056.3875069686715,Medium
13486,2.0,77.0,155.0,460.125,1.1418778976501223,1.0,765.845927691332,3280.8646047013553,High
13487,2.0,296.0,353.0,191.125,0.5800515290118979,1.0,318.5658404455417,693.2550069623356,Low
13488,11.0,350.0,367.0,689.6718181818183,2.5056881485802105,1.0,743.6488074925799,6990.723720446878,Platinum
13489,3.0,189.0,294.0,124.08,0.9417717949531214,1.0,169.40477194961625,598.5474066888987,Low
13491,9.0,321.0,372.0,124.10222222222222,2.0488349053209616,1.0,136.2761111132166,1047.4997553463809,Low
13492,2.0,78.0,214.0,477.27,0.8861264668034075,1.0,794.3537979360497,2640.8085573541243,High
13493,1.0,12.0,287.0,439.28,0.42632658299903714,0.9999999965893878,2170.381336992546,3471.408269296472,High
13495,4.0,361.0,368.0,383.48,0.9904248152366971,1.0,479.21720320174626,1780.6605919998406,Medium
13496,1.0,349.0,359.0,152.32,0.35117039100799546,0.9999999997639462,755.5707409572672,995.4518475832406,Low
13497,1.0,86.0,368.0,194.55,0.34359885309108157,0.9999999986355703,963.7790329511683,1242.3856129846395,Low
13499,4.0,252.0,269.0,250.22,1.298355060883007,1.0,312.7891662153688,1523.605078494059,Medium
13500,2.0,99.0,122.0,420.185,1.3616966032702853,1.0,699.4356426184812,3573.183731323511,High
13502,2.0,307.0,323.0,88.7,0.6267767535097661,1.0,148.2585432851325,348.6260564067556,Low
13505,3.0,160.0,232.0,1127.98,1.1492525694493583,1.0,1536.6032530675063,6625.283484750343,Platinum
13506,1.0,53.0,369.0,157.4,0.3427776768976762,0.9999999978625025,780.6168722224583,1003.8705159926448,Low
13507,3.0,142.0,145.0,412.26,1.6635178574960157,1.0,561.8734025787162,3506.656094193083,High
13509,6.0,276.0,284.0,128.4,1.7797996491320216,1.0,148.2519750965623,989.9171284343009,Low
13510,3.0,182.0,183.0,402.08,1.3915409333995048,1.0,548.0093916834278,2860.9562822351413,High
13515,3.0,175.0,247.0,229.24,1.091096516967527,1.0,312.6208216302192,1279.700393917344,Low
13516,2.0,217.0,238.0,621.705,0.8121343401325715,1.0,1034.5132752644724,3152.036055351423,High
13517,2.0,120.0,179.0,513.28,1.0219027824519262,1.0,854.2294705818523,3275.000465492456,High
13520,5.0,313.0,371.0,664.1899999999999,1.1974276106203185,1.0,790.391845941049,3550.7406595616617,High
13521,2.0,9.0,10.0,402.885,3.9282138120436123,1.0,670.6700459294397,9883.966444313719,Platinum
13523,3.0,333.0,366.0,1132.6433333333332,0.7785464134376276,1.0,1542.9541866767102,4506.763554892633,Platinum
13524,4.0,179.0,219.0,130.245,1.5402038053379041,1.0,162.95272814362463,941.6013270427528,Low
13525,1.0,234.0,248.0,345.9,0.48222925386749543,0.9999999997549673,1709.986113066653,3093.665615083091,High
13527,5.0,293.0,326.0,435.412,1.3409570424599613,1.0,518.2201995444963,2607.0924787355107,High
13529,1.0,126.0,204.0,126.66000000000001,0.5659552434986425,0.9999999995921967,629.0581960232512,1335.6730005404534,Medium
13531,1.0,161.0,366.0,178.35,0.3452530655229516,0.9999999993291795,883.9075119873701,1144.9106686087907,Low
13533,1.0,85.0,267.0,124.15,0.45327321271079846,0.9999999991121193,616.6830406146627,1048.6952315340923,Low
13534,17.0,356.0,358.0,328.64,3.886442952891934,1.0,344.8663389060209,5028.406023568991,Platinum
13536,6.0,74.0,75.0,498.8533333333333,4.769426012810026,1.0,575.4659762793419,10297.054270824887,Platinum
13538,6.0,272.0,315.0,185.67500000000004,1.6283992245123957,1.0,214.3026209298037,1309.2289605149226,Low
13539,2.0,224.0,309.0,233.62,0.651258652867065,1.0,389.22445497160066,951.0007507452315,Low
13544,1.0,201.0,240.0,168.5,0.4955586530977016,0.9999999997142228,835.3436551050607,1553.057288889012,Medium
13546,2.0,188.0,200.0,219.41500000000002,0.9358643542621791,1.0,365.6050734127663,1283.6669320768528,Low
13548,1.0,147.0,243.0,401.4,0.49047466092815495,0.999999999572178,1983.6200274796652,3650.0792521048343,High
13549,6.0,217.0,242.0,122.45,2.0363051360327145,1.0,141.39031917848658,1080.164165849567,Low
13552,7.0,249.0,315.0,489.4814285714286,1.875365010845587,1.0,552.5383651647653,3887.5454675816527,High
13555,1.0,128.0,201.0,2559.23,0.5727352360821134,0.9999999996070268,12622.45731644958,27122.208337003507,Platinum
13557,1.0,252.0,280.0,343.38,0.43538571669786286,0.9999999997385838,1697.5616542500622,2772.8537757567938,High
13558,3.0,63.0,68.0,134.35666666666665,2.75436829869484,1.0,183.40043193330138,1895.1762246784765,Medium
13562,2.0,164.0,245.0,598.03,0.7928255857961242,1.0,995.1476393330818,2960.0047520595563,High
13563,1.0,56.0,140.0,466.65,0.7571735508519869,0.9999999994226658,2305.324764694963,6548.69531300132,Platinum
13564,2.0,224.0,368.0,604.51,0.5592075074521643,1.0,1005.9222674570696,2110.3993734485166,Medium
13565,1.0,315.0,334.0,130.04,0.37406745497163846,0.9999999997539466,645.7227479280435,906.1983043617882,Low
13566,1.0,42.0,82.0,289.53,1.0913318277864945,0.9999999995953917,1432.0628021574369,5863.354052173296,Platinum
13569,1.0,350.0,367.0,255.43,0.3444239733572857,0.9999999997575058,1263.938180869442,1633.2265819592146,Medium
13571,11.0,241.0,253.0,177.00454545454545,3.4502211295778586,1.0,190.92545946219818,2471.3713572980114,High
13573,1.0,203.0,253.0,262.63,0.47425649157990235,0.9999999996973565,1299.4366346311301,2312.0414978367207,Medium
13575,4.0,153.0,176.0,160.88,1.8340015934995253,1.0,201.21269297236296,1384.4660688232873,Medium
13576,17.0,363.0,373.0,374.5994117647059,3.7484375615667282,1.0,393.08694022243856,5527.975765002645,Platinum
13577,3.0,216.0,241.0,443.6166666666666,1.1136380521276645,1.0,604.5776430803464,2525.942029580924,High
13579,1.0,355.0,369.0,302.34000000000003,0.342777677548248,0.9999999997604436,1495.2204678084404,1922.8481971149267,Medium
13588,8.0,240.0,255.0,295.70625,2.540629905429455,1.0,328.5626055998041,3131.7477480934513,High
13589,1.0,165.0,179.0,232.65,0.6278968356698339,0.9999999997490261,1151.6250174401011,2712.8552344766886,High
13590,5.0,292.0,303.0,334.572,1.428471241293936,1.0,398.25329353680155,2134.3130091413736,Medium
13591,2.0,202.0,266.0,327.465,0.7400414196845696,1.0,545.2653463752481,1513.8789811274817,Medium
13592,3.0,229.0,264.0,57.080000000000005,1.0319156532643246,1.0,78.15833481952497,302.58453841664374,Low
13593,4.0,228.0,336.0,369.3075,1.0726555029066833,1.0,461.51720804799095,1857.2715143816806,Medium
13596,1.0,7.0,12.0,285.44,2.3350563640300117,0.999999999740212,1411.8977082844779,12368.807641728796,Platinum
13599,14.0,365.0,366.0,342.9164285714286,3.161659825694531,1.0,363.6917798906898,4313.95747959523,Platinum
13601,1.0,166.0,211.0,320.12,0.5507427335606493,0.9999999996929927,1582.8819272366088,3270.5781454753806,High
13606,2.0,282.0,311.0,105.26,0.6476447950046427,1.0,175.7937040464347,427.137233622234,Low
13610,6.0,273.0,285.0,148.785,1.7744776469851842,1.0,171.76035423773428,1143.4592553892319,Low
13611,2.0,270.0,359.0,434.32500000000005,0.5715301930095202,1.0,722.946945345825,1550.1468406995575,Medium
13614,3.0,306.0,330.0,468.2366666666667,0.8524156166705285,1.0,638.1073040078518,2040.667967599851,Medium
13617,2.0,140.0,180.0,206.535,1.0174485515663525,1.0,344.18883726508676,1313.821828261776,Low
13623,4.0,267.0,297.0,147.945,1.1934141443627466,1.0,185.05820806752436,828.5653498993399,Low
13627,4.0,298.0,357.0,331.82000000000005,1.017231059843503,1.0,414.69917535605924,1582.6322749725218,Medium
13629,10.0,315.0,338.0,713.236,2.4609436548312473,1.0,775.1194465995941,7156.448284104231,Platinum
13630,6.0,280.0,285.0,288.7733333333333,1.7744776469851842,1.0,333.1976274945782,2218.1947209136997,Medium
13631,6.0,168.0,267.0,498.40333333333336,1.8754203814205685,1.0,574.9470275124288,4045.3276091270845,High
13632,4.0,219.0,243.0,464.9225,1.413794809275149,1.0,580.9305110380291,3081.3270999432816,High
13634,4.0,294.0,327.0,303.28999999999996,1.0983019189080916,1.0,379.06813907194277,1561.9468790091305,Medium
13636,4.0,249.0,285.0,198.655,1.2362370720431355,1.0,248.38978360091173,1152.0271815068338,Low
13637,2.0,174.0,226.0,193.95,0.8475185088794452,1.0,323.26311273724934,1027.8567116041672,Low
13643,2.0,154.0,185.0,215.77,0.9957474220763195,1.0,359.54434509302314,1343.1635181304714,Medium
13644,3.0,89.0,105.0,591.0566666666667,2.094416988783147,1.0,805.3742802514013,6328.315782275129,Platinum
13647,3.0,225.0,234.0,417.82666666666665,1.1411427634079458,1.0,569.4545742208682,2437.9584540136057,High
13649,1.0,110.0,366.0,148.8,0.3452530653941063,0.9999999989559885,738.215941340442,956.1988049654818,Low
13650,4.0,251.0,267.0,366.055,1.3065615140976423,1.0,457.455169999828,2242.3615389610327,Medium
13651,1.0,4.0,39.0,15.0,1.6220455107125598,0.9999999994934781,78.5363422690719,477.92631090905087,Low
13652,2.0,323.0,368.0,393.14,0.5592075074521643,1.0,654.4665349621154,1373.0541712916356,Medium
13654,4.0,230.0,273.0,598.6,1.2822475838255567,1.0,747.8799625932329,3597.7503249873857,High
13655,1.0,127.0,241.0,549.32,0.49385231863987955,0.9999999994978479,2712.916038650346,5026.44210045894,Platinum
13656,1.0,173.0,337.0,216.95,0.37116337690675205,0.9999999994528104,1074.21866687642,1495.83966896675,Medium
13657,1.0,191.0,201.0,229.8,0.5727352361685034,0.9999999997578644,1137.573546159433,2444.334407219235,High
13658,2.0,195.0,204.0,852.935,0.9210927740195473,1.0,1418.9912476579448,4903.54681647757,Platinum
13659,1.0,115.0,320.0,527.8,0.3882434673441391,0.9999999991756519,2606.8151046293,3797.008940701001,High
13662,2.0,174.0,259.0,335.03,0.7568374783608437,1.0,557.8440596095024,1583.954407909477,Medium
13666,1.0,227.0,287.0,20.6,0.4263265843207744,0.9999999996896807,106.14625075038485,169.7752222025096,Low
13668,20.0,360.0,362.0,309.29650000000004,4.504916543637643,1.0,322.18483240728705,5445.265689459737,Platinum
13669,1.0,99.0,149.0,170.39999999999998,0.7228299329246163,0.999999999639591,844.711302625506,2290.718208993438,Medium
13672,1.0,31.0,332.0,124.26,0.3760288853458947,0.9999999972886466,617.2253781026884,870.7474590167716,Low
13673,1.0,14.0,32.0,183.32,1.7614941407074045,0.9999999996621196,908.4113057645353,6003.3127303875035,Platinum
13675,1.0,133.0,284.0,178.38000000000002,0.4301624921929362,0.9999999994067337,884.0554222113773,1426.7216969116475,Medium
13680,3.0,338.0,339.0,950.3133333333334,0.8326646195103619,1.0,1294.641307841941,4044.3320538647063,High
13681,3.0,138.0,155.0,208.12333333333333,1.5821415799876364,1.0,283.8623052511581,1684.923950792054,Medium
13685,5.0,58.0,60.0,357.056,4.600735531661236,1.0,425.0019638529162,7335.765500051785,Platinum
13692,2.0,212.0,236.0,315.845,0.8178250832546237,1.0,525.944176807233,1613.7167674915474,Medium
13694,34.0,370.0,373.0,1888.1617647058824,7.3703998766680385,1.0,1933.5230592255118,53464.76235724855,Platinum
13695,13.0,228.0,259.0,186.23000000000002,3.966715359558863,1.0,198.4719968847792,2953.6396620080586,High
13700,7.0,301.0,327.0,301.3014285714286,1.81558018574899,1.0,340.1738628991058,2317.0937738770394,Medium
13704,8.0,83.0,88.0,277.4375,5.628070534996568,1.0,308.2719578230756,6509.097641803049,Platinum
13705,2.0,366.0,373.0,196.86,0.5525884600066941,1.0,328.1017188855217,680.2014458552989,Low
13707,1.0,48.0,315.0,223.0,0.3935702921154043,0.9999999981425733,1104.0472287178386,1630.1861352654246,Medium
13709,7.0,312.0,315.0,836.1928571428572,1.875365010845587,1.0,943.8084255239277,6640.440552606345,Platinum
13715,3.0,91.0,372.0,268.8966666666667,0.7674618759230329,0.9999999999999998,366.6287252390101,1055.6271069260308,Low
13717,5.0,266.0,298.0,229.392,1.4490293427093692,1.0,273.1231946287359,1484.7830382334162,Medium
13718,1.0,49.0,295.0,192.5,0.41642418703325973,0.9999999983297623,953.6718343106876,1489.9172110534869,Medium
13719,4.0,219.0,234.0,227.195,1.4586893859388526,1.0,284.0333088567365,1554.3876251082334,Medium
13720,3.0,138.0,254.0,177.9,1.0659248031600772,1.0,242.7015368203851,970.568804633121,Low
13722,1.0,151.0,282.0,911.94,0.43275834441495936,0.9999999994942248,4500.756219631364,7307.320820750055,Platinum
13725,7.0,259.0,308.0,147.55857142857144,1.9120933606510253,1.0,166.6722934759831,1195.6380816612898,Low
13726,1.0,62.0,100.0,786.98,0.9598662590137027,0.9999999996377988,3884.6608332340666,13989.14161539712,Platinum
13727,1.0,5.0,33.0,110.4,1.7401227363798344,0.9999999995603264,548.890854611439,3583.382021328388,High
13728,5.0,274.0,310.0,171.512,1.400650817654776,1.0,204.26476028001144,1073.3727409611715,Low
13730,1.0,26.0,161.0,445.85,0.6816083866156867,0.9999999988359916,2202.7736760500866,5632.899948126517,Platinum
13731,1.0,27.0,246.0,302.47,0.4854939232762067,0.9999999980426781,1495.8614121124708,2724.5977367725254,High
13735,3.0,210.0,234.0,650.03,1.1411427634079458,1.0,885.6893034208327,3791.827869428522,High
13736,1.0,255.0,260.0,374.37,0.4635275025096658,0.9999999997671214,1850.352915649328,3217.787128411667,High
13741,2.0,146.0,217.0,252.735,0.8761484246836968,1.0,421.007945186111,1383.8697313384516,Medium
13742,10.0,304.0,320.0,266.184,2.5808522473629547,1.0,289.3425636729072,2801.577889885229,High
13743,6.0,257.0,259.0,199.98000000000002,1.9240657987964882,1.0,230.79942562023612,1666.026394670173,Medium
13744,1.0,197.0,292.0,263.2,0.4200832051277618,0.999999999618469,1302.2469288872637,2052.37111986311,Medium
13748,3.0,278.0,373.0,248.08333333333334,0.7656450667773651,1.0,338.28331462009015,971.706929885263,Low
13750,4.0,283.0,336.0,330.455,1.0726555029066833,1.0,412.9944307178601,1662.002582774333,Medium
13752,5.0,122.0,246.0,181.73600000000002,1.7040857837839585,1.0,216.42800549047033,1383.6687884934927,Medium
13754,1.0,166.0,317.0,126.6,0.3914221177250582,0.9999999994709603,628.762375575237,923.3346687651253,Low
13755,7.0,60.0,63.0,237.9557142857143,6.079061761554709,1.0,268.6870891455274,6127.884741949125,Platinum
13756,11.0,365.0,367.0,423.33818181818185,2.5056881485802105,1.0,456.5058065342819,4291.415434418996,Platinum
13758,6.0,362.0,373.0,471.34999999999997,1.4048148870893777,1.0,543.7485964585898,2865.790798433205,High
13759,1.0,38.0,71.0,99.0,1.1910192235261607,0.9999999996219915,492.6849694887661,2201.482910955958,Medium
13760,1.0,202.0,256.0,151.70000000000002,0.46959813344623874,0.999999999690607,752.513929661122,1325.7698539199807,Low
13761,1.0,129.0,179.0,578.94,0.6278968356162066,0.9999999996636182,2858.9527331532904,6734.765890927104,Platinum
13764,2.0,267.0,337.0,510.935,0.6040687994756181,1.0,850.3303188919216,1927.0869174906172,Medium
13767,30.0,371.0,373.0,557.0826666666667,6.518173449585357,1.0,572.3216425242701,13995.657830257871,Platinum
13769,8.0,365.0,367.0,309.27625,1.8573088960383897,1.0,343.63446822478966,2394.462788269474,High
13771,2.0,183.0,247.0,881.425,0.7874762996482189,1.0,1466.3630308759095,4332.177364381596,Platinum
13772,2.0,206.0,239.0,451.855,0.8093185643950797,1.0,752.094974823218,2283.5967879325594,Medium
13777,23.0,373.0,373.0,843.1304347826087,5.026777202190745,1.0,873.4441922960965,16472.216142099103,Platinum
13780,1.0,163.0,170.0,243.73000000000002,0.6536510768052664,0.9999999997610574,1206.253193506699,2958.0920969368594,High
13782,5.0,315.0,327.0,144.012,1.337394674521725,1.0,171.54867623388287,860.7443779079629,Low
13784,10.0,323.0,332.0,234.91500000000002,2.499655698751024,1.0,255.36495625311136,2394.797114118285,High
13787,1.0,289.0,364.0,202.64,0.3469232828759595,0.9999999996878268,1003.665490025065,1306.3202919939617,Low
13791,1.0,41.0,168.0,579.0,0.6596637910380503,0.9999999990815251,2859.248553601304,7076.227556375147,Platinum
13792,1.0,221.0,287.0,120.95,0.42632658431606585,0.9999999996786362,600.9059500539124,961.1167655087099,Low
13798,52.0,371.0,372.0,706.6509615384615,11.232008282672723,1.0,717.6709227160239,30241.964533556496,Platinum
13799,1.0,178.0,294.0,347.15999999999997,0.41763675703129916,0.9999999995623721,1716.1983424749483,2689.016251977504,High
13802,2.0,173.0,311.0,1814.8400000000001,0.6476447950046427,1.0,3018.399992349997,7333.999984192824,Platinum
13804,5.0,259.0,289.0,382.432,1.4875647438915893,1.0,455.19117653490025,2540.36982764519,High
13805,1.0,77.0,129.0,424.36,0.803854256233781,0.9999999996070839,2096.820652253048,6323.621030537772,Platinum
13808,4.0,91.0,96.0,293.55,2.8429216376391007,1.0,366.90388062794375,3913.3115813474365,High
13810,1.0,28.0,56.0,246.01,1.3604822164657213,0.9999999996288886,1217.4943705312335,6214.226306642721,Platinum
13811,2.0,56.0,239.0,277.875,0.8093185643950797,1.0,462.8095117041748,1405.235176050352,Medium
13812,2.0,63.0,105.0,130.13,1.511602057745734,1.0,217.14632772599902,1231.451175663066,Low
13813,3.0,95.0,134.0,327.24,1.763280164207908,1.0,446.08575952199453,2950.984412210638,High
13814,1.0,45.0,137.0,961.5799999999999,0.7693583202653117,0.9999999993291193,4745.498336955002,13697.386626016758,Platinum
13815,3.0,296.0,318.0,1005.1166666666667,0.8802554330065976,1.0,1369.2772617153653,4521.966541306979,Platinum
13816,1.0,41.0,64.0,199.98000000000002,1.2645240538327518,0.9999999996743865,990.5507834964415,4699.277318639322,Platinum
13817,1.0,322.0,351.0,254.28,0.3581863803181175,0.9999999997442082,1258.2682889491723,1690.86741114509,Medium
13819,2.0,18.0,319.0,366.025,0.6335817232468242,0.9999999999999993,609.3810347179905,1448.5010312983327,Medium
13821,1.0,117.0,261.0,115.49000000000001,0.4620342895901777,0.9999999993872084,573.9862892846323,994.9539037019854,Low
13822,1.0,35.0,40.0,163.62,1.6039064814873822,0.9999999997512996,811.2835919999166,4881.788601695067,Platinum
13823,1.0,73.0,91.0,307.24,1.0213860920848998,0.9999999997176454,1519.379137729589,5822.149230415796,Platinum
13824,4.0,278.0,310.0,314.01500000000004,1.1502494439800004,1.0,392.4625612292211,1693.6259516573514,Medium
13827,2.0,86.0,143.0,149.655,1.2130883997678163,1.0,249.6115459545271,1136.015753468417,Low
13831,5.0,353.0,369.0,358.99799999999993,1.2031511380478086,1.0,427.3123142244646,1928.8250101051797,Medium
13835,3.0,190.0,215.0,168.70666666666668,1.2231390978376462,1.0,230.18125455148999,1056.2653553275265,Low
13837,1.0,106.0,317.0,157.54000000000002,0.3914221175837406,0.999999999109924,781.3071199344912,1147.345926778932,Low
13838,2.0,364.0,369.0,226.81,0.5578710427347247,1.0,377.90111893389127,790.9321534046591,Low
13842,8.0,308.0,366.0,384.38125,1.8617797826453104,1.0,427.0517300117862,2982.881698620379,High
13846,2.0,336.0,360.0,226.82999999999998,0.5701342522218907,1.0,377.93437395896524,808.3896805320886,Low
13848,2.0,274.0,366.0,467.5,0.561899739596091,1.0,778.1087181873829,1640.3115624149452,Medium
13849,1.0,119.0,170.0,944.37,0.6536510767353637,0.9999999996541156,4660.647171782967,11429.29497571638,Platinum
13851,2.0,193.0,288.0,1202.5700000000002,0.6917906669953665,1.0,2000.3472822459817,5191.673033071764,Platinum
13854,24.0,357.0,365.0,325.005,5.3409833004107385,1.0,336.2111701507231,6736.90762285839,Platinum
13856,2.0,35.0,203.0,147.05,0.9247417797062237,0.9999999999999998,245.28007893863386,850.9616548078927,Low
13860,3.0,85.0,86.0,280.00666666666666,2.388266172162349,1.0,381.75929115714905,3420.578620304615,High
13862,7.0,314.0,332.0,254.8942857142857,1.7917800946224933,1.0,287.8025705490766,1934.6687211006997,Medium
13865,3.0,231.0,289.0,126.08666666666666,0.9556859192687502,1.0,172.13762543978115,617.1890739172169,Low
13867,2.0,187.0,218.0,438.22,0.8728721597630856,1.0,729.4233614789936,2388.677641293202,High
13868,1.0,31.0,38.0,2685.0,1.6405995125688697,0.9999999997408113,13242.546278895066,81508.20171928804,Platinum
13869,3.0,234.0,357.0,927.11,0.7957868713133064,1.0,1263.0409870030073,3770.8690249242327,High
13870,5.0,285.0,287.0,445.38200000000006,1.496408164063344,1.0,530.0812671059473,2975.909773274303,High
13871,11.0,286.0,308.0,540.6545454545455,2.919303450686225,1.0,582.9884137482904,6385.080814577014,Platinum
13873,2.0,190.0,309.0,134.07500000000002,0.651258652867065,1.0,223.70588142185272,546.5855458486758,Low
13875,4.0,248.0,301.0,361.535,1.1797915873933238,1.0,451.8101547876231,1999.8089925085264,Medium
13880,9.0,346.0,367.0,346.8855555555556,2.073435313552332,1.0,380.7101713513419,2961.5031907983425,High
13881,15.0,308.0,311.0,1075.612,3.893830991855681,1.0,1136.0492265180492,16595.92570062792,Platinum
13882,4.0,62.0,64.0,249.5925,3.644994707670453,1.0,312.00548324066557,4266.643556592126,Platinum
13883,2.0,243.0,253.0,847.0350000000001,0.7718529555088753,1.0,1409.1810152611042,4080.6428827221525,High
13884,3.0,276.0,283.0,216.48333333333335,0.972935376756184,1.0,295.24768158559937,1077.69960848811,Low
13885,1.0,11.0,200.0,107.65,0.575031476201602,0.9999999978267842,535.3324174107942,1154.894718023841,Low
13888,1.0,99.0,218.0,366.11,0.5363266215639783,0.9999999994201176,1809.6283006393915,3641.2120232805983,High
13890,8.0,357.0,358.0,211.6825,1.8983369729583648,1.0,235.2395092670013,1675.3702726656197,Medium
13892,3.0,220.0,246.0,192.8166666666667,1.0947898540052163,1.0,263.0163530471094,1080.2909791521654,Low
13894,1.0,287.0,310.0,403.77,0.39904532285506117,0.9999999997478706,1995.3049351762209,2987.1617231017326,High
13895,3.0,136.0,164.0,736.87,1.5154230085819136,1.0,1003.9555810384018,5707.8901871049775,Platinum
13899,1.0,258.0,274.0,90.02,0.44346280063896315,0.9999999997539808,448.4105091026607,746.0367333482204,Low
13900,2.0,79.0,262.0,191.685,0.749546710461345,1.0,319.49698114761475,898.447481328845,Low
13901,4.0,246.0,318.0,663.2,1.1252047493225967,1.0,828.5587198296129,3497.6961813931607,High
13904,1.0,257.0,294.0,131.52,0.41763675710042375,0.9999999997278857,653.0196523123906,1023.1803718485346,Low
13908,3.0,197.0,276.0,624.5166666666668,0.9938636722915201,1.0,850.9430233315932,3172.88646872062,High
13911,8.0,251.0,308.0,280.6725,2.1638958831598245,1.0,311.86499213345354,2531.804813615699,High
13914,1.0,25.0,36.0,305.38,1.6790107250674078,0.9999999997173423,1510.208703841153,9513.003867050498,Platinum
13917,1.0,142.0,191.0,206.66,0.5965572231653532,0.9999999996737172,1023.4854600420075,2290.6620453138867,Medium
13918,1.0,204.0,253.0,1014.6400000000001,0.4742564915808039,0.9999999996992575,5007.102219815442,8908.959319460713,Platinum
13919,1.0,62.0,121.0,171.66,0.8415888107875273,0.9999999995533546,850.9235320338016,2686.6910025753195,High
13924,5.0,71.0,72.0,231.964,4.146053553296718,1.0,276.1830407438866,4295.949310695229,Platinum
13925,2.0,42.0,134.0,149.065,1.2726109169633353,1.0,248.630522714843,1187.072711603323,Low
13928,3.0,123.0,133.0,120.12333333333333,1.7729460542729671,1.0,164.01623857282928,1090.9619490973653,Low
13929,1.0,157.0,326.0,429.8,0.3820385702263217,0.9999999994114026,2123.6417062063238,3043.7970443215027,High
13930,1.0,79.0,136.0,127.34,0.7735075281430094,0.9999999995925537,632.4108277674105,1835.2324341685649,Medium
13931,1.0,185.0,280.0,859.3199999999999,0.4353857166417802,0.9999999996097724,4241.321686723027,6927.91618040508,Platinum
13933,1.0,39.0,148.0,307.8,0.7264912593993761,0.9999999991838651,1522.1401285777204,4148.702214336126,High
13939,2.0,288.0,311.0,192.025,0.6476447950046427,1.0,320.0623165738734,777.6759311697355,Low
13940,3.0,127.0,144.0,206.84,1.6721182736906135,1.0,282.11455011209915,1769.7817514212857,Medium
13941,4.0,351.0,372.0,1004.46,0.9810240474893549,1.0,1254.7573683510832,4618.135187613546,Platinum
13946,2.0,188.0,267.0,175.86,0.7377026467747151,1.0,293.1839425577834,811.4256954015365,Low
13949,5.0,92.0,94.0,377.884,3.5100801667887667,1.0,449.7805310715623,5923.043502737348,Platinum
13950,3.0,235.0,246.0,188.58333333333334,1.0947898540052163,1.0,257.2510309000837,1056.6109857404153,Low
13951,2.0,118.0,294.0,230.945,0.6797042760835954,1.0,384.7765953679483,981.1962590182718,Low
13952,1.0,21.0,238.0,1208.31,0.4990069408795991,0.9999999978657235,5961.961322596849,11161.510567510772,Platinum
13953,6.0,345.0,352.0,502.6133333333334,1.4783062326870384,1.0,579.8020815317732,3215.6695422390776,High
13954,1.0,69.0,70.0,212.51,1.2009923422700717,0.9999999997700284,1052.327953723379,4741.530836749193,Platinum
13955,1.0,151.0,305.0,117.86,0.40467483013988115,0.9999999994371476,585.6711969811879,889.1751018096381,Low
13956,4.0,266.0,271.0,226.675,1.290251052930261,1.0,283.3838823278988,1371.7551583839263,Medium
13959,2.0,283.0,362.0,191.73,0.5673627283946855,1.0,319.5718049540313,680.2311127847374,Low
13960,1.0,50.0,71.0,102.12,1.1910192236096022,0.9999999996920503,508.0676327854976,2270.2178481841916,Medium
13962,1.0,224.0,245.0,51.95,0.4871428917757448,0.9999999997446898,260.71243483773503,476.4807388597482,Low
13963,3.0,59.0,367.0,171.08,0.7766768084686871,0.9999999999999996,233.41346665281463,680.1324251019751,Low
13969,16.0,358.0,365.0,546.021875,3.6036277730530926,1.0,574.7141579666064,7769.964873365188,Platinum
13971,7.0,267.0,285.0,346.3971428571429,2.0435979344562103,1.0,391.06518460492003,2998.2776182037,High
13972,1.0,131.0,201.0,44.349999999999994,0.572735236088048,0.9999999996173885,223.2418447559531,479.68566431039267,Low
13975,4.0,245.0,276.0,461.88,1.270426835562893,1.0,577.1307413957429,2750.749869165776,High
13978,1.0,31.0,45.0,37.8,1.518974454337799,0.9999999997069606,190.94811251441743,1088.1607929155123,Low
13982,3.0,326.0,365.0,481.07,0.7804250410969196,1.0,655.5848553984414,1919.4965788789507,Medium
13983,9.0,337.0,366.0,252.67444444444448,2.078426456486847,1.0,277.34335273040654,2162.617222738247,Medium
13984,4.0,340.0,366.0,191.4275,0.995193087279164,1.0,239.36337929865266,893.7010996221853,Low
13985,14.0,260.0,264.0,476.22357142857146,4.190586724336017,1.0,505.0478833008323,7940.258148694321,Platinum
13988,5.0,235.0,254.0,703.38,1.6591561357666245,1.0,837.0152398962412,5210.121569699177,Platinum
13989,1.0,174.0,239.0,369.40999999999997,0.4972768195889972,0.9999999996591287,1825.898425280165,3406.4503497922983,High
13991,4.0,131.0,143.0,182.40499999999997,2.1485277615100586,1.0,228.09520457473255,1838.5877346072339,Medium
13993,8.0,288.0,330.0,392.90125,2.038427169063653,1.0,436.5146828168619,3338.268693680744,High
13994,5.0,145.0,148.0,404.914,2.549987479593355,1.0,481.9374674994479,4610.584366057476,Platinum
13995,4.0,230.0,245.0,270.81,1.4041909735881397,1.0,338.50395896300137,1783.2702458874874,Medium
13999,11.0,351.0,361.0,327.24636363636364,2.542318967961765,1.0,352.90607569670266,3366.01779082134,High
14001,2.0,328.0,373.0,870.9200000000001,0.5525884600066941,1.0,1448.8958289557722,3003.7667620183793,High
14002,1.0,22.0,156.0,304.94,0.6981987527454674,0.9999999987781263,1508.0393538890498,3950.1990278046314,High
14004,6.0,245.0,288.0,613.77,1.7587009104982252,1.0,707.9901150892356,4671.393118402386,Platinum
14005,4.0,206.0,215.0,671.89,1.5635028996847569,1.0,839.411636244228,4923.805740891321,Platinum
14006,2.0,197.0,312.0,328.875,0.6458528645311071,1.0,547.6098256429677,1326.8812469587976,Low
14009,1.0,7.0,205.0,314.7,0.5637307761403743,0.9999999974982505,1556.159480099338,3291.190964499303,High
14013,2.0,165.0,275.0,177.26,0.7195115132436224,1.0,295.51179431296595,797.7003831277918,Low
14016,3.0,196.0,357.0,1195.8233333333333,0.7957868713133064,1.0,1628.998215003265,4863.451759541396,Platinum
14019,2.0,92.0,138.0,518.66,1.2454507228016776,1.0,863.1750723267681,4033.227065614913,High
14020,1.0,72.0,88.0,311.65999999999997,1.0436833744066687,0.9999999997236082,1541.1712440666251,6034.577880287517,Platinum
14021,2.0,101.0,256.0,216.5,0.7642714725883953,1.0,360.75815350822546,1034.4060184777427,Low
14023,1.0,243.0,250.0,310.93,0.47900819645802417,0.999999999764372,1537.5720952824543,2763.1576721201745,High
14024,1.0,3.0,124.0,65.25,0.827030376559625,0.9999999984728662,326.28596748085323,1012.3882406123365,Low
14029,1.0,81.0,144.0,302.46000000000004,0.741515149368378,0.9999999995747844,1495.8121087044685,4161.254777967121,High
14030,6.0,348.0,366.0,280.59833333333336,1.4284864349622375,1.0,323.7700582289869,1735.1620399366689,Medium
14031,16.0,365.0,372.0,973.288125,3.5437701062852147,1.0,1024.384509969141,13619.331067125622,Platinum
14032,10.0,364.0,366.0,267.173,2.295073130328385,1.0,290.41723359321736,2500.6110543503273,High
14034,1.0,135.0,157.0,177.91,0.6948163835758268,0.9999999997284492,881.7381620352669,2298.4598519179817,Medium
14035,4.0,269.0,297.0,281.605,1.1934141443627466,1.0,351.9858039222385,1575.9540948327715,Medium
14037,1.0,188.0,364.0,35.400000000000006,0.34692328279373696,0.9999999994508217,179.1152945938548,233.12741765499047,Low
14038,2.0,129.0,207.0,422.03000000000003,0.91031652197302,1.0,702.5034186815611,2399.209106772527,High
14040,10.0,291.0,331.0,332.52200000000005,2.506226426698713,1.0,361.4269450414965,3398.3496922443887,High
14044,3.0,283.0,309.0,159.69333333333336,0.9023586463562792,1.0,217.90611196443695,737.693284474009,Low
14045,2.0,264.0,373.0,666.675,0.5525884600066941,1.0,1109.2871991434433,2299.7098561053613,Medium
14047,4.0,364.0,372.0,255.4225,0.9810240474893549,1.0,319.28655374667323,1175.1343375070785,Low
14049,3.0,301.0,317.0,1549.9633333333331,0.8826577264135572,1.0,2111.2969201562573,6991.476068685862,Platinum
14050,1.0,75.0,106.0,260.38,0.9228112577462967,0.9999999996765392,1288.3433678306026,4460.378812745219,Platinum
14051,21.0,366.0,366.0,713.6652380952381,4.67818654258527,1.0,741.8714286548084,13020.672483696068,Platinum
14053,1.0,35.0,159.0,106.0,0.6881490138043233,0.999999999042084,527.1973550904073,1361.0777943903363,Medium
14056,22.0,283.0,284.0,346.1677272727273,6.09863855052043,1.0,359.22660905423083,8219.182572021946,Platinum
14057,13.0,337.0,360.0,407.08,2.988171648419501,1.0,433.74946967564455,4862.635672292125,Platinum
14060,18.0,368.0,372.0,322.25444444444446,3.9708944494178664,1.0,337.2416416079538,5024.0826115694035,Platinum
14062,10.0,355.0,364.0,949.823,2.3061759156934443,1.0,1032.2002680722105,8930.66160987412,Platinum
14064,4.0,245.0,274.0,292.14750000000004,1.2782829684810948,1.0,365.15230234583817,1751.1698843757947,Medium
14067,1.0,33.0,96.0,150.03,0.9862683162599916,0.9999999994391877,744.2802605247304,2753.9675377784506,High
14071,6.0,261.0,264.0,202.23666666666665,1.8933713999202406,1.0,233.40185758468272,1657.9344465008571,Medium
14075,2.0,257.0,261.0,317.16999999999996,0.7519613087196796,1.0,528.1473222183879,1489.9709852354404,Medium
14077,4.0,234.0,274.0,95.5775,1.2782829684810948,1.0,119.65658547346672,573.8400322337756,Low
14078,5.0,272.0,373.0,182.62599999999998,1.1917582803187083,1.0,217.48681693778136,972.4076107332926,Low
14081,1.0,67.0,369.0,511.0,0.34277767703298784,0.9999999982572529,2523.9853791853616,3245.8362048301174,High
14083,7.0,367.0,371.0,101.27,1.6255678934032523,1.0,114.4348111079472,697.8956704301874,Low
14085,15.0,366.0,368.0,276.03266666666667,3.362120008051662,1.0,291.5912135000479,3678.026707562527,High
14088,11.0,312.0,322.0,3904.2636363636366,2.809266500923462,1.0,4209.405345538129,44365.044633452264,Platinum
14092,11.0,351.0,358.0,347.84181818181816,2.5610389662695607,1.0,375.1107085963475,3604.1502109767735,High
14096,16.0,97.0,101.0,4071.434375,9.928179594751416,1.0,4284.984931352369,159604.87697543652,Platinum
14099,10.0,338.0,354.0,272.065,2.3633411296471816,1.0,295.7329921879163,2622.125201810055,High
14101,5.0,253.0,326.0,1045.038,1.3409570424599613,1.0,1243.4774887337755,6255.7592529281355,Platinum
14102,4.0,39.0,44.0,234.795,4.4253157683074,1.0,293.52492735513414,4873.225280607557,Platinum
14104,1.0,11.0,165.0,104.95,0.668893172851021,0.9999999982921197,522.0204972501612,1310.0007773245927,Low
14107,6.0,313.0,364.0,389.9983333333334,1.4353969678226972,1.0,449.9322695630176,2422.9608719237863,High
14108,1.0,71.0,101.0,306.58,0.9534851432071724,0.9999999996765507,1516.1251128014342,5423.457058534843,Platinum
14110,11.0,263.0,266.0,434.4445454545455,3.3080219810457585,1.0,468.47994028554916,5814.155200074839,Platinum
14111,3.0,227.0,241.0,199.55000000000004,1.1136380521276645,1.0,272.18639299749674,1137.202239979353,Low
14112,4.0,253.0,275.0,574.5125,1.2743427941656333,1.0,717.7971519905813,3431.7467610554972,High
14113,3.0,351.0,354.0,468.97333333333336,0.8017046323718554,1.0,639.110560853909,1922.284309691263,Medium
14114,1.0,57.0,330.0,191.39999999999998,0.3780109950628797,0.9999999982794201,948.2484594304296,1344.7879595891322,Medium
14116,4.0,102.0,121.0,265.6925,2.4258824910674384,1.0,332.1127276912185,3022.612775223149,High
14121,3.0,56.0,59.0,849.0166666666668,2.9830036112631997,1.0,1156.6866820734663,12944.841833903689,Platinum
14125,2.0,68.0,78.0,722.5,1.8318995872244352,1.0,1202.1102878813476,8261.772137155009,Platinum
14126,1.0,3.0,10.0,62.5,2.4136474278250346,0.9999999997229234,312.7275302802085,2831.8300125379137,High
14127,2.0,188.0,310.0,197.54000000000002,0.6494466966304484,1.0,329.23238973803893,802.1827163496991,Low
14128,1.0,195.0,255.0,331.96,0.47114071797928064,0.999999999678054,1641.2571623113847,2901.0452828248845,High
14129,3.0,259.0,260.0,254.98666666666668,1.0452555255488862,1.0,347.68487538110605,1363.4383486365825,Medium
14132,10.0,181.0,183.0,327.91700000000003,4.102116650818186,1.0,356.42304718201393,5485.308009746327,Platinum
14133,1.0,186.0,315.0,287.64,0.3935702926672572,0.9999999995447444,1422.7444580449937,2100.760033133992,Medium
14135,13.0,371.0,372.0,323.4661538461539,2.903083591586251,1.0,344.6733799613537,3754.002159950252,High
14138,1.0,62.0,63.0,344.17,1.275771971503926,0.9999999997698357,1701.4566234822476,8143.688857056609,Platinum
14140,1.0,28.0,31.0,394.06,1.783397020301785,0.9999999997589175,1947.4313260059446,13029.790185115404,Platinum
14141,3.0,103.0,105.0,209.99,2.094416988783147,1.0,286.4044945443348,2250.454387956961,Medium
14145,3.0,171.0,217.0,871.1999999999999,1.2139571628327275,1.0,1186.8978780486282,5405.600541628712,Platinum
14146,3.0,349.0,357.0,983.1899999999999,0.7957868713133064,1.0,1339.415616768015,3998.8891197861562,High
14147,1.0,207.0,285.0,300.6,0.42887620948146926,0.9999999996535334,1486.6416748160325,2392.0237812152427,High
14150,1.0,324.0,359.0,352.46000000000004,0.35117039099897723,0.9999999997382656,1742.3291487161914,2295.4895896918006,Medium
14152,1.0,159.0,234.0,306.78000000000003,0.5060495181587233,0.9999999996296722,1517.1111809614813,2880.2995649090453,High
14156,42.0,362.0,371.0,2787.081666666667,9.118022842104713,1.0,2841.0274562797395,97185.91788267087,Platinum
14157,1.0,266.0,285.0,155.71,0.42887620952323663,0.9999999997509212,772.284596270062,1242.6149163030213,Low
14159,10.0,343.0,362.0,449.979,2.3173866462804513,1.0,489.05839583003973,4251.933397579849,Platinum
14161,2.0,154.0,369.0,413.68500000000006,0.5578710427347247,1.0,688.6277594694194,1441.2707700573235,Medium
14162,1.0,119.0,292.0,111.68,0.4200832049940965,0.9999999993002813,555.201690835739,875.0106376380747,Low
14163,3.0,152.0,239.0,678.0133333333333,1.1213603090316546,1.0,923.7994446997938,3886.423387425617,High
14164,1.0,10.0,80.0,358.0,1.1081964072812247,0.9999999992155055,1769.64323674949,7357.490204453257,Platinum
14167,3.0,292.0,331.0,142.16333333333333,0.8501749116333005,1.0,194.03223072726524,618.8842003979479,Low
14173,2.0,209.0,219.0,168.4,0.8696203060557525,1.0,280.77981820516777,916.057626573574,Low
14175,2.0,270.0,329.0,1449.86,0.6168390355744776,1.0,2411.5290397739054,5580.737300160807,Platinum
14176,2.0,70.0,367.0,208.675,0.560550390954747,0.9999999999999998,347.7471249480087,731.3166176025866,Low
14177,2.0,93.0,179.0,220.665,1.0219027824519262,1.0,367.6835124798935,1409.6489479639997,Medium
14178,6.0,174.0,182.0,237.26,2.564248924783617,1.0,273.791447910297,2633.9485934941267,High
14179,1.0,12.0,52.0,168.1,1.4141380106880574,0.9999999994953919,833.371518784967,4421.378386317219,Platinum
14180,23.0,362.0,372.0,197.68565217391307,5.038705307249476,1.0,204.82524366658294,3871.9494010503604,High
14188,5.0,280.0,310.0,331.27200000000005,1.400650817654776,1.0,394.32736345126614,2072.115828317432,Medium
14189,13.0,366.0,368.0,334.0646153846154,2.9309027002671093,1.0,355.9642074290486,3914.1274828527703,High
14191,12.0,219.0,220.0,377.87000000000006,4.2068652778054005,1.0,404.84153716244936,6389.559276445973,Platinum
14193,1.0,202.0,269.0,430.85,0.45042622460845383,0.9999999996693572,2128.81856404657,3597.40679621153,High
14194,14.0,304.0,308.0,773.755,3.6747110182126232,1.0,820.5439811354482,11312.335835823143,Platinum
14195,1.0,51.0,252.0,183.6,0.47582988322106384,0.9999999986921451,909.791801188601,1624.130664224352,Medium
14198,3.0,221.0,239.0,172.70000000000002,1.1213603090316546,1.0,235.61972378939296,991.2519544449833,Low
14201,6.0,299.0,359.0,113.36666666666667,1.4529694006840366,1.0,130.91524221671835,713.6313424698319,Low
14205,1.0,248.0,264.0,243.8,0.4576118220475001,0.9999999997533282,1206.5983173627153,2071.5107195092796,Medium
14209,5.0,322.0,332.0,345.096,1.3198630252034766,1.0,410.77344148230907,2034.0351482294907,Medium
14210,5.0,266.0,371.0,320.178,1.1974276106203185,1.0,381.12910030916606,1712.1768145250392,Medium
14211,8.0,242.0,295.0,261.9875,2.245570599130082,1.0,291.1120257997869,2452.528676017653,High
14214,4.0,247.0,277.0,91.4325,1.2665348701176358,1.0,114.47990670032749,543.9683756361002,Low
14215,5.0,357.0,368.0,324.744,1.2060334691289645,1.0,386.56115993660694,1749.0604118294316,Medium
14216,3.0,34.0,37.0,459.8333333333333,3.742363025537678,1.0,626.6629125648188,8798.469655932819,Platinum
14217,15.0,365.0,366.0,125.77866666666667,3.3783064995360763,1.0,132.90377749660763,1684.471268577283,Medium
14220,1.0,111.0,358.0,319.42,0.3520323215461411,0.9999999989978807,1579.4306886764448,2085.9809883242883,Medium
14221,6.0,297.0,339.0,519.975,1.5277831781301212,1.0,599.8238937722758,3438.054205643804,High
14223,2.0,172.0,264.0,343.115,0.7447637377123525,1.0,571.2874034956817,1596.2481434825472,Medium
14224,3.0,210.0,320.0,268.6066666666666,0.8754898631528019,1.0,366.23377797382005,1202.9200207445367,Low
14226,4.0,241.0,269.0,312.2225,1.298355060883007,1.0,390.22391305048717,1900.791970730134,Medium
14227,5.0,258.0,284.0,522.852,1.5098722177952444,1.0,622.2454500533502,3524.7568055817933,High
14229,2.0,282.0,333.0,545.115,0.6103871315952096,1.0,907.1631567434499,2077.3898566702956,Medium
14231,2.0,105.0,288.0,308.38,0.6917906669953665,1.0,513.5317386983489,1332.8130085657926,Medium
14232,4.0,222.0,264.0,338.7225,1.3190675688162974,1.0,423.3196880777947,2094.8973347153974,Medium
14233,3.0,268.0,317.0,453.95666666666665,0.8826577264135572,1.0,618.6595559150502,2048.666598501824,Medium
14234,3.0,35.0,57.0,135.22666666666666,3.0390630168178387,1.0,184.58527372887121,2104.5729761136427,Medium
14235,3.0,185.0,260.0,764.85,1.0452555255488862,1.0,1042.0611826936251,4086.4192799664393,High
14236,1.0,292.0,372.0,301.55999999999995,0.34033753268237915,0.9999999996826401,1491.3748019842571,1904.2496356723811,Medium
14239,10.0,273.0,316.0,222.125,2.609102823950251,1.0,241.46705101472224,2363.6126579593606,Medium
14240,1.0,195.0,225.0,663.49,0.5226459642817407,0.9999999997271152,3275.8130478131134,6423.236957415587,Platinum
14242,1.0,91.0,325.0,142.2,0.38305890966061984,0.9999999989170283,705.6756920588945,1014.1401107624317,Low
14243,9.0,357.0,365.0,263.94111111111107,2.0834416866151573,1.0,289.70494656005957,2264.459168813177,Medium
14245,1.0,44.0,263.0,688.35,0.4590765404268066,0.9999999984462762,3398.381320106942,5853.079757541208,Platinum
14246,2.0,135.0,245.0,512.21,0.7928255857961242,1.0,852.4503267403915,2535.5604719489575,High
14250,1.0,82.0,89.0,675.22,1.0361435597843978,0.9999999997535267,3333.6459453998636,12958.855257751104,Platinum
14251,4.0,56.0,57.0,405.06,3.884745281644245,1.0,506.16840414851214,7377.085454149266,Platinum
14256,1.0,104.0,364.0,445.2,0.34692328260218414,0.9999999988986743,2199.568954529934,2862.8478165600127,High
14257,4.0,254.0,318.0,619.895,1.1252047493225967,1.0,774.4752278463089,3269.3869271917074,High
14258,7.0,328.0,337.0,1364.2514285714285,1.7685959113044583,1.0,1539.731986415328,10216.47278928203,Platinum
14261,1.0,28.0,78.0,219.7,1.1255903923018258,0.9999999994980284,1087.777104077065,4593.540236651202,Platinum
14262,7.0,232.0,240.0,339.7471428571429,2.3613402129144165,1.0,383.5605404340908,3397.9713986991246,High
14264,1.0,91.0,245.0,218.27,0.4871428915404393,0.999999999261658,1080.7267167327298,1975.1473095866834,Medium
14265,1.0,39.0,148.0,278.13,0.7264912593993761,0.9999999991838651,1375.8569170347641,3749.996817734085,High
14267,1.0,98.0,260.0,679.88,0.46352750227479916,0.9999999992604274,3356.6213335289563,5837.206959364544,Platinum
14272,1.0,181.0,254.0,305.87,0.4726934703872251,0.9999999996481737,1512.6245708332679,2682.4892359860914,High
14273,3.0,191.0,242.0,149.05666666666667,1.1098166713531288,1.0,203.4201726170677,846.9787160042813,Low
14276,2.0,191.0,289.0,389.27,0.6897465069573301,1.0,648.0316876102893,1676.9224791011632,Medium
14277,2.0,197.0,212.0,1289.385,0.8929057222005085,1.0,2144.6990323361056,7184.543788224672,Platinum
14282,14.0,364.0,367.0,225.5957142857143,3.1540674011220413,1.0,239.28735065095086,2831.508991909676,High
14284,1.0,56.0,86.0,343.15,1.0590970599392997,0.9999999996618012,1696.4276758660083,6740.596732327095,Platinum
14285,3.0,155.0,176.0,634.7033333333334,1.434752090935111,1.0,864.8161134743572,4655.087764050268,Platinum
14286,2.0,219.0,242.0,1289.335,0.8009871831266012,1.0,2144.61589477342,6444.694294640543,Platinum
14287,1.0,190.0,198.0,93.35,0.5796796433882732,0.9999999997608877,464.8285439674414,1010.8997117909632,Low
14289,5.0,281.0,289.0,117.804,1.4875647438915893,1.0,140.3696533000306,783.3869599031505,Low
14290,4.0,350.0,361.0,384.27250000000004,1.0073170814570205,1.0,480.2069542096384,1814.7711964914006,Medium
14291,6.0,274.0,275.0,483.06166666666667,1.829174075087643,1.0,557.2547186256256,3824.1597501138417,High
14292,5.0,275.0,282.0,881.7860000000001,1.5189836702475208,1.0,1049.2605377265545,5979.483593606121,Platinum
14293,3.0,365.0,368.0,227.21333333333337,0.7748161613444305,1.0,309.86073039762744,900.7254732053722,Low
14297,3.0,257.0,274.0,357.57666666666665,1.000009579236751,1.0,487.40087515985323,1828.5957199063137,Medium
14298,24.0,352.0,360.0,2023.0933333333332,5.406209044617113,1.0,2092.6403423664415,42443.839375193056,Platinum
14299,8.0,357.0,365.0,442.0475,1.86627224569545,1.0,491.10020444790086,3438.526268619413,High
14305,2.0,64.0,135.0,407.38,1.2657104150015757,1.0,678.1441128148293,3220.2054720526357,High
14306,1.0,34.0,85.0,390.38,1.0669759009537663,0.9999999995146738,1929.2876718610817,7722.871943459475,Platinum
14307,4.0,285.0,373.0,553.1525,0.9787016735480369,1.0,691.1207084214005,2537.648530037922,High
14309,8.0,350.0,358.0,275.5975,1.8983369729583648,1.0,306.2283154332471,2180.9508867110244,Medium
14312,5.0,291.0,337.0,260.408,1.3027850665729226,1.0,310.022178729635,1515.2795769209524,Medium
14315,5.0,222.0,266.0,390.146,1.5960349401383007,1.0,464.36833552878517,2780.559718831116,High
14320,1.0,126.0,332.0,125.28,0.3760288860712456,0.9999999992176234,622.2543257189276,877.842022135676,Low
14321,4.0,323.0,333.0,300.9825,1.0810701823146673,1.0,376.1863088502254,1525.7525643382974,Medium
14323,1.0,124.0,238.0,305.24,0.4990069416913236,0.9999999994924031,1509.5184561291203,2826.0005920343933,High
14329,5.0,312.0,329.0,693.452,1.3303264209693875,1.0,825.204138717697,4118.573757952428,High
14331,1.0,11.0,135.0,79.0,0.7777017317429502,0.9999999986567873,394.078153484077,1149.800940697717,Low
14332,2.0,125.0,147.0,373.635,1.1883848015398903,1.0,622.0345717586613,2773.312733939995,High
14334,7.0,342.0,358.0,318.86571428571426,1.6774363085212993,1.0,359.99547408714983,2265.532590520377,Medium
14335,1.0,80.0,96.0,109.00999999999999,0.9862683165436262,0.9999999997267714,542.037680899113,2005.6345130337677,Medium
14336,3.0,260.0,276.0,360.16333333333336,0.9938636722915201,1.0,490.9236231803981,1830.4926163751002,Medium
14338,1.0,35.0,196.0,8.25,0.5844035665199553,0.9999999987571284,45.256541867489325,99.22507993316638,Low
14341,4.0,273.0,318.0,461.6625,1.1252047493225967,1.0,576.8591062610848,2435.1658426649456,High
14342,3.0,189.0,210.0,119.65333333333332,1.246713324897398,1.0,163.37615162579726,764.1568265671805,Low
14344,7.0,241.0,368.0,81.01857142857143,1.6372507769134979,1.0,91.58071105087429,562.5309868176203,Low
14346,1.0,177.0,297.0,759.14,0.41402005011755644,0.9999999995531368,3747.400145355539,5820.746382964268,Platinum
14352,2.0,116.0,273.0,423.83,0.7239746664831777,1.0,705.4963709382243,1916.2200837807588,Medium
14354,1.0,25.0,30.0,75.84,1.805851450105377,0.9999999997483153,378.49827655533613,2564.3255683704283,High
14356,1.0,2.0,81.0,356.2,1.0996994636673267,0.9999999990000186,1760.7686233090678,7264.463363348955,Platinum
14359,2.0,68.0,87.0,214.39499999999998,1.7110467799583806,1.0,357.2580621191831,2293.354307906319,Medium
14360,2.0,63.0,94.0,496.77000000000004,1.6275362427917264,1.0,826.7774473832353,5048.315909743922,Platinum
14364,6.0,103.0,211.0,499.70000000000005,2.278701052422342,1.0,576.4423687741271,4927.997526005736,Platinum
14367,12.0,268.0,276.0,689.8633333333333,3.4829321417338805,1.0,739.0357921059393,9656.899670053232,Platinum
14377,1.0,71.0,262.0,302.45,0.46055066626675806,0.999999998968548,1495.762805296466,2584.4455011845957,High
14379,1.0,251.0,295.0,237.12,0.4164241876113012,0.9999999997178695,1173.6636408171491,1833.609421979446,Medium
14383,2.0,125.0,163.0,502.8,1.0988739602146624,1.0,836.8038374430572,3449.8386170196263,High
14385,2.0,14.0,23.0,73.475,3.223095051874565,1.0,122.94315544752226,1486.6361972186303,Medium
14387,2.0,77.0,109.0,664.9000000000001,1.473435817983681,1.0,1106.3358156681227,6115.689520634463,Platinum
14388,7.0,362.0,372.0,414.2914285714286,1.6217105621883203,1.0,467.6851027279764,2845.470685473246,High
14389,1.0,125.0,190.0,732.32,0.5990488691004257,0.9999999996240962,3615.1684050932513,8124.899907260889,Platinum
14390,7.0,362.0,372.0,632.7314285714285,1.6217105621883203,1.0,714.1985572657096,4345.297822087963,Platinum
14395,8.0,370.0,372.0,399.87874999999997,1.8352727337546424,1.0,444.2644191076384,3058.9288726541904,High
14396,1.0,306.0,371.0,377.64,0.34114704495328063,0.9999999997034521,1866.4751300660946,2388.8619626394307,High
14397,18.0,211.0,213.0,135.97333333333333,6.376828158337534,1.0,142.32831448844811,3405.048123745186,High
14401,12.0,355.0,359.0,317.0083333333333,2.7751282121958116,1.0,339.64905651237433,3536.2315870002053,High
14403,3.0,117.0,247.0,228.37,1.091096516967527,1.0,311.4359798346494,1274.8502930679708,Low
14404,5.0,336.0,369.0,268.168,1.2031511380478086,1.0,319.2540628095607,1441.0659380185855,Medium
14407,5.0,169.0,276.0,360.11,1.5469899988342684,1.0,428.6352336957118,2487.7263552267727,High
14408,6.0,254.0,264.0,375.9550000000001,1.8933713999202406,1.0,433.7372239703829,3080.986123211333,High
14409,4.0,297.0,368.0,432.66249999999997,0.9904248152366971,1.0,540.6410883066727,2008.897581162816,Medium
14410,6.0,213.0,305.0,161.23666666666665,1.6743443088259156,1.0,186.11985882147195,1169.1351527796326,Low
14412,1.0,30.0,72.0,307.58,1.1812103756156607,0.9999999995536799,1521.0554536016687,6740.615189797742,Platinum
14414,6.0,267.0,358.0,213.29666666666665,1.4565356440842372,1.0,246.15646505592932,1345.1155636037602,Medium
14415,12.0,359.0,360.0,418.7583333333334,2.7683500669469927,1.0,448.63941562421473,4659.568144760023,Platinum
14416,1.0,20.0,42.0,129.22,1.568818869074345,0.9999999996481355,641.6798684718514,3776.7518669960173,High
14418,2.0,105.0,108.0,893.405,1.4827955449696004,1.0,1486.2827908952574,8268.180630963388,Platinum
14419,5.0,354.0,364.0,186.792,1.2177022308550116,1.0,222.443006251824,1016.2184875382948,Low
14421,1.0,154.0,211.0,357.93,0.5507427335444781,0.9999999996636302,1769.2981128934737,3655.7545077241466,High
14422,5.0,267.0,267.0,772.4660000000001,1.5909909477591047,1.0,919.2051810748172,5486.651887165969,Platinum
14426,6.0,289.0,312.0,630.0833333333334,1.6419157920012175,1.0,726.8029689060774,4477.07950429698,Platinum
14427,1.0,13.0,63.0,41.6,1.2757719710582727,0.9999999994205153,209.6834075553084,1003.6085583695414,Low
14428,4.0,318.0,325.0,260.32,1.1041685567502089,1.0,325.4030276408709,1347.9823294426553,Medium
14432,5.0,80.0,89.0,400.15200000000004,3.6368683983765426,1.0,476.272231418442,6498.454483684116,Platinum
14434,5.0,51.0,72.0,212.4,4.146053553296718,1.0,252.90822371557894,3933.916095694032,High
14440,4.0,357.0,365.0,425.245,0.9975944820166257,1.0,531.3773935419538,1988.7690218825699,Medium
14441,3.0,255.0,255.0,452.01666666666665,1.0624233430733891,1.0,616.0174948996415,2455.375310714127,High
14442,1.0,112.0,316.0,914.24,0.392493265762416,0.9999999991657036,4512.096003471903,6644.124705881458,Platinum
14443,3.0,315.0,368.0,372.23333333333335,0.7748161613444305,1.0,507.361600735028,1474.8352181377045,Medium
14446,3.0,246.0,246.0,245.51333333333332,1.0947898540052163,1.0,334.7832647182344,1375.0602829681918,Medium
14447,3.0,262.0,280.0,299.41,0.9817957374104281,1.0,408.18444093497305,1503.5048128720478,Medium
14448,1.0,355.0,364.0,273.0,0.346923282902729,0.9999999997649893,1350.5642687295613,1757.8262155606121,Medium
14449,3.0,354.0,372.0,232.28666666666666,0.7674618759230332,1.0,316.7700377265826,912.069937422847,Low
14450,2.0,140.0,320.0,161.11,0.6318666654084941,1.0,268.6583615656815,636.8732974371527,Low
14451,1.0,134.0,194.0,302.59000000000003,0.5892051157086179,0.9999999996437761,1496.453053008499,3307.9340280127003,High
14452,1.0,83.0,93.0,137.07,1.0070430932654024,0.9999999997451765,680.3830437536917,2570.566071409178,High
14456,7.0,137.0,142.0,417.1457142857143,3.5702409369195305,1.0,470.90621530656216,6307.527925990926,Platinum
14460,2.0,200.0,310.0,202.17000000000002,0.6494466966304484,1.0,336.9309280426784,820.9403919661586,Low
14461,2.0,113.0,261.0,663.415,0.7519613087196796,1.0,1103.8666300563752,3114.1486118782786,High
14462,8.0,273.0,339.0,236.84,1.9911955505432934,1.0,263.1813209094534,1966.057474263777,Medium
14463,2.0,107.0,205.0,206.85,0.9174724528969797,1.0,344.7126039100028,1186.5264680151624,Low
14465,1.0,56.0,302.0,461.32,0.4081294262472215,0.9999999984542058,2279.0460482297135,3489.6208486772844,High
14466,6.0,343.0,372.0,315.44166666666666,1.4081483906220014,1.0,363.9520690478358,1922.736850315607,Medium
14467,3.0,295.0,312.0,155.68666666666667,0.8948685963986346,1.0,212.4494842315827,713.2506609936216,Low
14470,1.0,276.0,287.0,163.55,0.42632658435107074,0.9999999997607443,810.9384681439002,1297.0524880359762,Low
14472,7.0,252.0,355.0,236.70857142857145,1.6898794919409084,1.0,267.27966608191116,1694.5285469218647,Medium
14473,1.0,208.0,282.0,149.34,0.4327583444869531,0.9999999996605851,740.8783253725686,1202.8724395078375,Low
14475,2.0,233.0,304.0,309.65,0.6604722403814872,1.0,515.6434327905502,1277.7070584726087,Low
14477,3.0,278.0,297.0,381.5333333333333,0.9336161130093535,1.0,520.027150963533,1821.46819168454,Medium
14479,1.0,112.0,365.0,141.85,0.346086158904654,0.9999999989804498,703.9500727788125,914.0149999893742,Low
14481,1.0,123.0,287.0,333.65,0.4263265841723925,0.9999999993416331,1649.589438263781,2638.4296321992992,High
14482,5.0,221.0,239.0,366.01000000000005,1.7454437983048041,1.0,435.65432081833575,2852.824984217317,High
14487,4.0,342.0,368.0,267.8075,0.9904248152366971,1.0,334.75414520754885,1243.869189998024,Low
14491,1.0,197.0,372.0,213.73,0.3403375326087797,0.9999999994663857,1058.342969499665,1351.336505732118,Medium
14493,4.0,148.0,155.0,443.005,2.022405262325153,1.0,553.557807296104,4200.088108984772,High
14495,1.0,71.0,121.0,83.2,0.8415888108312933,0.9999999996053586,414.78558484506175,1309.6367145888908,Low
14496,1.0,62.0,373.0,234.47,0.3395318525917343,0.9999999981024206,1160.5982376965278,1478.3922047844458,Medium
14498,4.0,319.0,361.0,447.775,1.0073170814570205,1.0,559.5150468010194,2114.487893265182,Medium
14499,2.0,252.0,278.0,344.65,0.7129190170532009,1.0,573.8397266701139,1534.8221023203807,Medium
14500,2.0,101.0,189.0,36.0,0.9790418586409425,1.0,60.63155221504647,222.7035710744006,Low
14501,1.0,136.0,319.0,184.28,0.38929726567592415,0.9999999993222868,913.1444329327604,1333.6690205005666,Medium
14502,8.0,294.0,313.0,289.4325,2.134042697911184,1.0,321.5945069893764,2574.773085590833,High
14503,5.0,175.0,178.0,589.238,2.213611467678572,1.0,701.2232666164881,5823.511636925918,Platinum
14504,3.0,231.0,278.0,175.34333333333333,0.9877928475233448,1.0,239.2196454134806,886.5228899630023,Low
14505,7.0,345.0,362.0,693.6128571428571,1.661127677073288,1.0,782.9043404296682,4879.091348098255,Platinum
14506,4.0,352.0,369.0,435.6175,0.9880577729434475,1.0,544.3315794465103,2017.776704785517,Medium
14507,4.0,253.0,276.0,251.0825,1.270426835562893,1.0,313.86634002521987,1495.9657003748077,Medium
14508,1.0,67.0,89.0,138.86,1.0361435597299904,0.9999999997010172,689.2083537861115,2679.154128830816,High
14511,4.0,122.0,133.0,294.1625,2.266305035740405,1.0,367.66883014508437,3126.096722448261,High
14512,1.0,45.0,232.0,148.96,0.509645880537268,0.9999999987067547,739.0047958684795,1413.002756384094,Medium
14513,2.0,188.0,288.0,218.42000000000002,0.6917906669953665,1.0,363.95063591533295,944.5923308523793,Low
14514,2.0,270.0,331.0,400.05,0.6135961237668109,1.0,665.956146125195,1533.0470114434395,Medium
14515,4.0,201.0,218.0,419.1725,1.545963235539289,1.0,523.793465472017,3037.990923234158,High
14517,1.0,108.0,141.0,78.0,0.753197278461305,0.9999999996926952,389.1478126838425,1099.6401031185862,Low
14520,1.0,289.0,290.0,105.60000000000001,0.42255848393944545,0.9999999997720201,525.2252187703135,832.6445243721084,Low
14522,3.0,174.0,198.0,231.97,1.3071788556730655,1.0,316.3387734714901,1551.3674489831378,Medium
14524,5.0,329.0,360.0,318.446,1.229598996639422,1.0,379.06858185215174,1748.6726787401988,Medium
14525,8.0,342.0,361.0,483.73749999999995,1.8844610166025906,1.0,537.4042540304836,3799.404140980721,High
14527,53.0,367.0,369.0,155.01641509433964,11.527632663057098,1.0,157.40142560485245,6807.317773658082,Platinum
14529,2.0,50.0,110.0,242.4,1.4641935110691147,1.0,403.8234109791027,2218.284296157696,Medium
14530,5.0,271.0,296.0,445.53000000000003,1.4574192273396922,1.0,530.2573391219047,2899.3351249541993,High
14532,3.0,116.0,352.0,236.75,0.8056989462776447,1.0,322.8485939115175,975.8856434289125,Low
14533,6.0,328.0,352.0,252.70333333333335,1.4783062326870384,1.0,291.6010007777731,1617.263005007223,Medium
14534,17.0,316.0,318.0,240.70176470588234,4.309545861430547,1.0,252.6015682797926,4084.0851044579813,High
14535,2.0,188.0,248.0,1005.11,0.7848286347521979,1.0,1672.0204196900197,4923.156607922695,Platinum
14538,1.0,192.0,256.0,281.75,0.4695981334365309,0.9999999996699345,1393.7047507316129,2455.412014205399,High
14539,1.0,29.0,44.0,465.35,1.5352335692553973,0.9999999997000932,2298.915321654659,13241.11833592217,Platinum
14540,2.0,300.0,309.0,400.18,0.651258652867065,1.0,666.1723037881762,1627.6735773821322,Medium
14541,6.0,261.0,319.0,216.43500000000003,1.610719552475093,1.0,249.77565219703206,1509.375395773023,Medium
14543,14.0,336.0,364.0,241.13785714285714,3.1769548635641924,1.0,255.76791355134887,3048.486944270894,High
14544,1.0,337.0,361.0,902.53,0.34945913001055906,0.99999999975022,4454.361712701158,5839.949694412044,Platinum
14546,4.0,243.0,248.0,504.20000000000005,1.3900273962852803,1.0,629.9840696657676,3285.338791464304,High
14547,7.0,51.0,54.0,502.4771428571429,6.608069653136614,1.0,567.2042616249228,14061.81342528946,Platinum
14548,1.0,167.0,317.0,326.4,0.3914221177265809,0.9999999994748505,1613.8444674620812,2369.923208978686,High
14550,1.0,34.0,44.0,424.83000000000004,1.5352335692985861,0.999999999728225,2099.1379124291584,12090.455546953972,Platinum
14551,1.0,186.0,204.0,60.8,0.5659552435850208,0.9999999997448206,304.3459509198099,646.214725599756,Low
14553,3.0,320.0,339.0,219.11,0.8326646195103619,1.0,298.82490509099796,933.4995993346982,Low
14554,3.0,42.0,52.0,676.4033333333333,3.1888842883303044,1.0,921.6068064344288,11025.839551948116,Platinum
14555,1.0,245.0,302.0,126.2,0.40812942675532327,0.9999999996991584,626.7902392551433,959.7262376836122,Low
14560,19.0,350.0,357.0,96.29473684210525,4.338893887796456,1.0,100.5629135816029,1636.982779277065,Medium
14561,2.0,109.0,184.0,429.345,1.0000132726666977,1.0,714.66644410239,2681.2443188139,High
14562,16.0,301.0,304.0,300.745,4.225605760547253,1.0,316.57596259233657,5018.733630025112,Platinum
14565,3.0,266.0,361.0,643.9033333333333,0.7880310976706293,1.0,877.3454749907278,2593.8283383028875,High
14567,1.0,74.0,130.0,729.6,0.7993740363605925,0.9999999995881022,3601.7578781166135,10801.691937699525,Platinum
14572,6.0,321.0,324.0,416.20166666666665,1.5891525925501357,1.0,480.1504640571313,2862.6627559059475,High
14573,7.0,193.0,372.0,177.1885714285714,1.6217105621883203,1.0,200.1102794581889,1217.5028255952918,Low
14577,3.0,350.0,362.0,170.93666666666664,0.7861157181304058,1.0,233.2182628320885,687.8223286048535,Low
14583,4.0,200.0,205.0,219.51,1.624955803589564,1.0,274.4355340988173,1673.0508109289906,Medium
14584,3.0,29.0,198.0,273.96,1.3071788556730652,0.9999999999999998,373.52441369675176,1831.8134399097835,Medium
14587,8.0,313.0,331.0,172.53625,2.033068850965745,1.0,191.76073975459582,1462.645289945501,Medium
14591,1.0,198.0,213.0,1196.92,0.546545366425988,0.9999999997507758,5905.804740882179,12109.67631695884,Platinum
14592,2.0,29.0,64.0,153.25,2.0580142720531502,1.0,255.58913671158516,1973.4131024133605,Medium
14593,1.0,177.0,198.0,278.4,0.5796796433753764,0.9999999997386395,1377.1881090508273,2995.0808326176384,High
14594,1.0,366.0,373.0,124.83,0.3395318531569005,0.999999999766966,620.035672358822,789.813284611472,Low
14595,5.0,294.0,313.0,315.36,1.3890567602918,1.0,375.39724238428437,1956.312836245038,Medium
14597,1.0,180.0,191.0,718.05,0.5965572232141453,0.9999999997555067,3544.812441873905,7933.642084849789,Platinum
14606,88.0,372.0,373.0,135.89011363636362,18.87545664228337,1.0,137.14302364062738,9711.770732527271,Platinum
14607,6.0,246.0,261.0,2679.0833333333335,1.9116693841051682,1.0,3089.749687584586,22159.671392885517,Platinum
14608,3.0,358.0,362.0,527.0500000000001,0.7861157181304058,1.0,718.2044252378682,2118.17476977387,Medium
14609,3.0,224.0,296.0,152.52,0.9363189331822407,1.0,208.136841680658,731.1390826943269,Low
14616,2.0,75.0,317.0,84.24000000000001,0.637039922172846,0.9999999999999998,140.84267269362238,336.6108740704825,Low
14618,2.0,328.0,337.0,170.82,0.6040687994756181,1.0,284.80367623912616,645.4449833670014,Low
14620,1.0,78.0,283.0,177.43,0.4314565136477944,0.9999999989540571,879.3715984511545,1423.4319143513178,Medium
14621,4.0,357.0,358.0,370.665,1.0147343152101103,1.0,463.2125859574087,1763.4369329440817,Medium
14623,4.0,203.0,235.0,174.1425,1.453560793487572,1.0,217.77619170065228,1187.6017621996207,Low
14624,1.0,2.0,59.0,15.6,1.3228384633240762,0.999999999255043,81.49454674921257,404.44791123828264,Low
14625,1.0,165.0,361.0,314.1,0.3494591298747009,0.999999999361453,1553.2012756191975,2036.345024590714,Medium
14626,3.0,210.0,233.0,734.79,1.1451833088736294,1.0,1001.1228558260049,4301.199831301356,Platinum
14628,1.0,151.0,242.0,340.38,0.4921576946972848,0.9999999995879598,1682.770631849359,3107.108632523793,High
14629,1.0,43.0,47.0,354.18,1.4874679618162394,0.9999999997572395,1750.8093348925945,9770.430682064973,Platinum
14631,2.0,248.0,298.0,348.74,0.6718786067743118,1.0,580.6403792977545,1463.6097084445723,Medium
14636,1.0,232.0,268.0,309.66,0.4518452342765599,0.9999999997251048,1531.3105624661566,2595.8537350937677,High
14639,3.0,309.0,361.0,769.3166666666666,0.7880310976706293,1.0,1048.1442785022978,3098.7865210543505,High
14640,5.0,203.0,227.0,342.326,1.8212165433095109,1.0,407.4780395620263,2784.1525574885304,High
14643,1.0,188.0,358.0,335.87,0.35203232171004306,0.9999999994634685,1660.5347948403016,2193.096562536246,Medium
14644,1.0,231.0,298.0,643.26,0.4128283613308292,0.9999999996807485,3176.0722534243705,4919.116787648131,Platinum
14645,1.0,119.0,275.0,356.99,0.4420958724974556,0.9999999993549771,1764.6635925412534,2926.8847375938553,High
14646,44.0,353.0,354.0,6366.705909090909,9.948432687841613,1.0,6484.205244010018,242012.97644292546,Platinum
14649,2.0,208.0,212.0,416.53499999999997,0.8929057222005085,1.0,693.3666005424694,2322.7141094308936,Medium
14651,1.0,144.0,211.0,238.28,0.5507427335289824,0.999999999635494,1179.3828361454212,2436.8613112907296,High
14653,5.0,337.0,338.0,320.548,1.2994223719465934,1.0,381.56928034905945,1860.1628928903767,Medium
14655,3.0,214.0,222.0,373.89000000000004,1.1915943307627008,1.0,509.6177937327223,2278.2440552496982,Medium
14656,1.0,114.0,283.0,157.94,0.4314565137955237,0.9999999992964539,783.2792562545849,1267.8879935941259,Low
14657,3.0,309.0,326.0,144.04666666666665,0.8614978064555745,1.0,196.597118139131,635.4166014407144,Low
14658,1.0,112.0,117.0,124.00999999999999,0.8618165216061655,0.9999999997617863,615.9927929026297,1991.671370391343,Medium
14659,8.0,307.0,315.0,242.095,2.122330797178784,1.0,269.0179191477953,2142.0101248924675,Medium
14660,1.0,14.0,100.0,156.79,0.9598662585079429,0.9999999991108923,777.6093643343152,2800.2669937966466,High
14662,3.0,288.0,316.0,223.37333333333333,0.8850731678366239,1.0,304.63108385166396,1011.5343248411341,Low
14664,1.0,14.0,33.0,248.85,1.7401227365454177,0.9999999996554825,1231.4965384038992,8039.70865681213,Platinum
14665,3.0,250.0,310.0,480.43333333333334,0.8998480703052236,1.0,654.7177872645186,2210.2966407993245,Medium
14667,22.0,358.0,368.0,396.80181818181813,4.87138058529756,1.0,411.7644176409906,7525.374364132362,Platinum
14669,1.0,91.0,332.0,427.54,0.3760288859460133,0.9999999988845842,2112.499135997794,2980.197060975068,High
14672,1.0,102.0,336.0,480.27,0.3721263795321153,0.9999999989943191,2372.4760063941567,3312.222634730111,High
14673,4.0,364.0,367.0,340.72749999999996,0.9928032259826282,1.0,425.8237269053324,1586.062402801649,Medium
14676,5.0,252.0,283.0,398.384,1.514414239413296,1.0,474.1688846332218,2694.0457731879646,High
14680,15.0,346.0,371.0,1804.882,3.338129024535011,1.0,1906.2515935380877,23873.19649902623,Platinum
14681,1.0,140.0,211.0,105.0,0.5507427335221845,0.999999999623151,522.2670142901728,1079.1171808391564,Low
14682,1.0,14.0,201.0,31.200000000000003,0.5727352351476344,0.9999999979754193,158.40786323287006,340.3751705472151,Low
14684,4.0,337.0,362.0,266.98,1.0048687078661263,1.0,333.7206827986773,1258.1130866666622,Low
14688,19.0,366.0,373.0,272.94157894736844,4.174550775108059,1.0,284.9458247149962,4462.716303817495,Platinum
14690,1.0,107.0,151.0,154.99,0.715616887341345,0.9999999996631759,768.7347508938933,2063.8794586061813,Medium
14691,3.0,182.0,212.0,558.2433333333333,1.2371754221791367,1.0,760.6862241763455,3530.7264343553597,High
14692,3.0,185.0,322.0,110.64999999999999,0.8707756155974766,1.0,151.11462790995765,493.6737090116088,Low
14696,6.0,369.0,373.0,297.3883333333333,1.4048148870893777,1.0,343.1326133322626,1808.457607678305,Medium
14698,4.0,50.0,51.0,188.18,4.116848322534075,1.0,235.30758573634392,3634.3607081513023,High
14700,2.0,206.0,238.0,756.875,0.8121343401325715,1.0,1259.2673622273476,3836.8344070337257,High
14701,6.0,306.0,316.0,358.82,1.6239430204567529,1.0,413.9768081458068,2522.1681248920454,High
14702,16.0,364.0,365.0,185.84,3.6036277730530926,1.0,195.64581237136494,2645.0733267559954,High
14704,8.0,169.0,180.0,179.59875,3.371179962727234,1.0,199.60488343838068,2524.528822207049,High
14708,2.0,366.0,368.0,353.655,0.5592075074521643,1.0,588.8128017096989,1235.3143060923908,Low
14709,11.0,343.0,358.0,418.81272727272733,2.5610389662695607,1.0,451.6267660322103,4339.334139962749,Platinum
14710,3.0,45.0,59.0,144.40666666666667,2.9830036112631997,1.0,197.0873975028151,2205.66660589216,Medium
14711,10.0,252.0,262.0,266.82800000000003,3.0615150602177477,1.0,290.04234873729524,3331.3867000665564,High
14712,2.0,83.0,112.0,400.675,1.4460524285783058,1.0,666.9953656587586,3618.5459314593795,High
14713,10.0,356.0,365.0,236.74099999999999,2.3006111275348693,1.0,257.3491294325717,2221.2280724029315,Medium
14715,3.0,307.0,331.0,243.14333333333335,0.8501749116333005,1.0,331.5555922406476,1057.5280035807345,Low
14716,1.0,105.0,148.0,141.12,0.7264912597484529,0.9999999996643618,700.3509239946413,1908.8567314101074,Medium
14719,4.0,248.0,249.0,344.6675,1.385369485746177,1.0,430.74438175844915,2238.785437301147,Medium
14720,2.0,121.0,126.0,254.005,1.330647151280392,1.0,423.1196392783123,2112.2889463159668,Medium
14723,4.0,361.0,371.0,226.84,0.98335746922885,1.0,283.5899503610877,1046.2355950828053,Low
14730,6.0,275.0,276.0,287.9816666666666,1.8235531621056393,1.0,332.2846620713048,2273.295844369934,Medium
14731,2.0,165.0,212.0,126.18,0.8929057222005085,1.0,210.57846027387683,705.4184041136373,Low
14732,7.0,331.0,339.0,357.05571428571426,1.7594893643367053,1.0,403.0935734681974,2660.8460880557363,High
14733,11.0,351.0,367.0,705.080909090909,2.5056881485802105,1.0,760.2618521912766,7146.895833511394,Platinum
14735,19.0,355.0,358.0,305.97315789473686,4.328244281766063,1.0,319.4239881118772,5186.8838827930895,Platinum
14737,2.0,350.0,353.0,365.275,0.5800515290118979,1.0,608.1339712777141,1323.4059241961786,Low
14738,6.0,274.0,316.0,184.9466666666667,1.6239430204567529,1.0,213.46269274039219,1300.5288916905117,Low
14739,6.0,363.0,367.0,531.4,1.4250560610105094,1.0,612.9994263544631,3277.3230448304207,High
14740,2.0,86.0,283.0,463.555,0.7021959454276291,1.0,771.5491644915293,2032.5870619179045,Medium
14741,5.0,361.0,372.0,243.16800000000003,1.194586219055678,1.0,289.51216822217117,1297.512517434539,Low
14744,5.0,350.0,366.0,174.996,1.2118397611207004,1.0,208.40959070971007,947.5238112521489,Low
14745,3.0,173.0,285.0,326.55333333333334,0.9671167845721104,1.0,445.15059703200455,1615.1509414890172,Medium
14748,3.0,339.0,368.0,315.10999999999996,0.7748161613444305,1.0,429.5660687400839,1248.6935664366656,Low
14754,1.0,251.0,295.0,409.78000000000003,0.4164241876113012,0.9999999997178695,2024.9362833856303,3163.548838863954,High
14755,10.0,325.0,334.0,452.18199999999996,2.4866170649945816,1.0,491.4522257940875,4584.768907067221,Platinum
14758,3.0,115.0,259.0,276.43666666666667,1.0486445584697548,1.0,376.8973541339487,1482.7865237610406,Medium
14759,2.0,228.0,232.0,526.86,0.8294492253228616,1.0,876.8096326071231,2728.4899109299236,High
14761,1.0,276.0,334.0,158.4,0.3740674549534444,0.9999999997053082,785.5472130226927,1102.426009749304,Low
14765,2.0,147.0,176.0,86.805,1.0355025883706965,1.0,145.10762965936755,563.7267854736646,Low
14766,5.0,358.0,366.0,458.59399999999994,1.2118397611207004,1.0,545.7992635574908,2481.4491340033837,High
14768,1.0,110.0,127.0,59.400000000000006,0.8129670646609376,0.999999999733326,297.4434737994817,907.2033184858391,Low
14769,7.0,355.0,357.0,1475.3914285714286,1.6815636254340933,1.0,1665.1554680914116,10504.982331919142,Platinum
14770,1.0,91.0,323.0,597.82,0.3851160273114305,0.9999999989262323,2952.037567461717,4265.212830947258,Platinum
14775,2.0,314.0,372.0,302.66999999999996,0.5538997043567111,1.0,504.0374290397114,1047.4207061338313,Low
14776,8.0,261.0,312.0,247.4925,2.1399472557362755,1.0,275.0127886038277,2207.919286312098,Medium
14778,1.0,181.0,308.0,396.81,0.40127822541495173,0.9999999995432387,1960.9897632065893,2952.216171399711,High
14779,2.0,43.0,323.0,61.8,0.626776753509766,0.9999999999999998,103.53053456055349,243.44932293118353,Low
14780,1.0,25.0,79.0,114.88,1.116825678422395,0.9999999994586968,570.9787813964892,2392.393392503174,High
14784,1.0,297.0,323.0,175.31,0.38511602762688635,0.9999999997453513,868.9192759546573,1255.446640904927,Low
14785,1.0,5.0,15.0,37.92,2.2263191938824236,0.9999999997031064,191.5397534104456,1599.8290869707357,Medium
14788,1.0,19.0,26.0,310.99,1.9016234393396352,0.9999999997349869,1537.8679157304684,10971.620880313023,Platinum
14790,3.0,237.0,253.0,197.63333333333333,1.0694494192943174,1.0,269.57610934825277,1081.605492832817,Low
14794,6.0,332.0,334.0,190.135,1.5477061272475146,1.0,219.44597981965535,1274.216912498007,Low
14796,16.0,365.0,366.0,459.455,3.594953173377602,1.0,483.60806860661273,6522.498831141038,Platinum
14798,2.0,258.0,310.0,49.03,0.6494466966304484,1.0,82.29720105078123,200.51912978374088,Low
14800,11.0,322.0,369.0,343.9909090909091,2.4937113286739825,1.0,370.95891760262003,3470.5573707830217,High
14803,2.0,130.0,292.0,151.7,0.683685872981784,1.0,253.0118722683473,648.9701785835267,Low
14805,3.0,298.0,313.0,148.46666666666667,0.8923994685455426,1.0,202.61665921547436,678.3622740465456,Low
14808,5.0,133.0,172.0,412.31000000000006,2.2735947210149767,1.0,490.73630959418136,4185.896433332309,High
14810,10.0,329.0,369.0,190.744,2.2786179635696175,1.0,207.36774184459804,1772.7192032694115,Medium
14815,1.0,31.0,67.0,226.92000000000002,1.2319396516434629,0.9999999995908491,1123.3741646547578,5192.076701913074,Platinum
14817,1.0,77.0,277.0,529.5500000000001,0.4393871419854478,0.9999999989711434,2615.443201029711,4311.415421715804,Platinum
14818,2.0,180.0,253.0,269.775,0.7718529555088753,1.0,449.34122654919,1301.1820753857164,Low
14819,1.0,128.0,192.0,187.35,0.5940862185090647,0.9999999996292925,928.2805791894801,2068.9784940966515,Medium
14820,3.0,152.0,173.0,122.50666666666667,1.4541037644225367,1.0,167.26206954536735,912.4731602570885,Low
14823,1.0,14.0,194.0,110.78,0.5892051147783097,0.9999999980648553,550.764384115528,1217.4737063042644,Low
14824,3.0,81.0,91.0,228.60000000000002,2.303227857555421,1.0,311.7492138725587,2693.8257858969564,High
14825,11.0,365.0,368.0,185.71,2.499685392482571,1.0,200.31109462648857,1878.5276446958799,Medium
14828,2.0,140.0,336.0,778.88,0.6056360875731313,1.0,1295.8562035650564,2944.3931007537444,High
14829,3.0,343.0,372.0,153.52666666666667,0.7674618759230332,1.0,209.50780804947826,603.2318420917686,Low
14834,5.0,223.0,240.0,295.322,1.7394130263560512,1.0,351.55851903459984,2294.180470856128,Medium
14836,2.0,20.0,30.0,13.2,2.939025197650785,1.0,22.720823630644915,250.52704396303844,Low
14837,3.0,112.0,201.0,385.74666666666667,1.2915192023039335,1.0,525.7652353681319,2547.5338774363977,High
14841,5.0,305.0,358.0,580.12,1.2356349796471737,1.0,690.3758028225753,3200.3906253123723,High
14842,3.0,265.0,308.0,838.23,0.9048832706158358,1.0,1141.9964596578952,3876.899568426874,High
14844,3.0,178.0,241.0,771.7533333333334,1.1136380521276645,1.0,1051.4627434546412,4393.040276346403,Platinum
14849,12.0,352.0,373.0,631.225,2.683154527713396,1.0,676.2248534551305,6807.130047543233,Platinum
14851,1.0,233.0,256.0,305.22,0.46959813347081253,0.9999999997429365,1509.4198493131157,2659.2774623237306,High
14852,4.0,194.0,252.0,586.5725,1.3715811909934734,1.0,732.8588518709332,3771.1090638060314,High
14853,1.0,187.0,211.0,261.29999999999995,0.5507427335839443,0.9999999997352902,1292.879281366818,2671.369639008466,High
14854,6.0,196.0,274.0,382.925,1.8348297469697825,1.0,441.77516376012863,3041.055198002649,High
14855,1.0,15.0,134.0,339.3,0.7819416687786246,0.9999999987976875,1677.4458637851058,4920.963048663624,Platinum
14856,1.0,20.0,56.0,308.11,1.3604822163698784,0.999999999558441,1523.668534225793,7776.973197166619,Platinum
14857,1.0,89.0,148.0,650.6,0.7264912597020193,0.9999999996004472,3212.2609548980913,8755.247885498738,Platinum
14859,2.0,192.0,204.0,528.44,0.9210927740195473,1.0,879.4367795879721,3039.031726206533,High
14862,1.0,123.0,148.0,537.1,0.7264912597877436,0.9999999997184448,2652.6672740714807,7230.035128239855,Platinum
14865,1.0,365.0,372.0,15.0,0.34033753271107337,0.9999999997669511,78.5363422690719,100.27848195272728,Low
14866,10.0,356.0,366.0,1428.622,2.295073130328385,1.0,1552.4741641031305,13367.436940010295,Platinum
14867,2.0,151.0,336.0,204.77,0.6056360875731313,1.0,341.25408130230306,775.3839969483272,Low
14868,6.0,230.0,233.0,419.04333333333335,2.1011962729980564,1.0,483.42752941856526,3810.879653656467,High
14869,1.0,95.0,103.0,334.39,0.9409740988008998,0.999999999752732,1653.2378904559546,5836.3355584854335,Platinum
14871,3.0,357.0,360.0,127.32666666666667,0.7899558336944019,1.0,173.82636547024853,515.1642226293719,Low
14875,1.0,155.0,262.0,1103.32,0.4605506665373947,0.999999999556185,5444.324841980233,9406.946611647352,Platinum
14878,8.0,346.0,358.0,145.44125,1.8983369729583648,1.0,161.66699488915847,1151.3885492808886,Low
14880,2.0,211.0,288.0,288.495,0.6917906669953665,1.0,480.4679300184882,1246.9996673437915,Low
14882,1.0,7.0,33.0,341.8,1.740122736422596,0.9999999995849003,1689.7717157856919,11031.514800753763,Platinum
14883,4.0,193.0,211.0,112.75750000000001,1.587517724945297,1.0,141.11263886852876,840.449707681087,Low
14891,1.0,39.0,187.0,105.0,0.6066502737764837,0.9999999989122479,522.2670142901728,1188.6615897885733,Low
14893,1.0,2.0,11.0,428.73,2.373701554682254,0.9999999997065869,2118.366241550073,18864.895124074013,Platinum
14895,10.0,283.0,290.0,879.2369999999999,2.8089616542095084,1.0,955.4999131733101,10069.402395647943,Platinum
14896,1.0,161.0,365.0,211.55,0.3460861590262345,0.999999999331751,1047.5948265551542,1360.2063878469344,Medium
14897,3.0,289.0,296.0,396.96000000000004,0.9363189331822407,1.0,541.0365296221432,1900.5426851771824,Medium
14898,5.0,348.0,371.0,241.004,1.1974276106203185,1.0,286.93770982668667,1289.0332792212432,Low
14901,8.0,361.0,372.0,152.14249999999998,1.8352727337546424,1.0,169.1099071526577,1164.3857923175285,Low
14903,4.0,257.0,278.0,569.3625000000001,1.2626666779934885,1.0,711.3653315607461,3369.83509999725,High
14904,1.0,23.0,25.0,628.48,1.9271750129499554,0.999999999763022,3103.201816396905,22436.67054877493,Platinum
14905,1.0,76.0,233.0,307.6,0.5078413323705568,0.9999999991727382,1521.1540604176737,2898.200850661324,High
14907,5.0,364.0,367.0,576.606,1.2089296434965686,1.0,686.1952821193719,3112.260842725545,High
14910,3.0,52.0,54.0,73.31333333333333,3.127217427370612,1.0,100.26630242268637,1176.3601694462238,Low
14911,131.0,372.0,373.0,1093.661679389313,28.036890733420844,1.0,1100.364822206229,115742.74579697427,Platinum
14912,1.0,230.0,246.0,385.06,0.48549392410608877,0.9999999997520344,1903.0582588038344,3466.275813896363,High
14913,3.0,324.0,359.0,308.8533333333333,0.7918899949281497,1.0,421.0451949842043,1250.8948528555438,Low
14915,1.0,186.0,277.0,165.20000000000002,0.4393871422696771,0.9999999996180202,819.073530464287,1350.1980282565423,Medium
14916,3.0,254.0,324.0,324.6433333333334,0.8661118657159127,1.0,442.5493926302363,1438.0135277179188,Medium
14918,1.0,39.0,154.0,844.73,0.7050632563288143,0.9999999991439823,4169.388014447606,11028.783975162049,Platinum
14921,1.0,171.0,201.0,413.06,0.5727352361479172,0.9999999997219207,2041.1078012103992,4385.7823909555045,Platinum
14930,1.0,166.0,274.0,1268.73,0.4434628005557754,0.9999999995663942,6259.852513747015,10414.74235085833,Platinum
14931,4.0,236.0,240.0,241.17,1.4284494330768696,1.0,301.48664681925055,1615.6979970704767,Medium
14934,1.0,201.0,282.0,1062.1,0.4327583444803559,0.9999999996453404,5241.096194194569,8509.319207765528,Platinum
14936,4.0,242.0,275.0,1640.165,1.2743427941656333,1.0,2048.687544341066,9794.656923909677,Platinum
14937,1.0,74.0,130.0,862.3199999999999,0.7993740363605925,0.9999999995881022,4256.1127091237295,12764.105720543885,Platinum
14944,6.0,267.0,296.0,857.66,1.7179693744184177,1.0,989.2488145614178,6375.998263930262,Platinum
14947,1.0,58.0,130.0,112.32,0.7993740362790502,0.9999999994860946,558.357108947889,1674.5160795256343,Medium
14948,5.0,196.0,219.0,164.714,1.8754955549789794,1.0,196.17734430380847,1380.359232438477,Medium
14952,7.0,305.0,364.0,1059.047142857143,1.6530917047903826,1.0,1195.3034805961106,7413.142778396993,Platinum
14958,2.0,98.0,245.0,144.515,0.7928255857961242,1.0,241.0650045104997,717.0328609577365,Low
14959,3.0,232.0,296.0,172.25333333333333,0.9363189331822407,1.0,235.01141420852565,825.5435626853063,Low
14960,1.0,163.0,171.0,132.97,0.6506856365826733,0.9999999997593196,660.1686464727305,1611.5854902541948,Medium
14961,7.0,350.0,360.0,837.4257142857142,1.6692421595844398,1.0,945.1997269029663,5919.297482250435,Platinum
14963,4.0,174.0,183.0,298.4,1.7787660358878885,1.0,372.9610319065264,2488.9118772598613,High
14970,3.0,248.0,316.0,418.18666666666667,0.8850731678366239,1.0,569.9448535845522,1892.5146290982477,Medium
14971,1.0,8.0,43.0,500.21,1.5518445254086193,0.999999999515552,2470.7870019508314,14385.029289517084,Platinum
14973,2.0,118.0,225.0,329.925,0.8506068748996315,1.0,549.3557144593547,1753.1124300645017,Medium
14976,4.0,269.0,326.0,158.72750000000002,1.1012274244577676,1.0,198.524441812126,820.1971124226678,Low
14978,4.0,258.0,330.0,405.29,1.0896179271491533,1.0,506.4556504978058,2070.3458249957175,Medium
14984,1.0,161.0,180.0,103.09,0.6251599828767322,0.9999999997395737,512.850063361725,1202.8426483496555,Low
14985,1.0,160.0,358.0,172.24,0.35203232166823,0.9999999993446924,853.7831296979376,1127.6059089443297,Low
14987,1.0,350.0,365.0,163.2,0.34608615917422375,0.9999999997593592,809.2128488638181,1050.6891201844796,Low
14995,1.0,242.0,280.0,113.92,0.4353857166915758,0.9999999997241436,566.2456542282641,924.9245212267009,Low
14997,2.0,132.0,178.0,195.45999999999998,1.026396184678102,1.0,325.77386713033906,1254.4648770280849,Low
14998,1.0,71.0,241.0,246.23,0.49385231843211713,0.9999999990771504,1218.579045507285,2257.7613635051025,Medium
15002,3.0,252.0,367.0,336.7033333333333,0.7766768084686875,1.0,458.97375131365266,1337.3818358279427,Medium
15005,27.0,351.0,366.0,225.70629629629627,5.978066585634484,1.0,232.60846951699722,5216.911938587097,Platinum
15009,2.0,13.0,25.0,334.61,3.1364794279889994,1.0,557.1457040829478,6555.992734933736,Platinum
15012,1.0,320.0,373.0,231.98,0.3395318531406289,0.9999999997190423,1148.321689103944,1462.7541050467921,Medium
15014,1.0,133.0,176.0,142.44,0.6362530856039946,0.9999999996820652,706.8589738509509,1687.290695009676,Medium
15018,2.0,329.0,367.0,192.48000000000002,0.5605503909547471,1.0,320.8188683943077,674.6861522788787,Low
15021,7.0,358.0,366.0,244.16857142857143,1.6451331088037757,1.0,275.69840976828493,1701.619829605008,Medium
15022,2.0,36.0,47.0,275.905,2.420855724418568,1.0,459.53389173438217,4173.627533992871,High
15023,10.0,366.0,369.0,634.216,2.2786179635696175,1.0,689.254515251861,5892.212087851083,Platinum
15024,6.0,358.0,367.0,195.01833333333335,1.4250560610105094,1.0,225.0775349568996,1203.348258537079,Low
15026,2.0,197.0,277.0,180.01,0.7151030516642222,1.0,300.08436026064595,805.0803504516557,Low
15027,3.0,208.0,238.0,241.58333333333334,1.1252617383205255,1.0,329.43104833135,1390.737977847264,Medium
15028,2.0,360.0,368.0,220.58,0.5592075074521643,1.0,367.5421786233289,771.09415764641,Low
15030,1.0,197.0,268.0,365.52,0.45184523424728207,0.9999999996603086,1806.719399567253,3062.7224916257205,High
15031,3.0,278.0,282.0,172.43666666666664,0.9758710074406796,1.0,235.26109351410548,861.3303709758229,Low
15032,1.0,110.0,366.0,2188.5,0.3452530653941063,0.9999999989559885,10794.63207157866,13982.107008070534,Platinum
15033,9.0,325.0,329.0,224.0666666666667,2.281642934829265,1.0,245.95538859509318,2105.383701226066,Medium
15034,6.0,338.0,353.0,577.6183333333333,1.4746327189406045,1.0,666.299308781398,3686.2133067214445,High
15036,2.0,107.0,179.0,206.2,1.0219027824519262,1.0,343.63181559509667,1317.437989192067,Low
15038,5.0,311.0,369.0,115.81199999999998,1.2031511380478086,1.0,137.99981913930736,622.9109100892096,Low
15039,41.0,359.0,368.0,470.8031707317073,8.967945009250771,1.0,480.1617507762139,16155.028637459161,Platinum
15044,14.0,343.0,362.0,490.3057142857143,3.192398605223334,1.0,519.9802927673219,6227.750864012471,Platinum
15045,1.0,106.0,257.0,346.76,0.46806561707438576,0.9999999993306332,1714.2262061548547,3010.246805929154,High
15046,14.0,329.0,338.0,335.8442857142857,3.3901606811389695,1.0,356.19262766508933,4530.357172691974,Platinum
15048,3.0,303.0,368.0,95.11666666666667,0.7748161613444305,1.0,129.9599812917375,377.7770274295393,Low
15050,1.0,46.0,71.0,458.90999999999997,1.1910192235847974,0.9999999996712239,2267.1639269011484,10130.454450099089,Platinum
15051,2.0,127.0,150.0,506.93499999999995,1.1705074487381757,1.0,843.6793138771142,3704.919845388961,High
15053,2.0,277.0,281.0,237.57,0.7064462310019778,1.0,395.79232242372285,1048.9957098083908,Low
15054,1.0,28.0,40.0,133.68,1.6039064814283843,0.9999999997145157,663.6691884408971,3993.5390179913124,High
15057,1.0,40.0,315.0,358.5,0.39357029200844706,0.9999999978708118,1772.1084071496073,2616.615013917861,High
15058,7.0,287.0,312.0,260.81,1.8909315238687425,1.0,294.478560132622,2089.087916453072,Medium
15059,6.0,294.0,334.0,192.49,1.5477061272475146,1.0,222.1618116998349,1289.986437718155,Low
15060,1.0,1.0,9.0,16.61,2.4549607729076977,0.9999999997130706,86.47419095744937,796.4496002229162,Low
15061,28.0,369.0,372.0,1611.6714285714286,6.106516165081086,1.0,1658.9353484772328,38005.828678112186,Platinum
15062,3.0,288.0,359.0,259.5933333333333,0.7918899949281497,1.0,353.958635386767,1051.585531443221,Low
15065,3.0,254.0,291.0,794.8233333333334,0.9500712218820535,1.0,1082.881479344062,3859.795747876252,High
15067,1.0,204.0,282.0,896.71,0.43275834448324113,0.9999999996520075,4425.667129243793,7185.407959505915,Platinum
15068,1.0,210.0,256.0,313.4,0.46959813345331325,0.9999999997056721,1549.7500370590333,2730.330694609787,High
15071,1.0,182.0,275.0,393.40000000000003,0.442095872610762,0.999999999611271,1944.17730107779,3224.6275693628445,High
15073,2.0,177.0,186.0,306.21500000000003,0.9915178113735158,1.0,509.9318822340845,1896.880273940323,Medium
15078,19.0,361.0,368.0,487.7873684210527,4.224554623620738,1.0,509.2005673177781,8070.436836230972,Platinum
15079,2.0,153.0,365.0,376.83000000000004,0.5632556001772135,1.0,627.3470620142388,1325.6858504227703,Low
15081,4.0,345.0,367.0,98.41250000000001,0.9928032259826282,1.0,123.19720895280322,458.8717088880774,Low
15088,1.0,46.0,67.0,295.88,1.2319396517637076,0.999999999688455,1463.3704662389257,6763.4915808335745,Platinum
15089,5.0,118.0,128.0,239.856,2.8374347915831613,1.0,285.5719620272337,3039.965738832324,High
15092,1.0,68.0,283.0,134.65,0.43145651358501763,0.9999999988085575,668.4516190171245,1082.0173965661602,Low
15093,5.0,354.0,372.0,794.658,1.194586219055678,1.0,945.6064660621511,4237.943551101904,Platinum
15095,2.0,100.0,203.0,300.05,0.924741779706224,1.0,499.68102075501275,1733.566745973549,Medium
15100,2.0,40.0,373.0,262.79999999999995,0.5525884600066939,0.9999999999999996,437.74353655461977,907.5045004020648,Low
15101,1.0,351.0,359.0,215.25,0.3511703910086544,0.9999999997658224,1065.8370875160215,1404.2225836436417,Medium
15103,1.0,55.0,86.0,411.68,1.0590970599338176,0.9999999996566251,2034.3039309060755,8083.116435927416,Platinum
15104,1.0,86.0,282.0,652.8,0.432758344225024,0.9999999990553301,3223.107704658607,5232.961057678401,Platinum
15105,4.0,116.0,134.0,441.4875,2.253949411452478,1.0,551.6626058393516,4664.927998262617,Platinum
15106,4.0,252.0,269.0,252.95499999999998,1.298355060883007,1.0,316.2048999776211,1540.2432164766506,Medium
15107,5.0,61.0,372.0,40.7,1.1945862190556737,0.9999999999999964,48.64089168938704,217.99486430471873,Low
15108,3.0,86.0,227.0,369.6166666666666,1.1700405064904191,1.0,503.79799610084274,2211.487897190954,Medium
15110,3.0,295.0,318.0,275.48333333333335,0.8802554330065976,1.0,375.5990217449335,1240.3961248509224,Low
15111,2.0,343.0,372.0,639.49,0.5538997043567111,1.0,1064.0853063115592,2211.234560589897,Medium
15113,2.0,45.0,54.0,683.3199999999999,2.2570043709291063,1.0,1136.96369376131,9627.33825480023,Platinum
15114,9.0,271.0,301.0,277.9455555555556,2.463954060495856,1.0,305.07038330847655,2820.0699970945057,High
15116,3.0,187.0,204.0,291.03333333333336,1.2762303043096521,1.0,396.77636648184273,1899.7746263457216,Medium
15117,4.0,201.0,215.0,309.84499999999997,1.5635028996847569,1.0,387.2546600268107,2271.5514485340664,Medium
15121,1.0,238.0,288.0,162.57,0.4250631059951121,0.9999999997070084,806.1067341596704,1285.5032964150816,Low
15122,2.0,183.0,297.0,618.3700000000001,0.6738180816559608,1.0,1028.967999833377,2601.1881311561037,High
15123,1.0,199.0,206.0,1129.84,0.5615237291426062,0.9999999997628153,5575.077480002451,11744.817021510538,Platinum
15124,1.0,169.0,191.0,93.44,0.5965572232022657,0.9999999997355931,465.2722746394625,1041.3255311664886,Low
15125,9.0,245.0,270.0,854.1777777777778,2.7030808241399176,1.0,937.3025149063616,9505.304807376628,Platinum
15128,3.0,159.0,219.0,329.09999999999997,1.2049120556968291,1.0,448.6188695676955,2027.9634361406715,Medium
15129,9.0,241.0,291.0,343.55555555555554,2.5363332603222424,1.0,377.0565523466604,3587.897629088667,High
15132,4.0,244.0,262.0,166.04000000000002,1.3275387979004445,1.0,207.65700237390664,1034.2393010559417,Low
15133,2.0,174.0,301.0,324.61,0.6661265981523126,1.0,540.5181915459295,1350.8101780934333,Medium
15134,7.0,226.0,240.0,182.55571428571426,2.3613402129144165,1.0,206.167196353958,1826.4397994848346,Medium
15136,2.0,94.0,96.0,351.9,1.6051527570884359,1.0,585.8946732594521,3528.280892121636,High
15139,1.0,97.0,336.0,56.86,0.3721263795115442,0.9999999989390393,284.92040816688615,397.77844852014357,Low
15140,5.0,212.0,264.0,381.62,1.6062194843682691,1.0,454.2251597987018,2737.1796990212715,High
15144,13.0,304.0,312.0,477.0861538461538,3.3850259150739226,1.0,508.32891706858817,6455.56187186024,Platinum
15145,3.0,244.0,248.0,257.5,1.0874280155187392,1.0,351.1077516794189,1432.4127217394755,Medium
15146,1.0,127.0,291.0,492.94,0.4213172087961449,0.9999999993531912,2434.943424333127,3848.7996755572226,High
15150,9.0,252.0,269.0,534.8022222222221,2.7115697877590366,1.0,586.8891216905998,5970.408956659936,Platinum
15152,12.0,178.0,187.0,332.46583333333336,4.794061043400923,1.0,356.2064862516498,6406.673872722579,Platinum
15156,2.0,32.0,33.0,321.845,2.8320516451607265,1.0,535.920684329444,5694.150246007949,Platinum
15157,2.0,355.0,358.0,425.305,0.5729329863359831,1.0,707.9489290374345,1521.7138395857173,Medium
15159,18.0,360.0,361.0,932.2238888888888,4.0773208544665165,1.0,975.476904156866,14921.727816189967,Platinum
15163,1.0,174.0,192.0,149.47,0.5940862185767756,0.9999999997432674,741.519269676599,1652.7195079676872,Medium
15164,2.0,271.0,339.0,334.83,0.6009584333037756,1.0,557.511509358762,1256.9717163918854,Low
15172,4.0,228.0,236.0,319.4125,1.4484681378275015,1.0,399.20348370883966,2169.3543801156607,Medium
15179,4.0,301.0,319.0,230.33249999999998,1.1221506378609596,1.0,287.95172373025264,1212.2664257767651,Low
15181,2.0,203.0,269.0,194.74,0.7330691701325921,1.0,324.5766862276738,892.6670641086207,Low
15182,1.0,114.0,268.0,252.37,0.4518452341054276,0.9999999993463637,1248.8513380207246,2117.033271114643,Medium
15184,1.0,161.0,190.0,171.53,0.5990488691586262,0.9999999997212512,850.2825877297711,1910.9651736083254,Medium
15186,1.0,154.0,168.0,182.15,0.6596637914775011,0.9999999997476992,902.642807028261,2233.91068987943,Medium
15187,13.0,211.0,212.0,334.2753846153846,4.679872421965414,1.0,356.18874558597616,6253.763321850065,Platinum
15189,37.0,331.0,332.0,427.21378378378375,8.870536135907694,1.0,436.6465564541813,14531.389473670572,Platinum
15192,2.0,246.0,365.0,364.65999999999997,0.5632556001772135,1.0,607.1113792566874,1282.924578505439,Low
15194,14.0,365.0,368.0,515.0264285714286,3.146511354159381,1.0,546.1936206509506,6447.675331359713,Platinum
15197,2.0,348.0,358.0,261.555,0.5729329863359831,1.0,435.67341124376105,936.4662226843975,Low
15198,1.0,32.0,124.0,86.0,0.8270303771964913,0.9999999992429303,428.5905390857182,1329.8151480194304,Low
15199,3.0,249.0,308.0,305.2,0.9048832706158358,1.0,416.0697673675585,1412.4918583600318,Medium
15201,3.0,160.0,247.0,311.68666666666667,1.091096516967527,1.0,424.90387516134746,1739.3264261334193,Medium
15203,5.0,286.0,311.0,323.172,1.396764686585649,1.0,384.6909896049519,2015.8698748017346,Medium
15205,1.0,42.0,127.0,176.94,0.8129670643518309,0.9999999993531055,876.9557314590395,2674.717112733332,High
15206,3.0,265.0,275.0,134.20000000000002,0.9969271537046283,1.0,183.18706961762408,685.1497044435107,Low
15208,4.0,352.0,353.0,201.18,1.0273421239762508,1.0,251.54324895728726,969.5160339260016,Low
15211,1.0,305.0,365.0,511.34000000000003,0.346086159156748,0.9999999997088638,2525.661695057441,3279.341483338376,High
15213,1.0,11.0,329.0,15.15,0.37900990550897434,0.9999999957770687,79.27589338910707,112.72466141443022,Low
15214,7.0,241.0,242.0,163.78714285714287,2.3451346242592397,1.0,184.98652715603026,1627.5528956116857,Medium
15215,1.0,50.0,96.0,434.90000000000003,0.9862683164028702,0.9999999995840556,2148.7864442875193,7950.886820337574,Platinum
15218,8.0,308.0,318.0,646.90375,2.1050020145865913,1.0,718.6289633181811,5675.2430656896295,Platinum
15220,5.0,229.0,280.0,292.57,1.5282057580091752,1.0,348.28453127842,1996.8399271114758,Medium
15223,1.0,24.0,249.0,454.9,0.4806133274601631,0.9999999978798273,2247.393260292208,4052.3049291868697,High
15224,1.0,4.0,362.0,310.48,0.34860973661234457,0.9999999941291957,1535.3534419223488,2008.0527337786816,Medium
15227,3.0,281.0,317.0,300.39000000000004,0.8826577264135572,1.0,409.51909031389084,1356.106236060663,Medium
15228,3.0,228.0,294.0,827.2866666666667,0.9417717949531214,1.0,1127.092874926647,3982.287568531555,High
15230,1.0,1.0,240.0,59.400000000000006,0.4955586514181225,0.9999999963249588,297.4434737994817,553.0020496690008,Low
15232,1.0,27.0,140.0,301.7,0.757173550559218,0.9999999990360056,1492.06504969629,4238.482813138036,Platinum
15235,9.0,156.0,373.0,240.89000000000001,2.0439847074013833,0.9999999999999989,264.4136619851106,2027.630275231552,Medium
15237,3.0,226.0,227.0,157.79999999999998,1.1700405064904191,1.0,215.32760568135768,945.2089876913903,Low
15238,2.0,155.0,184.0,385.925,1.0000132726666977,1.0,642.4697846666568,2410.381058691856,High
15239,1.0,68.0,78.0,318.8,1.1255903925759028,0.9999999997415245,1576.3738773802995,6656.820416954148,Platinum
15240,4.0,267.0,311.0,348.4175,1.1470580560586479,1.0,435.4277461491059,1873.8237233598616,Medium
15241,7.0,217.0,283.0,194.44428571428574,2.055893102070404,1.0,219.5836622593588,1693.6660712419957,Medium
15244,1.0,183.0,248.0,333.63,0.4822292538235593,0.9999999996638569,1649.4908314477764,2984.219011011911,High
15245,2.0,127.0,261.0,632.1800000000001,0.7519613087196796,1.0,1051.930594646999,2967.630429180511,High
15246,1.0,120.0,358.0,328.15,0.35203232157553144,0.9999999990813684,1622.4725638624914,2142.827125521812,Medium
15249,11.0,225.0,256.0,516.9672727272728,3.416331523560175,1.0,557.450390581963,7144.855773107167,Platinum
15251,9.0,232.0,241.0,848.7744444444445,2.9729952518470553,1.0,931.3740700549215,10388.326538291229,Platinum
15252,1.0,147.0,183.0,440.23,0.617090728239641,0.9999999997032933,2175.0651607527693,5035.568722933648,Platinum
15253,2.0,153.0,169.0,372.17499999999995,1.0686882869109102,1.0,619.6069549282566,2484.2458183554913,High
15258,1.0,49.0,217.0,307.5,0.5383396859374744,0.99999999889068,1520.6610263376501,3071.2562002379614,High
15260,5.0,272.0,372.0,278.054,1.194586219055678,1.0,331.015197605198,1483.51748042665,Medium
15265,1.0,84.0,235.0,793.88,0.504270303166783,0.9999999992418895,3918.680184755684,7413.622155781906,Platinum
15267,4.0,160.0,182.0,170.4,1.786452248722366,1.0,213.10219403877684,1428.2576776838002,Medium
15270,4.0,295.0,310.0,424.1975,1.1502494439800004,1.0,530.069173755497,2287.451078222841,Medium
15271,14.0,358.0,365.0,171.09428571428572,3.1692888912136876,1.0,181.49517681823,2158.0134678080585,Medium
15272,1.0,29.0,86.0,422.98,1.059097059723533,0.9999999994580742,2090.0167819487247,8304.486238029871,Platinum
15274,1.0,14.0,18.0,332.58000000000004,2.127258596011289,0.9999999997498601,1644.3139736075304,13122.974013603543,Platinum
15281,8.0,275.0,333.0,193.96625,2.0224362837535823,1.0,215.56250954482732,1635.593263586825,Medium
15287,1.0,48.0,70.0,145.71,1.2009923421692903,0.9999999996861133,722.9811882677175,3257.5753463016003,High
15288,4.0,322.0,365.0,535.2175,0.9975944820166257,1.0,668.7217376623529,2502.8032661637267,High
15289,2.0,220.0,249.0,282.165,0.7821987142348228,1.0,469.94271458255565,1379.0793420991322,Medium
15290,16.0,355.0,359.0,482.72625,3.6565674198703264,1.0,508.09956817869215,6970.270706328978,Platinum
15291,14.0,348.0,373.0,309.9642857142857,3.1092677412547296,1.0,328.75001748046583,3834.8743578617605,High
15296,5.0,276.0,326.0,494.70599999999996,1.3409570424599613,1.0,588.7608354510834,2961.972434165524,High
15297,2.0,53.0,63.0,205.74,2.076320270090425,1.0,342.8669500183939,2670.835880665224,High
15298,10.0,364.0,366.0,440.23,2.295073130328385,1.0,478.4649104376195,4119.778393850086,High
15299,3.0,305.0,372.0,890.6666666666666,0.7674618759230332,1.0,1213.4092806774706,3493.746235087592,High
15301,9.0,318.0,368.0,488.5533333333334,2.0684680846980372,1.0,536.1456323843397,4160.6274579317005,High
15304,7.0,308.0,368.0,81.60714285714286,1.6372507769134979,1.0,92.24492445546754,566.6108920471809,Low
15306,2.0,84.0,148.0,414.865,1.1823653148925584,1.0,690.5898059487874,3063.3673439949803,High
15311,89.0,373.0,373.0,677.7294382022471,19.088513249053907,1.0,683.8652694886758,48974.48594548788,Platinum
15312,3.0,279.0,354.0,211.70333333333335,0.8017046323718554,1.0,288.73786114557197,868.4510851336416,Low
15315,1.0,52.0,116.0,336.96,0.8670262974766816,0.9999999995051942,1665.908866312557,5418.895097983643,Platinum
15321,1.0,221.0,291.0,1588.8400000000001,0.4213172089306861,0.9999999996725257,7838.103907310067,12389.319391818864,Platinum
15329,2.0,132.0,171.0,370.3,1.0589915806935752,1.0,616.4892963275657,2449.3186086536643,High
15330,1.0,28.0,60.0,394.56,1.3107492404255399,0.9999999996061977,1949.8964964060617,9588.670780215472,Platinum
15332,1.0,3.0,369.0,63.0,0.3427776754999462,0.9999999937848449,315.19270068032574,405.3366882501623,Low
15334,2.0,17.0,173.0,118.58500000000001,1.0494692576734561,0.9999999999999998,197.94986450201148,779.3852170852285,Low
15339,1.0,252.0,318.0,316.17,0.39035680025316044,0.9999999996889073,1563.4070810756828,2289.6076008841233,Medium
15344,2.0,74.0,74.0,127.625,1.8912694082031543,1.0,212.98113583547595,1511.1993936434556,Medium
15349,1.0,29.0,187.0,107.7,0.6066502736373982,0.9999999986829797,535.5789344508058,1218.9590575634154,Low
15351,6.0,357.0,369.0,280.9066666666667,1.4182445031521724,1.0,324.125634235946,1724.6132668169087,Medium
15353,1.0,113.0,367.0,465.37,0.34442397309041006,0.9999999989826593,2299.0139284706634,2970.7233424822202,High
15355,1.0,24.0,53.0,150.8,1.4003311635287803,0.999999999614311,748.076622940911,3930.104256885177,High
15356,9.0,337.0,368.0,290.69777777777773,2.0684680846980372,1.0,319.06190326734514,2476.0021071335304,High
15358,14.0,361.0,365.0,551.6178571428571,3.1692888912136876,1.0,584.9944054416851,6955.698920858165,Platinum
15364,1.0,159.0,254.0,581.39,0.4726934703583856,0.9999999995871627,2871.0320681138646,5091.489829610448,Platinum
15365,3.0,290.0,315.0,701.9033333333333,0.8875018655128168,1.0,956.3349280287173,3184.2453727882516,High
15366,1.0,283.0,358.0,496.97,0.35203232178845045,0.9999999996861964,2454.8126977580723,3242.11290666776,High
15367,2.0,218.0,275.0,556.505,0.7195115132436224,1.0,926.1018935231136,2499.9064318102164,High
15370,6.0,292.0,332.0,366.97499999999997,1.5558215599129885,1.0,423.3813130217576,2471.2615094402095,High
15373,10.0,363.0,371.0,208.161,2.2677783175776556,1.0,226.29345064342704,1925.3062362574324,Medium
15376,2.0,182.0,222.0,289.595,0.8600085140760597,1.0,482.2969563975602,1556.1250936745762,Medium
15379,6.0,189.0,358.0,368.6383333333333,1.4565356440842372,1.0,425.2995014268667,2324.0379992953513,Medium
15380,4.0,357.0,365.0,365.03999999999996,0.9975944820166257,1.0,456.1875393714235,1707.3583812501654,Medium
15381,1.0,55.0,268.0,314.55,0.4518452337977765,0.9999999986654866,1555.419928979303,2636.723553646279,High
15382,4.0,281.0,295.0,1234.0725,1.2003440783293429,1.0,1541.5197699909945,6941.95968626769,Platinum
15384,1.0,190.0,359.0,338.84,0.3511703909042509,0.9999999994685209,1675.1779070169978,2207.0189483056884,Medium
15392,3.0,356.0,360.0,398.8500000000001,0.7899558336944019,1.0,543.6104962814846,1611.0828640546488,Medium
15393,1.0,265.0,281.0,107.76,0.4340680548448151,0.9999999997544124,535.8747548988199,872.6666056621757,Low
15394,3.0,349.0,358.0,531.96,0.7938336507730469,1.0,724.8912910036704,2158.885557177002,Medium
15398,1.0,62.0,78.0,710.6800000000001,1.1255903925505397,0.9999999997189915,3508.4758301761776,14815.833904196455,Platinum
15399,2.0,78.0,79.0,255.3,1.817635005928069,1.0,425.27290215185616,2900.024207879321,High
15400,4.0,186.0,278.0,92.525,1.2626666779934885,1.0,115.84432685947216,548.7704579728565,Low
15402,1.0,48.0,196.0,185.78,0.5844035666681784,0.99999999901076,920.539944133112,2018.286103893927,Medium
15406,1.0,270.0,301.0,258.42,0.4092941034241617,0.9999999997369973,1278.679899862143,1963.471312573813,Medium
15407,3.0,272.0,305.0,297.1466666666667,0.9125426217509595,1.0,405.1020364169964,1386.8989470298839,Medium
15410,7.0,177.0,261.0,438.32000000000005,2.2015964029515382,1.0,494.80177618734206,4086.920511551574,High
15411,3.0,156.0,182.0,400.82666666666665,1.3975539106917383,1.0,546.3024931580092,2864.369141814881,High
15414,2.0,233.0,242.0,369.35,0.8009871831266012,1.0,614.9096826365491,1847.839015398922,Medium
15416,3.0,218.0,282.0,869.6933333333333,0.9758710074406796,1.0,1184.8459681191355,4337.9200616020025,Platinum
15421,2.0,252.0,310.0,327.65,0.6494466966304484,1.0,545.572955357183,1329.3017605089935,Low
15426,3.0,350.0,369.0,345.3233333333333,0.7729644078390859,1.0,470.71321829964353,1365.0329188776243,Medium
15427,1.0,14.0,47.0,1112.11,1.4874679615193225,0.9999999995576272,5487.662537614294,30624.023616433264,Platinum
15429,1.0,49.0,75.0,154.29000000000002,1.1527298488577105,0.9999999996703206,765.2835123337292,3309.612359861762,High
15433,1.0,54.0,267.0,160.66,0.45327321250208524,0.9999999986516614,796.6897832312226,1354.8042045538657,Medium
15434,3.0,192.0,200.0,244.84,1.2966972310730884,1.0,333.8662607231957,1624.1956784794643,Medium
15436,2.0,222.0,234.0,316.74,0.8235961408770366,1.0,527.4323391792962,1629.7023500396738,Medium
15440,2.0,154.0,208.0,128.94,0.9067802540226825,1.0,215.16765373409385,731.9918954919381,Low
15443,6.0,319.0,320.0,466.5333333333333,1.6063594563857249,1.0,538.1939226201475,3243.4615779252417,High
15444,1.0,31.0,40.0,1075.36,1.6039064814553017,0.999999999731298,5306.472513205678,31930.97615323173,Platinum
15449,2.0,235.0,261.0,314.3,0.7519613087196796,1.0,523.3752261202637,1476.5082932443213,Medium
15452,2.0,235.0,264.0,145.74,0.7447637377123525,1.0,243.10187479628448,679.2569098254745,Low
15453,6.0,186.0,187.0,198.54666666666665,2.5100188057838912,1.0,229.14647769599375,2157.830837658099,Medium
15456,1.0,76.0,359.0,204.0,0.35117039056792215,0.9999999985107844,1010.3707535133839,1331.146612154815,Medium
15462,2.0,93.0,187.0,64.8,0.9873239807058732,1.0,108.51878832165896,401.96834667421143,Low
15465,17.0,350.0,369.0,401.11,3.7842715193001415,1.0,420.90184160765443,5975.721505081489,Platinum
15467,2.0,143.0,152.0,118.22999999999999,1.158885064513749,1.0,197.3595878069473,858.0761465643332,Low
15469,1.0,70.0,120.0,234.25,0.8465561946405596,0.9999999996038125,1159.5135627204763,3682.6365479759697,High
15473,3.0,46.0,60.0,374.0,2.9557423863014733,1.0,509.76760131607017,5652.83154592003,Platinum
15478,1.0,16.0,56.0,614.59,1.3604822163102925,0.9999999995146434,3034.7193826816488,15489.544325987978,Platinum
15482,8.0,343.0,358.0,1291.415,1.8983369729583648,1.0,1434.471632460241,10216.273352612092,Platinum
15483,1.0,105.0,266.0,118.96000000000001,0.45471024587795844,0.9999999992917825,591.0945718614458,1008.3677451934457,Low
15484,3.0,77.0,78.0,652.5966666666667,2.538208781582032,1.0,889.1848136989507,8467.332480096513,Platinum
15485,2.0,343.0,373.0,812.4549999999999,0.5525884600066941,1.0,1351.6830769080948,2802.2309251352017,High
15489,2.0,189.0,211.0,393.01,0.8963343974682525,1.0,654.2503772991341,2200.0942142003782,Medium
15491,4.0,140.0,235.0,519.41,1.453560793487572,1.0,648.9797956342712,3539.0900304962115,High
15492,1.0,46.0,74.0,171.72,1.1620695207939522,0.9999999996580751,851.2193524818157,3711.084415606323,High
15493,3.0,238.0,270.0,487.68,1.0125322809946034,1.0,664.5869292705295,2524.5728517081498,High
15494,1.0,100.0,121.0,171.85,0.8415888109279319,0.9999999997201874,851.8602967858461,2689.648727585768,High
15497,1.0,302.0,319.0,291.6,0.3892972658445134,0.9999999997553473,1442.2686076139223,2106.467380927251,Medium
15498,16.0,364.0,366.0,771.23,3.594953173377602,1.0,811.7312798258237,10947.948695561028,Platinum
15500,3.0,73.0,81.0,241.84666666666666,2.4798246824614516,1.0,329.7896786066374,3068.2113479735235,High
15502,7.0,354.0,369.0,1378.3185714285714,1.6333378682565334,1.0,1555.6070092187986,9532.419721484646,Platinum
15505,4.0,103.0,155.0,666.7,2.022405262325153,1.0,832.9298599275592,6319.807532637278,Platinum
15506,2.0,116.0,138.0,384.95500000000004,1.2454507228016776,1.0,640.8569159505661,2994.4347809199003,High
15508,3.0,46.0,235.0,229.61666666666667,1.13713063017474,0.9999999999999998,313.1337991125924,1335.8802808331016,Medium
15511,4.0,74.0,85.0,176.5825,3.0755615134577092,1.0,220.82350079750623,2547.985442167182,High
15512,1.0,204.0,359.0,19.8,0.3511703909204107,0.9999999995145379,102.20197811019729,134.64940130184007,Low
15513,14.0,340.0,373.0,1028.6585714285716,3.1092677412547296,1.0,1090.838391698919,12724.647770234453,Platinum
15514,7.0,352.0,364.0,365.8957142857143,1.6530917047903826,1.0,413.0696718847583,2561.813384480556,High
15516,1.0,2.0,46.0,8.67,1.5030561189105598,0.9999999993922353,47.3272850035878,266.87876625081907,Low
15518,6.0,268.0,332.0,258.9483333333333,1.5558215599129885,1.0,298.8028564430475,1744.1015352525594,Medium
15521,5.0,214.0,254.0,504.90200000000004,1.6591561357666245,1.0,600.8907697396045,3740.330893905286,High
15522,1.0,55.0,87.0,138.94,1.0513337248554229,0.9999999996525755,689.6027810501303,2719.9870373652857,High
15525,2.0,371.0,373.0,255.995,0.5525884600066941,1.0,426.42851427317896,884.0468527497945,Low
15527,7.0,336.0,354.0,315.48285714285714,1.6940683451006133,1.0,356.17785917919633,2263.732368356095,Medium
15529,10.0,344.0,366.0,369.957,2.295073130328385,1.0,402.1046684659762,3462.2855074099734,High
15530,3.0,225.0,246.0,316.4066666666667,1.0947898540052163,1.0,431.33198237409425,1771.6162671265351,Medium
15531,1.0,22.0,30.0,485.13,1.8058514500745761,0.9999999997312592,2396.437462683296,16235.86219303772,Platinum
15532,3.0,333.0,358.0,408.1933333333333,0.7938336507730469,1.0,556.3350616185813,1656.8880663700118,Medium
15533,2.0,70.0,89.0,178.95499999999998,1.686324769623971,1.0,298.3301576879905,1887.4072151821315,Medium
15535,2.0,154.0,327.0,121.93,0.6201164076808231,1.0,203.51176744564407,473.46729211301465,Low
15544,8.0,363.0,372.0,399.02125,1.8352727337546424,1.0,443.31201511346563,3052.371210255617,High
15545,1.0,317.0,371.0,157.39,0.34114704495807724,0.9999999997175122,780.5675688144559,999.0318887190191,Low
15547,11.0,355.0,362.0,380.6790909090909,2.536139636016171,1.0,410.5136459156179,3905.9618182725194,High
15549,2.0,239.0,316.0,375.58000000000004,0.6387832169632485,1.0,625.2686229471115,1498.4676338819515,Medium
15550,3.0,297.0,301.0,145.91,0.9229590927728186,1.0,199.13476780856988,689.53573582756,Low
15555,15.0,357.0,369.0,307.116,3.3540847890914316,1.0,324.41918792406943,4082.3271376452567,High
15561,2.0,204.0,215.0,267.41999999999996,0.8827752959905343,1.0,445.4254473467222,1475.2051846452466,Medium
15563,2.0,336.0,358.0,565.125,0.5729329863359831,1.0,940.4348093300233,2021.4348887163587,Medium
15565,1.0,20.0,70.0,84.36000000000001,1.2009923418993798,0.9999999994613737,420.50478017333376,1894.6910746999001,Medium
15568,2.0,71.0,73.0,264.99,1.9067180592405077,1.0,441.38496180022685,3157.411936469938,High
15569,3.0,229.0,332.0,362.40333333333336,0.8479459557844592,1.0,493.97425033221015,1571.4469270829145,Medium
15570,11.0,362.0,369.0,331.62454545454545,2.4937113286739825,1.0,357.62633665652123,3345.8225689535334,High
15571,3.0,67.0,78.0,149.36,2.538208781582032,1.0,203.83327837720893,1941.0184608845984,Medium
15572,4.0,274.0,278.0,526.7375,1.2626666779934885,1.0,658.1310896536145,3117.6571979524438,High
15573,1.0,54.0,85.0,196.75,1.0669759011039317,0.9999999996554132,974.6257827116841,3901.3933606255914,High
15574,2.0,195.0,372.0,163.3,0.5538997043567111,1.0,272.2997868112885,565.8556657694178,Low
15577,1.0,154.0,305.0,229.23,0.4046748301452108,0.9999999994503177,1134.7632519032993,1722.815182401143,Medium
15579,1.0,245.0,313.0,149.0,0.39574217667423683,0.999999999684013,739.2020095004889,1097.4954061210246,Low
15581,11.0,246.0,366.0,309.7845454545455,2.511719804169926,1.0,334.0799186127752,3148.1019990530112,High
15582,2.0,196.0,220.0,189.65000000000003,0.866392591745061,1.0,316.1132823463316,1027.506808856991,Low
15584,3.0,139.0,162.0,190.15333333333334,1.5297584723555964,1.0,259.3891936805948,1488.6821477739963,Medium
15587,3.0,301.0,351.0,189.60000000000002,0.8077110660863972,1.0,258.63561614011746,783.7392508776342,Low
15589,1.0,55.0,310.0,293.58,0.3990453223065164,0.9999999983732277,1452.0306823983863,2173.8283671835006,Medium
15594,4.0,219.0,234.0,375.96750000000003,1.4586893859388526,1.0,469.8348632057973,2571.1966675706685,High
15596,4.0,265.0,365.0,251.0675,0.9975944820166257,1.0,313.84760656765724,1174.6273084243755,Low
15599,1.0,178.0,204.0,312.90999999999997,0.5659552435768406,0.9999999997303668,1547.3341700669182,3285.439228235131,High
15601,13.0,361.0,372.0,462.16769230769233,2.903083591586251,1.0,492.4358768662022,5363.353983414656,Platinum
15602,8.0,360.0,368.0,150.665,1.852859430805767,1.0,167.4688845271296,1164.1363064834916,Low
15605,4.0,337.0,373.0,250.84500000000003,0.9787016735480369,1.0,313.56972694714494,1151.3614726859416,Low
15606,8.0,263.0,324.0,326.82,2.071179743772952,1.0,363.1198764729172,2821.5973974794906,High
15608,2.0,92.0,120.0,404.0,1.3777711270161894,1.0,672.5240135773172,3476.2588660095016,High
15611,11.0,325.0,334.0,135.20000000000002,2.7213447994313458,1.0,145.85461223685428,1489.1243740748666,Medium
15612,1.0,25.0,61.0,125.5,1.2988789791762,0.9999999995744746,623.3390006949792,3037.5275301896872,High
15615,16.0,349.0,359.0,582.409375,3.6565674198703264,1.0,613.009670269514,8409.46069427336,Platinum
15618,2.0,104.0,136.0,277.01,1.258884342898931,1.0,461.3712318697227,2179.031846145916,Medium
15620,2.0,302.0,358.0,564.345,0.5729329863359831,1.0,939.1378633521359,2018.6471443427222,Medium
15621,2.0,17.0,21.0,364.875,3.3146304143340255,1.0,607.4688707762334,7554.163370478889,Platinum
15622,4.0,239.0,282.0,783.39,1.2474273388440993,1.0,978.6636707930879,4580.110532515756,Platinum
15624,3.0,140.0,256.0,134.74333333333334,1.0589448115852598,1.0,183.927028286888,730.711790267296,Low
15625,3.0,132.0,235.0,279.6433333333334,1.1371306301747401,1.0,381.26447216972724,1626.5369359589442,Medium
15626,1.0,255.0,329.0,393.92,0.3790099069878599,0.9999999996790394,1946.7410782939116,2768.1268590871264,High
15628,8.0,362.0,366.0,318.8825,1.8617797826453104,1.0,354.30389197875195,2474.7507640449626,High
15630,1.0,159.0,204.0,789.49,0.5659552435540789,0.9999999996901485,3897.035988642655,8274.53769075752,Platinum
15632,7.0,259.0,274.0,412.9542857142857,2.113103136214123,1.0,466.1761130515218,3695.710510597745,High
15636,1.0,193.0,282.0,418.06,0.43275834447220557,0.999999999626507,2065.759505211571,3353.918032540772,High
15640,14.0,368.0,372.0,870.1385714285715,3.1166457631525795,1.0,922.7471024227783,10789.401821555344,Platinum
15641,3.0,254.0,359.0,526.2766666666666,0.7918899949281497,1.0,717.151232530695,2130.604496092896,Medium
15643,1.0,91.0,282.0,326.9,0.4327583442479752,0.9999999991083648,1616.3096378621983,2624.201909327017,High
15644,2.0,95.0,261.0,287.19,0.7519613087196796,1.0,478.29803963240727,1349.3397985128815,Medium
15646,2.0,215.0,372.0,128.92000000000002,0.5538997043567111,1.0,215.13439870901982,447.0624815279846,Low
15648,1.0,63.0,267.0,340.5,0.4532732125781827,0.9999999988195458,1683.3622727453871,2862.6277546021693,High
15649,1.0,31.0,367.0,306.0,0.34442397236671607,0.9999999968814874,1513.2655151372983,1955.4005846047291,Medium
15651,1.0,224.0,260.0,418.98,0.46352750248951546,0.9999999997236497,2070.295418747787,3600.2699235507284,High
15653,1.0,23.0,115.0,829.44,0.8722994436942341,0.9999999991618505,4094.0031036120213,13398.031580344119,Platinum
15654,1.0,17.0,26.0,327.51,1.9016234393152383,0.9999999997221574,1619.3171457503415,11552.704641410322,Platinum
15656,3.0,239.0,284.0,168.51666666666668,0.9700173551216903,1.0,229.92249599843453,836.7355172348215,Low
15658,4.0,182.0,372.0,179.47500000000002,0.9810240474893549,1.0,224.43593586416614,826.0365859746641,Low
15660,5.0,340.0,365.0,278.312,1.2147639229363332,1.0,331.32213395733993,1509.974347760452,Medium
15661,1.0,21.0,338.0,193.8,0.3702053443673346,0.9999999965653221,960.0812773509924,1333.4536320620887,Medium
15665,1.0,75.0,243.0,765.79,0.4904746607035988,0.9999999991143436,3780.186911677098,6955.960122365261,Platinum
15669,3.0,223.0,263.0,161.84666666666666,1.035218597746078,1.0,220.8387088990657,857.6982007119303,Low
15671,6.0,252.0,270.0,383.49,1.8578065525672616,1.0,442.4267327674753,3083.678443615817,High
15673,3.0,239.0,327.0,637.0233333333333,0.8592091632944561,1.0,867.9756915958767,2797.9097176587375,High
15674,4.0,181.0,254.0,522.87,1.3625404694633507,1.0,653.3009798453838,3339.56540852793,High
15675,2.0,199.0,280.0,139.34500000000003,0.7085907271110541,1.0,232.46858052886134,617.9978476456695,Low
15676,2.0,265.0,283.0,1268.98,0.7021959454276291,1.0,2110.77059300432,5560.663137837495,Platinum
15679,3.0,158.0,182.0,201.01999999999998,1.3975539106917383,1.0,274.1883670658733,1437.6223932789956,Medium
15680,2.0,357.0,366.0,427.39500000000004,0.561899739596091,1.0,711.4240791576714,1499.7353397365596,Medium
15681,3.0,255.0,280.0,360.16,0.9817957374104281,1.0,490.9190835566603,1808.2492394063568,Medium
15687,7.0,322.0,330.0,377.0857142857143,1.8012248585850252,1.0,425.697787414319,2876.713152542312,High
15689,1.0,242.0,361.0,150.6,0.34945912996100004,0.9999999996084037,747.090554780864,979.4829288405841,Low
15690,1.0,96.0,100.0,128.76,0.9598662591339387,0.9999999997630622,639.4119117037434,2302.600965312372,Medium
15694,13.0,372.0,372.0,474.84615384615387,2.903083591586251,1.0,505.94258453948913,5510.461978192265,Platinum
15696,7.0,293.0,326.0,320.43,1.8204162784643456,1.0,361.7607985483868,2470.69677363827,High
15700,1.0,1.0,173.0,3.9,0.6448347493667086,0.9999999975843941,23.809559386469445,57.60060243135454,Low
15701,3.0,108.0,110.0,228.38,2.0287295513625416,1.0,311.4495987058628,2370.4956629255253,High
15704,2.0,75.0,215.0,677.385,0.8827752959905343,1.0,1127.09526507059,3732.82844194348,High
15706,3.0,53.0,116.0,203.50333333333333,1.955146185640137,1.0,277.5703867505458,2036.008560066713,Medium
15707,3.0,51.0,86.0,259.59999999999997,2.388266172162349,1.0,353.9677146342426,3171.5649756316393,High
15708,6.0,329.0,369.0,502.26,1.4182445031521724,1.0,579.3946106481226,3082.852840693812,High
15712,4.0,278.0,287.0,193.14000000000001,1.2288877691607758,1.0,241.50211570371926,1113.4235316333413,Low
15713,1.0,223.0,366.0,185.55,0.3452530656010863,0.9999999995554909,919.4059657490582,1190.8912243998784,Low
15714,1.0,66.0,77.0,198.4,1.1344937634164731,0.999999999737665,982.760845032071,4182.897205480132,High
15716,3.0,224.0,369.0,190.57000000000002,0.7729644078390859,1.0,259.9566466478218,753.8547173948866,Low
15719,12.0,305.0,337.0,384.3808333333333,2.9331230231333,1.0,411.8156704608998,4531.691961454904,Platinum
15722,3.0,255.0,290.0,632.8366666666667,0.9528702996299431,1.0,862.2739241811805,3082.522657201194,High
15724,1.0,83.0,284.0,114.60000000000001,0.4301624920229491,0.9999999990115642,569.5982859724236,919.2390119237325,Low
15727,6.0,343.0,359.0,607.0183333333333,1.4529694006840366,1.0,700.2039615530662,3816.8778869814228,High
15730,2.0,141.0,206.0,326.725,0.9138804794318633,1.0,544.0349104475089,1865.2772955910737,Medium
15732,1.0,160.0,372.0,156.02,0.3403375325550259,0.9999999993084432,773.8130019181348,988.0367594177194,Low
15734,1.0,86.0,200.0,760.8000000000001,0.5750314771059308,0.999999999399444,3755.5845110839286,8102.077476910569,Platinum
15737,6.0,228.0,242.0,121.54,2.0363051360327145,1.0,140.34088944983972,1072.1469522662906,Low
15738,14.0,354.0,372.0,320.1978571428572,3.1166457631525795,1.0,339.601482376555,3970.8570668344464,High
15743,3.0,168.0,184.0,153.97,1.3855794761256337,1.0,210.11157800660771,1092.2163168567458,Low
15745,3.0,217.0,236.0,263.91333333333336,1.1331466105410632,1.0,359.84198775097593,1529.766602395909,Medium
15747,2.0,160.0,172.0,365.695,1.0542089166177457,1.0,608.8323268042689,2407.9730562068476,High
15749,1.0,97.0,332.0,21535.9,0.37602888597306783,0.9999999989565322,106183.90767003477,149798.39006390198,Platinum
15750,6.0,364.0,366.0,354.16,1.4284864349622375,1.0,408.6028053595492,2189.8012470630792,Medium
15752,6.0,333.0,372.0,396.28833333333336,1.4081483906220014,1.0,457.1860201049833,2415.2861958024646,High
15754,2.0,195.0,246.0,183.385,0.7901418891158457,1.0,305.6961457418896,906.1962977960447,Low
15755,5.0,284.0,294.0,409.91399999999993,1.4659068326921736,1.0,487.8858464169258,2683.1924459341403,High
15756,3.0,188.0,249.0,136.45666666666668,1.0837840999904997,1.0,186.26039488812518,757.3393606543312,Low
15757,1.0,152.0,217.0,453.06,0.5383396863439102,0.9999999996456601,2238.321433219777,4520.704131970977,Platinum
15759,2.0,140.0,358.0,77.9,0.5729329863359831,1.0,130.30082974515284,280.07751378661504,Low
15762,1.0,12.0,77.0,268.44,1.1344937629007925,0.9999999992831181,1328.0819146804922,5652.677510630098,Platinum
15763,1.0,46.0,77.0,564.4300000000001,1.134493763311045,0.9999999996447353,2787.4134881418886,11863.989237994449,Platinum
15764,3.0,188.0,276.0,719.68,0.9938636722915201,1.0,980.5447414224873,3656.1286205201327,High
15768,2.0,110.0,225.0,133.74,0.8506068748996315,1.0,223.1488597518626,712.1160834209448,Low
15769,21.0,364.0,371.0,2674.329523809524,4.622549872883806,1.0,2779.900689446127,48210.1098198429,Platinum
15777,2.0,120.0,361.0,340.78000000000003,0.568745113884238,1.0,567.404879318288,1210.7040043605268,Low
15780,2.0,174.0,357.0,149.065,0.5743426827831093,1.0,248.630522714843,535.7383916426958,Low
15781,2.0,280.0,305.0,131.055,0.6586087260593061,1.0,218.6843726356732,540.3466504275419,Low
15782,2.0,80.0,89.0,488.20000000000005,1.686324769623971,1.0,812.5276691390108,5140.514781184067,Platinum
15785,3.0,263.0,295.0,466.7966666666667,0.9390374481291569,1.0,636.1461865531155,2241.1301288550903,Medium
15786,1.0,68.0,114.0,1771.3600000000001,0.8776371243415206,0.9999999996157314,8737.98971016886,28770.919956007507,Platinum
15787,1.0,35.0,61.0,456.0,1.2988789792768027,0.9999999996519282,2252.8166351724662,10977.96310307268,Platinum
15791,1.0,161.0,204.0,389.45000000000005,0.5659552435567275,0.9999999996948286,1924.7024549168639,4086.701547840905,High
15793,2.0,254.0,268.0,329.485,0.7353786098688069,1.0,548.6241039077258,1513.6069452890924,Medium
15796,7.0,301.0,302.0,338.23428571428576,1.94473937940817,1.0,381.85325403733293,2786.0258285568702,High
15797,3.0,206.0,319.0,730.8000000000001,0.8778661805538918,1.0,995.6889262118399,3279.285505466375,High
15799,2.0,259.0,334.0,281.96,0.6087951895004463,1.0,469.60185057554673,1072.5764221198674,Low
15800,1.0,139.0,246.0,454.58,0.48549392400090047,0.9999999995353719,2245.815551236133,4090.582140626906,High
15801,2.0,63.0,109.0,463.365,1.473435817983681,1.0,771.2332417533258,4263.283342867612,Platinum
15804,12.0,198.0,198.0,306.7525,4.580925310330894,1.0,328.66343530361576,5648.483120436858,Platinum
15805,12.0,341.0,364.0,429.8066666666667,2.741565389628814,1.0,460.473929801977,4736.209341550686,Platinum
15806,2.0,230.0,276.0,242.10999999999999,0.7173005090201467,1.0,403.3412131155291,1085.4278817613101,Low
15807,1.0,27.0,77.0,268.3,1.13449376313994,0.9999999994939148,1327.3916669684595,5649.7396299965585,Platinum
15808,3.0,63.0,369.0,904.5066666666668,0.7729644078390856,0.9999999999999996,1232.2577984368806,3573.4549063358727,High
15809,4.0,266.0,302.0,79.2425,1.1764344031431384,1.0,99.25585018776603,438.07761708057063,Low
15810,3.0,218.0,296.0,338.21999999999997,0.9363189331822407,1.0,461.0392801143587,1619.5298901770063,Medium
15811,5.0,343.0,365.0,385.754,1.2147639229363332,1.0,459.14327948767254,2092.509080791626,Medium
15812,4.0,210.0,317.0,389.08500000000004,1.1282755306542676,1.0,486.21727184431455,2058.1299177469414,Medium
15813,1.0,32.0,239.0,533.26,0.49727681891166253,0.9999999982970409,2633.7347653985803,4913.573820107378,Platinum
15814,2.0,34.0,50.0,412.19,2.347808532669267,1.0,686.1419463451351,6043.713670587894,Platinum
15815,4.0,196.0,259.0,418.40000000000003,1.340451638578666,1.0,522.8286924075418,2629.2858081641866,High
15819,3.0,227.0,276.0,421.93666666666667,0.9938636722915201,1.0,575.0519302895946,2144.1793849886617,Medium
15821,1.0,17.0,61.0,316.78,1.2988789790663824,0.9999999994899267,1566.4145889638257,7633.129696619715,Platinum
15822,1.0,356.0,359.0,445.27,0.35117039101026465,0.9999999997704079,2199.9140783859507,2898.350101663984,High
15826,1.0,154.0,210.0,934.3100000000001,0.5528656865727954,0.9999999996656861,4611.047943332609,9564.152852399679,Platinum
15827,10.0,299.0,372.0,164.51600000000002,2.262397076887289,1.0,178.8677998123487,1518.1973532947786,Medium
15829,1.0,41.0,140.0,310.7,0.7571735507308542,0.9999999992626858,1536.4381168984003,4364.532601796261,Platinum
15831,2.0,266.0,324.0,245.90999999999997,0.6250982901045046,1.0,409.659667879596,960.7242511896231,Low
15834,2.0,207.0,277.0,476.19,0.7151030516642222,1.0,792.5580265820518,2126.3117252753073,Medium
15835,3.0,286.0,330.0,217.66,0.8524156166705285,1.0,296.85016876504824,949.3272162388379,Low
15838,14.0,356.0,367.0,2334.6842857142856,3.1540674011220413,1.0,2475.7207165921686,29295.428493892,Platinum
15839,2.0,115.0,148.0,374.655,1.1823653148925584,1.0,623.7305780374371,2766.7884288936225,High
15840,1.0,114.0,172.0,113.82,0.6477469815801771,0.999999999631813,565.7526201482407,1374.862308098188,Medium
15841,3.0,266.0,338.0,297.4866666666667,0.8348138587927316,1.0,405.5650780382535,1270.21558322127,Low
15845,7.0,320.0,337.0,486.91571428571433,1.7685959113044583,1.0,549.6429106146452,3647.00603069864,High
15847,1.0,250.0,288.0,208.59,0.425063106002971,0.9999999997254971,1033.0010177864601,1647.3329862124067,Medium
15850,1.0,149.0,168.0,119.97,0.6596637914707678,0.999999999737492,596.0742160696826,1475.1976671811917,Medium
15852,1.0,11.0,197.0,57.5,0.5820320191543881,0.9999999978682907,288.0758262790362,629.0438595464611,Low
15854,9.0,357.0,361.0,304.95000000000005,2.1037470003889798,1.0,334.69919755264704,2641.6508443092152,High
15855,4.0,127.0,263.0,154.11,1.3232896260490754,1.0,192.75765912576404,956.9600008319335,Low
15856,20.0,361.0,365.0,740.8125,4.472305536731932,1.0,771.6145214952197,12946.700223451431,Platinum
15858,4.0,352.0,367.0,263.73,0.9928032259826282,1.0,329.66176699344146,1227.8886807678905,Low
15860,7.0,328.0,368.0,124.9357142857143,1.6372507769134979,1.0,141.14199377904416,866.9592551844919,Low
15861,5.0,255.0,267.0,488.576,1.5909909477591047,1.0,581.4681228982556,3470.7301911594623,High
15862,3.0,365.0,373.0,159.54999999999998,0.7656450667773651,1.0,217.7109081437108,625.3669306523167,Low
15863,1.0,167.0,192.0,59.64,0.5940862185688388,0.9999999997299078,298.626755591538,665.5879148978712,Low
15864,5.0,294.0,316.0,338.78000000000003,1.377653069583377,1.0,403.25944923375096,2084.2588339860495,Medium
15865,2.0,173.0,213.0,290.6,0.8895031778431062,1.0,483.96802140753056,1615.0702011816986,Medium
15867,14.0,364.0,369.0,264.26714285714286,3.138991423987055,1.0,280.2937238954727,3300.8876038837693,High
15874,5.0,221.0,284.0,764.306,1.5098722177952444,1.0,909.4974266814932,5151.917533635425,Platinum
15877,1.0,16.0,17.0,251.02,2.159284554674914,0.9999999997675373,1242.195377940408,10062.989540524544,Platinum
15881,2.0,52.0,364.0,193.47000000000003,0.5646180199519478,0.9999999999999998,322.4649921354725,683.068946208879,Low
15882,1.0,170.0,368.0,145.04,0.3435988533426301,0.9999999993676696,719.6778599315603,927.7203479715355,Low
15883,1.0,31.0,33.0,252.72,1.7401227367343048,0.9999999997640308,1250.5769573008065,8164.2733675430745,Platinum
15885,2.0,217.0,309.0,182.175,0.651258652867065,1.0,303.6842167249104,741.9983878349566,Low
15889,1.0,213.0,369.0,148.95,0.3427776774667726,0.999999999522752,738.9554924604771,950.2941316545055,Low
15894,1.0,116.0,369.0,106.81,0.3427776772890688,0.9999999990043291,531.1909311385972,683.1096453544616,Low
15898,4.0,367.0,368.0,251.5475,0.9904248152366971,1.0,314.4470772096613,1168.412809297775,Low
15901,2.0,138.0,154.0,126.695,1.1474912166332887,1.0,211.43477716953325,910.233942791683,Low
15903,6.0,286.0,295.0,827.58,1.7229573387297104,1.0,954.5599725419696,6170.281495162837,Platinum
15906,4.0,236.0,255.0,289.09000000000003,1.3580646555446023,1.0,361.3337992459894,1841.010511263714,Medium
15907,2.0,207.0,210.0,358.135,0.8997895058275118,1.0,596.2619273262831,2012.8213823113085,Medium
15910,7.0,316.0,316.0,154.67000000000002,1.8702329713301231,1.0,174.69766805866576,1225.7730003149622,Low
15912,1.0,55.0,233.0,123.13,0.5078413322280829,0.9999999988921902,611.6540929984235,1165.3628375119636,Low
15916,6.0,350.0,366.0,215.94000000000003,1.4284864349622375,1.0,249.20480855342743,1335.548834678743,Medium
15918,1.0,81.0,271.0,192.23000000000002,0.44761477635629904,0.999999999049491,952.3406422946244,1599.2780166423502,Medium
15919,1.0,349.0,368.0,369.17,0.3435988534759234,0.9999999997556026,1824.7151434881089,2352.198758321404,Medium
15932,7.0,285.0,289.0,311.16285714285715,2.0194435685144247,1.0,351.30266176295845,2661.585342363963,High
15933,2.0,65.0,86.0,347.825,1.7236816162299191,1.0,579.1189619006173,3745.002128849432,High
15935,1.0,2.0,241.0,108.03999999999999,0.4938523171191655,0.9999999964185589,537.2552503228856,995.4168732562256,Low
15938,4.0,211.0,323.0,82.42,1.1100982050793886,1.0,103.22422094811583,429.9027748896938,Low
15939,13.0,242.0,331.0,412.91923076923075,3.215962790298181,1.0,439.9701600013284,5308.3734903363475,Platinum
15948,1.0,35.0,43.0,311.0,1.5518445257536242,0.9999999997378712,1537.9172191384707,8953.820879586356,Platinum
15949,1.0,55.0,71.0,127.67999999999999,1.1910192236371888,0.9999999997152125,634.0871436394903,2833.315601971439,High
15950,3.0,328.0,359.0,445.56333333333333,0.7918899949281497,1.0,607.2287833432308,1804.0328416959553,Medium
15951,1.0,277.0,285.0,333.05,0.42887620952891575,0.9999999997641631,1646.6312337836405,2649.4488465254567,High
15952,3.0,192.0,225.0,191.30666666666664,1.1785677853748986,1.0,260.9599034938789,1153.8665490266453,Low
15953,7.0,354.0,369.0,207.07714285714286,1.6333378682565334,1.0,233.8400679312476,1432.9208225543632,Medium
15955,9.0,348.0,372.0,427.09777777777776,2.0488349053209616,1.0,468.7176486843286,3602.844389325605,High
15963,1.0,26.0,45.0,190.72,1.518974454289857,0.9999999996753985,944.8958276862703,5384.701527057856,Platinum
15965,2.0,350.0,367.0,344.725,0.5605503909547471,1.0,573.9644330141417,1207.0544877656278,Low
15967,1.0,295.0,318.0,245.03,0.3903568002764101,0.9999999997484674,1212.6626365470036,1775.9428262287379,Medium
15969,2.0,183.0,185.0,178.7,0.9957474220763195,1.0,297.90615611829656,1112.8993855293459,Low
15971,10.0,294.0,311.0,343.78499999999997,2.6452978392206594,1.0,373.665577308891,3708.3857452270167,High
15974,6.0,249.0,288.0,445.48499999999996,1.7587009104982252,1.0,513.920574555896,3390.9019126393086,High
15976,1.0,55.0,220.0,220.95,0.5323453225919543,0.9999999989723363,1093.940030077358,2184.812597037097,Medium
15977,1.0,22.0,39.0,699.1,1.6220455110169243,0.9999999996811204,3451.3824837094626,21003.098064251004,Platinum
15980,1.0,166.0,254.0,1638.68,0.47269347036839304,0.9999999996083337,8083.832092793752,14335.8722261325,Platinum
15981,7.0,287.0,311.0,448.3542857142857,1.896177947639652,1.0,506.1256474345824,3600.5153837820035,High
15983,3.0,351.0,373.0,344.71000000000004,0.7656450667773651,1.0,469.8779275318855,1349.7078296504983,Medium
15984,9.0,366.0,368.0,301.6633333333333,2.0684680846980372,1.0,331.09312313961794,2569.3674555191496,High
15985,1.0,113.0,236.0,242.84,0.5025035556881705,0.9999999994427637,1201.8651901944902,2265.8029089438473,Medium
15987,5.0,356.0,368.0,267.56000000000006,1.2060334691289645,1.0,318.5307399331955,1441.2454351576691,Medium
15990,1.0,243.0,287.0,390.74,0.42632658433212145,0.9999999997162965,1931.062594549166,3088.6308161390866,High
15993,4.0,36.0,44.0,378.02250000000004,4.4253157683074,1.0,472.4013468918772,7843.007430442988,Platinum
15996,5.0,278.0,366.0,159.48600000000002,1.2118397611207004,1.0,189.95771930769357,863.6332980754987,Low
15998,4.0,326.0,362.0,556.645,1.0048687078661263,1.0,695.4824817905654,2621.940014476043,High
16003,3.0,330.0,359.0,518.1233333333333,0.7918899949281497,1.0,706.0473128679982,2097.6155530576716,Medium
16005,2.0,258.0,270.0,218.9,0.7307741904703848,1.0,364.7487565171098,1000.0097965464088,Low
16007,3.0,168.0,215.0,444.06333333333333,1.2231390978376462,1.0,605.1859526612138,2777.1025775860116,High
16008,2.0,181.0,204.0,169.815,0.9210927740195473,1.0,283.1326112291559,978.4091457401144,Low
16009,3.0,137.0,159.0,176.84,1.5517775228159256,1.0,241.25793647175976,1404.5535438612367,Medium
16010,2.0,117.0,362.0,148.7,0.5673627283946855,1.0,248.02361850724185,527.9357546525321,Low
16011,15.0,358.0,366.0,208.31733333333335,3.3783064995360763,1.0,220.07516318002342,2789.313413711428,High
16012,2.0,120.0,155.0,525.12,1.1418778976501223,1.0,873.9164454256819,3743.8359722128675,High
16013,27.0,368.0,371.0,1335.874074074074,5.906970721232614,1.0,1376.5511229681094,30505.93898768034,Platinum
16014,2.0,254.0,291.0,199.72500000000002,0.6856942154753559,1.0,332.8655012273774,856.3011085768289,Low
16015,2.0,46.0,49.0,202.31,2.3716628123037458,1.0,337.1637132181966,2999.998282448039,High
16016,6.0,363.0,366.0,187.74833333333333,1.4284864349622375,1.0,216.6936293225449,1161.3135629442977,Low
16018,1.0,141.0,180.0,247.0,0.625159982848644,0.999999999694644,1222.3754079234654,2866.9690771609326,High
16019,8.0,318.0,364.0,445.8925,1.8707864417580704,1.0,495.3707506375154,3476.8168019758664,High
16020,1.0,49.0,65.0,332.21,1.2534727388071252,0.9999999997115279,1642.4897475114433,7724.044986624417,Platinum
16023,2.0,220.0,266.0,270.985,0.7400414196845696,1.0,451.3531555661693,1253.1404385397116,Low
16027,5.0,211.0,302.0,122.82000000000001,1.4325360618981493,1.0,146.33706703004447,786.4790236359813,Low
16029,38.0,335.0,373.0,2034.8084210526315,8.222626303750696,1.0,2078.4348409648846,64117.1487279046,Platinum
16031,1.0,155.0,247.0,243.31,0.4838560821304138,0.9999999995897613,1204.1824503706005,2185.9273914466276,Medium
16033,17.0,364.0,369.0,509.45647058823533,3.7842715193001415,1.0,534.5789267066502,7589.643172581016,Platinum
16034,2.0,136.0,332.0,142.05,0.6119874210749513,1.0,236.96632267012475,544.0719783568469,Low
16036,1.0,176.0,263.0,570.19,0.45907654096484724,0.9999999996182825,2815.8122511512393,4849.712894210253,Platinum
16037,2.0,89.0,358.0,277.28,0.572932986335983,0.9999999999999998,461.82017470822217,992.6678640631653,Low
16038,2.0,194.0,201.0,77.41499999999999,0.9321272193055589,1.0,129.49439538710743,452.8489826493369,Low
16040,2.0,203.0,268.0,445.56,0.7353786098688069,1.0,741.627955681165,2046.0880529018168,Medium
16041,1.0,111.0,141.0,426.6,0.7531972784681646,0.9999999997018025,2107.8646156455734,5956.329157663196,Platinum
16042,3.0,310.0,332.0,390.7733333333333,0.8479459557844592,1.0,532.6109879647576,1694.359371576413,Medium
16043,3.0,280.0,317.0,155.38,0.8826577264135572,1.0,212.03183884770365,702.1350303459276,Low
16045,3.0,171.0,290.0,225.41666666666666,0.9528702996299431,1.0,307.41387320294484,1098.966584413309,Low
16049,2.0,35.0,75.0,311.765,1.8760690819522006,1.0,519.1601516921296,3654.0746124568595,High
16053,1.0,90.0,122.0,387.76,0.8366793817991335,0.999999999684603,1916.3701789644674,6015.416531409735,Platinum
16057,3.0,268.0,284.0,526.38,0.9700173551216903,1.0,717.2919608665673,2610.3738013010825,High
16059,5.0,302.0,367.0,268.322,1.2089296434965686,1.0,319.43727288021904,1448.8180580629412,Medium
16062,3.0,355.0,364.0,302.02000000000004,0.782312756919636,1.0,411.7389663216826,1208.4525880650385,Low
16066,4.0,108.0,124.0,301.3725,2.383917759514003,1.0,376.67337874685364,3368.8636258232473,High
16070,1.0,10.0,32.0,165.3,1.761494140642294,0.9999999996251563,819.5665645443105,5416.1747645865,Platinum
16076,8.0,205.0,208.0,241.16,3.0044953312399736,1.0,267.97943782470304,3020.648834157546,High
16079,2.0,24.0,40.0,421.89,2.610359541742866,1.0,702.2706335060427,6877.523322968207,Platinum
16080,1.0,193.0,274.0,86.9,0.44346280058875887,0.9999999996407711,433.02784580592925,720.4440416523294,Low
16081,4.0,310.0,366.0,662.325,0.995193087279164,1.0,827.4659348051263,3089.4751653408143,High
16083,1.0,260.0,360.0,979.64,0.35031267062517885,0.9999999996454558,4834.540291807236,6353.869107506347,Platinum
16085,4.0,297.0,320.0,200.04000000000002,1.1191130608971094,1.0,250.11950618252763,1050.143771673933,Low
16086,4.0,308.0,367.0,236.0325,0.9928032259826282,1.0,295.0704376040509,1099.0466188044495,Low
16091,1.0,44.0,198.0,157.81,0.5796796429058366,0.9999999989286408,782.6383119505545,1702.0659630238856,Medium
16092,2.0,140.0,254.0,253.495,0.7693091368568039,1.0,422.2716361389244,1218.7651730148084,Low
16094,2.0,208.0,219.0,413.065,0.8696203060557525,1.0,687.5968536921242,2243.317720835648,Medium
16098,6.0,286.0,373.0,262.505,1.4048148870893777,1.0,302.9044737341325,1596.4378745713939,Medium
16099,2.0,175.0,225.0,206.8,0.8506068748996315,1.0,344.6294663473178,1099.7868690864052,Low
16102,2.0,86.0,128.0,501.19000000000005,1.31564743265811,1.0,834.1268079245974,4117.170343313162,High
16103,5.0,226.0,233.0,245.036,1.782525284956583,1.0,291.73448258574086,1950.9704800645259,Medium
16107,6.0,166.0,183.0,445.21000000000004,2.553216240864659,1.0,513.6034391983379,4919.746841166184,Platinum
16109,1.0,90.0,308.0,296.88,0.401278225190062,0.9999999989828052,1468.3008070391602,2210.4864930568524,Medium
16110,2.0,266.0,311.0,463.89,0.6476447950046427,1.0,772.1061861615193,1876.0359036096756,Medium
16112,3.0,195.0,338.0,41.24666666666667,0.8348138587927316,1.0,56.595122064901396,177.25393500070314,Low
16115,7.0,283.0,292.0,218.4485714285714,2.001699211450509,1.0,246.67292885494257,1852.4544698172401,Medium
16119,1.0,64.0,72.0,113.88000000000001,1.1812103758440777,0.9999999997470554,566.0484405962549,2508.465229553338,High
16121,1.0,158.0,215.0,579.22,0.5424114939621972,0.9999999996658899,2860.333228577356,5820.666936192589,Platinum
16122,3.0,293.0,366.0,192.9,0.7785464134376276,1.0,263.1298436405548,768.5672068319933,Low
16126,3.0,267.0,296.0,1798.8066666666666,0.9363189331822407,1.0,2450.193451055397,8606.992292968796,Platinum
16128,4.0,265.0,282.0,372.98,1.2474273388440993,1.0,466.10378290790743,2181.348821921573,Medium
16131,3.0,188.0,239.0,816.7266666666666,1.1213603090316546,1.0,1112.7113469252474,4681.175580863722,Platinum
16133,28.0,315.0,318.0,509.4760714285714,7.0039883409065045,1.0,524.4403405004632,13780.619428454851,Platinum
16134,1.0,338.0,359.0,334.56,0.3511703910042132,0.9999999997531757,1654.0760483919944,2179.2176021945597,Medium
16136,2.0,218.0,277.0,275.04,0.7151030516642222,1.0,458.0956118999302,1229.0003232705214,Low
16139,2.0,188.0,206.0,247.805,0.9138804794318633,1.0,412.81058150536103,1415.3617539512516,Medium
16140,1.0,306.0,371.0,601.04,0.34114704495328063,0.9999999997034521,2967.9132648384716,3798.569288482599,High
16143,5.0,366.0,369.0,413.838,1.2031511380478086,1.0,492.55413419136255,2223.3170007825865,Medium
16145,10.0,351.0,359.0,349.671,2.3344086083585527,1.0,380.061438937754,3328.571715154595,High
16146,2.0,75.0,232.0,174.22,0.8294492253228616,1.0,290.4570305017124,903.855349907739,Low
16149,1.0,138.0,142.0,116.84,0.749262550287432,0.9999999997653233,580.6422493649488,1632.1869213052578,Medium
16150,4.0,330.0,372.0,414.90000000000003,0.9810240474893549,1.0,518.4575523095955,1908.1833077827384,Medium
16153,4.0,305.0,354.0,402.305,1.0247955605540455,1.0,502.727692442843,1932.846112467,Medium
16156,8.0,302.0,310.0,352.275,2.151854938679103,1.0,391.3921139908987,3159.7468987466796,High
16157,2.0,57.0,72.0,244.185,1.9224211704313252,1.0,406.7914219669604,2933.9152252272183,High
16160,1.0,20.0,85.0,223.49999999999997,1.0669759007776423,0.9999999993496054,1106.5123991179557,4429.330931547478,Platinum
16161,18.0,367.0,368.0,300.63111111111107,4.008945969728474,1.0,314.61628889089707,4731.93359235038,Platinum
16163,1.0,133.0,365.0,415.00000000000006,0.3460861589671381,0.9999999991609947,2050.672662362854,2662.61152073939,High
16164,2.0,25.0,42.0,288.56,2.5532544146709144,1.0,480.5760088499788,4603.449802875578,Platinum
16168,24.0,359.0,369.0,146.32500000000002,5.289925075030668,1.0,151.392301584892,3004.5576844040834,High
16169,3.0,67.0,75.0,411.83666666666664,2.5994083146666576,1.0,561.2968703640137,5473.868481211505,Platinum
16170,5.0,198.0,248.0,313.806,1.6926267770518222,1.0,373.5484862167322,2372.1132638309177,High
16172,3.0,146.0,241.0,313.61,1.1136380521276645,1.0,427.523238058067,1786.2038532077954,Medium
16173,5.0,83.0,98.0,197.788,3.4148418010988433,1.0,235.52468116714147,3017.4094601400247,High
16174,2.0,25.0,151.0,343.7,1.1646672619815877,1.0,572.2601129790972,2500.475353834159,High
16175,3.0,146.0,240.0,254.91,1.1174858397976863,1.0,347.5804640351363,1457.2183163755244,Medium
16180,6.0,152.0,252.0,1640.05,1.9687487290935377,1.0,1891.5162051065024,13971.00317013483,Platinum
16182,3.0,222.0,294.0,1930.8833333333332,0.9417717949531214,1.0,2630.06696241886,9292.652985254492,Platinum
16184,5.0,147.0,211.0,202.114,1.93310938868382,1.0,240.67121860654333,1745.4516420349435,Medium
16185,1.0,216.0,232.0,194.41,0.5096458810694146,0.9999999997509044,963.0887852391354,1841.4591044800532,Medium
16186,9.0,350.0,372.0,411.0288888888889,2.0488349053209616,1.0,451.08713882590234,3467.3257381660446,High
16187,10.0,253.0,284.0,623.554,2.8595093744791265,1.0,677.6689432697104,7270.032320825049,Platinum
16188,3.0,198.0,242.0,276.7366666666667,1.1098166713531288,1.0,377.3059202703521,1570.9852163628705,Medium
16189,1.0,70.0,85.0,71.0,1.0669759011792508,0.9999999997260043,354.6354270822014,1419.593371426416,Medium
16191,9.0,358.0,360.0,505.88,2.1088853225294644,1.0,555.1561544927824,4392.333999285823,Platinum
16200,1.0,160.0,164.0,530.05,0.6720272940380795,0.9999999997661437,2617.9083714298276,6600.374655494043,Platinum
16201,3.0,106.0,109.0,519.89,2.041535332168559,1.0,708.4533134490405,5426.194669666016,Platinum
16203,3.0,314.0,372.0,140.73333333333332,0.7674618759230332,1.0,192.0847321437424,553.0659114213488,Low
16205,3.0,149.0,179.0,216.34333333333333,1.4159087290764332,1.0,295.0570173886111,1567.358852834233,Medium
16206,3.0,273.0,327.0,125.25333333333333,0.8592091632944561,1.0,171.0027195053273,551.2253111263277,Low
16208,1.0,245.0,289.0,166.67000000000002,0.4238070945258449,0.999999999716698,826.3211314406317,1313.8455536668075,Low
16209,4.0,158.0,246.0,489.1675,1.3994378188945855,1.0,611.2100229450883,3209.011753266175,High
16210,16.0,372.0,373.0,1163.2225,3.5353809547960657,1.0,1224.2782700394282,16238.413389959187,Platinum
16212,1.0,264.0,283.0,192.19,0.43145651399154444,0.9999999997507771,952.143428662615,1541.2271067944203,Medium
16214,2.0,99.0,269.0,259.89,0.7330691701325921,1.0,432.9049304063475,1190.5968286117547,Low
16217,1.0,47.0,282.0,121.25,0.43275834393140655,0.999999998376851,602.3850522939828,978.0180518594017,Low
16218,5.0,344.0,373.0,522.676,1.1917582803187083,1.0,622.036067115455,2781.1920480068256,High
16221,2.0,331.0,367.0,349.06,0.5605503909547471,1.0,581.1724596989391,1222.2130593728075,Low
16224,3.0,192.0,249.0,375.9433333333333,1.0837840999904997,1.0,512.4142019552165,2083.488786395267,Medium
16225,3.0,233.0,277.0,226.57000000000002,0.990818960890929,1.0,308.98458301622907,1148.57234045062,Low
16226,2.0,32.0,235.0,62.160000000000004,0.8207004668619085,0.9999999999999998,104.12912501188616,320.6152189669971,Low
16229,1.0,125.0,212.0,652.4,0.548636021984633,0.9999999995675681,3221.135568338513,6630.107289679688,Platinum
16230,1.0,31.0,220.0,266.1,0.5323453223095829,0.9999999984419072,1316.5449172079436,2629.3981745525334,High
16232,2.0,172.0,215.0,312.20500000000004,0.8827752959905343,1.0,519.8917622437584,1721.8302808805386,Medium
16233,2.0,295.0,366.0,194.64000000000001,0.561899739596091,1.0,324.4104111023036,683.8814883587341,Low
16235,4.0,292.0,332.0,189.66,1.0839044904939683,1.0,237.15595354918977,964.3890735526596,Low
16239,1.0,133.0,189.0,66.3,0.6015614161403353,0.9999999996523496,331.4628253210994,748.0696494351602,Low
16240,1.0,53.0,77.0,1894.01,1.1344937633540435,0.9999999996826363,9342.696009317615,39765.05293675922,Platinum
16241,11.0,360.0,369.0,211.83818181818185,2.4937113286739825,1.0,228.48074168756526,2137.583124488151,Medium
16242,6.0,269.0,277.0,565.3083333333333,1.8179666885710521,1.0,652.1031769576144,4447.638400984666,Platinum
16243,1.0,21.0,54.0,194.15,1.3867913139070394,0.9999999995813662,961.8068966310746,5004.10292492448,Platinum
16244,1.0,161.0,372.0,466.12,0.3403375325568059,0.9999999993136732,2302.711684070839,2940.198451789868,High
16245,2.0,233.0,256.0,479.84000000000003,0.7642714725883953,1.0,798.6270686580634,2289.9126140479666,Medium
16249,4.0,187.0,239.0,246.31,1.4334020536682304,1.0,307.9059782773774,1655.8209671540685,Medium
16250,1.0,112.0,373.0,163.3,0.33953185287914306,0.9999999989489059,809.7058829438416,1031.4188214704027,Low
16253,1.0,189.0,255.0,1983.46,0.4711407179731523,0.9999999996650466,9783.714993898588,17293.450949034446,Platinum
16255,7.0,349.0,365.0,320.8085714285714,1.6491028047757448,1.0,362.1880231896906,2240.830718434238,Medium
16258,4.0,174.0,219.0,1042.7625,1.5402038053379041,1.0,1302.5932522372511,7526.867140404593,Platinum
16261,3.0,229.0,246.0,163.95666666666668,1.0947898540052163,1.0,223.71229072510292,918.8568193419841,Low
16265,7.0,355.0,364.0,658.027142857143,1.6530917047903826,1.0,742.7452241471002,4606.425467638555,Platinum
16266,5.0,133.0,206.0,120.72,1.970950729900079,1.0,143.8387478847037,1063.6013889381538,Low
16271,4.0,356.0,358.0,324.005,1.0147343152101103,1.0,404.9390439659306,1541.5912420528393,Medium
16279,2.0,155.0,176.0,575.25,1.0355025883706965,1.0,957.2701657737542,3718.8866956772295,High
16283,4.0,203.0,208.0,323.25,1.6060186130951126,1.0,403.99612660194504,2434.193002112788,High
16284,1.0,19.0,50.0,424.57,1.442584924416947,0.9999999995884001,2097.8560238210976,11353.880071896841,Platinum
16293,5.0,346.0,367.0,374.04800000000006,1.2089296434965686,1.0,445.2169347660733,2019.2957729337697,Medium
16295,3.0,55.0,64.0,324.21666666666664,2.8515044898618034,1.0,441.96832079179586,4728.162945387456,Platinum
16298,2.0,164.0,186.0,241.95000000000002,0.9915178113735158,1.0,403.07517291493684,1499.3872143621827,Medium
16303,2.0,308.0,333.0,2266.725,0.6103871315952096,1.0,3769.7723426290445,8632.721433095547,Platinum
16306,5.0,154.0,367.0,112.83399999999999,1.2089296434965686,1.0,134.45696465605752,609.8339015656237,Low
16308,3.0,224.0,261.0,746.6666666666666,1.041888327566052,1.0,1017.2975352038414,3976.4579924954564,High
16309,1.0,134.0,240.0,372.37,0.4955586530067191,0.999999999530627,1840.4922340488592,3421.813119953506,High
16311,1.0,32.0,49.0,214.71,1.457241922235413,0.9999999996930353,1063.174703483895,5812.507488372027,Platinum
16313,1.0,46.0,49.0,106.53,1.4572419223353505,0.9999999997616154,529.8104357145315,2896.539124876012,High
16316,6.0,294.0,358.0,438.4483333333333,1.4565356440842372,1.0,505.80575346734827,2763.9623074481115,High
16317,2.0,178.0,297.0,385.445,0.6738180816559608,1.0,641.6716640648798,1622.1191688517372,Medium
16320,1.0,41.0,213.0,185.78,0.5465453658847357,0.9999999987604602,920.539944133112,1887.539672972447,Medium
16321,2.0,251.0,323.0,142.95,0.6267767535097661,1.0,238.46279879845636,560.7389854420635,Low
16322,1.0,35.0,36.0,113.67,1.679010725153791,0.9999999997687912,565.0130690282056,3559.0918640615096,High
16324,1.0,49.0,177.0,262.12,0.6334430649440834,0.9999999991440165,1296.9221608230105,3082.1142331300075,High
16325,2.0,199.0,245.0,201.71,0.7928255857961242,1.0,336.16606246597553,999.9050422782412,Low
16326,12.0,329.0,334.0,236.98,2.9560725338681184,1.0,253.9260413858675,2816.109661296161,High
16327,5.0,355.0,369.0,661.7239999999999,1.2031511380478086,1.0,787.4581054589489,3554.470202844213,High
16330,1.0,95.0,112.0,202.95,0.8885108835111573,0.9999999997290603,1005.1938956731376,3350.7330436731595,High
16332,6.0,277.0,305.0,245.15,1.6743443088259156,1.0,282.89034962351,1777.0110842616336,Medium
16333,12.0,302.0,309.0,2136.44,3.1622585877592084,1.0,2288.548424860819,27150.930690489902,Platinum
16341,2.0,177.0,201.0,587.11,0.9321272193055589,1.0,976.990395642658,3416.5888446551216,High
16342,3.0,104.0,179.0,61.82,1.4159087290764332,1.0,84.61367977469858,449.47244854402066,Low
16347,1.0,25.0,36.0,443.36,1.6790107250674078,0.9999999997173423,2190.4971274575028,13798.230397735835,Platinum
16348,5.0,208.0,240.0,202.75,1.7394130263560512,1.0,241.42785240484653,1575.496067138179,Medium
16350,3.0,312.0,333.0,246.59000000000003,0.8457286569549393,1.0,336.2495631855489,1066.890896712621,Low
16352,1.0,20.0,37.0,289.52,1.6595828906496286,0.9999999996783013,1432.0134987494343,8916.066412969196,Platinum
16353,19.0,366.0,369.0,340.6163157894737,4.214458249508867,1.0,355.5843079192306,5622.268433812259,Platinum
16354,1.0,10.0,73.0,29.700000000000003,1.1715617727157572,0.9999999992820299,151.01235203251838,663.7505567265757,Low
16356,2.0,80.0,277.0,54.885,0.7151030516642222,1.0,92.03260964120538,246.90938760875818,Low
16357,2.0,180.0,213.0,260.49,0.8895031778431062,1.0,433.90258115856864,1447.9946980937518,Medium
16358,3.0,183.0,184.0,521.7833333333334,1.3855794761256337,1.0,711.0318197321199,3696.134038321975,High
16359,8.0,324.0,331.0,207.315,2.033068850965745,1.0,230.38863527918815,1757.2775985288738,Medium
16360,5.0,84.0,88.0,660.304,3.663333180581666,1.0,785.7687658463852,10799.369862020632,Platinum
16361,3.0,62.0,71.0,187.24,2.6857509378968976,1.0,255.4215625337441,2573.656175991355,High
16362,2.0,59.0,91.0,177.36,1.6623069749643578,1.0,295.67806943833614,1843.9858118596742,Medium
16364,1.0,126.0,137.0,359.49,0.7693583205891169,0.9999999997499962,1776.9894445418395,5129.094930439406,Platinum
16365,7.0,350.0,367.0,200.07999999999998,1.641182478524447,1.0,225.94366682518498,1391.1830524762524,Medium
16367,1.0,325.0,362.0,633.58,0.3486097385670432,0.9999999997363214,3128.346554478101,4091.491062986067,High
16368,1.0,26.0,28.0,194.95,1.8525004473187876,0.9999999997634255,965.751169271262,6711.982232909385,Platinum
16369,2.0,178.0,196.0,599.605,0.9511174405853529,1.0,997.7664725576622,3560.3302637268716,High
16370,3.0,143.0,225.0,348.34,1.1785677853748986,1.0,474.8215777823665,2099.4824416463553,Medium
16374,1.0,196.0,262.0,316.73,0.4605506665890483,0.9999999996683413,1566.168071923814,2706.094854132119,High
16376,1.0,9.0,17.0,112.75999999999999,2.159284554575715,0.9999999997215967,560.5264588999921,4540.808952445922,Platinum
16378,2.0,63.0,310.0,109.375,0.6494466966304483,0.9999999999999998,182.6359254554177,444.99686954081267,Low
16379,3.0,74.0,78.0,559.5066666666667,2.538208781582032,1.0,762.4067415729776,7260.078294759388,Platinum
16383,1.0,194.0,268.0,358.9,0.45184523424425654,0.9999999996536126,1774.0805434697008,3007.3936128129753,High
16384,1.0,174.0,263.0,175.4,0.45907654096234074,0.9999999996128226,869.3630066266785,1497.316087477071,Medium
16385,2.0,306.0,366.0,203.82999999999998,0.561899739596091,1.0,339.69109512382335,716.0943168443185,Low
16386,1.0,225.0,253.0,256.1,0.47425649159779826,0.9999999997350912,1267.2415092055992,2254.7578535884913,Medium
16389,3.0,230.0,283.0,420.8066666666667,0.972935376756184,1.0,573.5129978424752,2093.4109623430973,Medium
16393,12.0,367.0,369.0,238.45083333333332,2.7088046937783377,1.0,255.5015367489502,2596.5604870493235,High
16394,4.0,233.0,289.0,310.7325,1.2216253315801695,1.0,388.36305626593287,1779.9310282925217,Medium
16395,4.0,270.0,330.0,296.44000000000005,1.0896179271491533,1.0,370.5131934516766,1514.6251057017926,Medium
16398,1.0,99.0,253.0,535.85,0.4742564913888697,0.9999999992945521,2646.504348071188,4708.83128227192,Platinum
16399,1.0,216.0,235.0,230.16,0.5042703034213235,0.9999999997466593,1139.3484688475173,2155.4958960230656,Medium
16401,11.0,326.0,327.0,328.22,2.7719512082035282,1.0,353.9557848927089,3680.966205538294,High
16402,1.0,105.0,369.0,87.80000000000001,0.3427776772495143,0.999999998888935,437.46515252614023,562.5786278429729,Low
16405,1.0,8.0,310.0,160.4,0.3990453212721088,0.9999999957810219,795.4078946231616,1190.8014488202132,Low
16407,8.0,300.0,312.0,232.96125,2.1399472557362755,1.0,258.8732894314385,2078.3445429881785,Medium
16409,4.0,281.0,317.0,439.33000000000004,1.1282755306542676,1.0,548.9681101932605,2323.750629408992,Medium
16411,1.0,350.0,369.0,83.15,0.3427776775466039,0.999999999755647,414.53906780505,533.0957650192754,Low
16414,1.0,259.0,280.0,75.45,0.43538571670195175,0.9999999997479752,376.5754436432447,615.1108786882689,Low
16416,2.0,30.0,56.0,358.755,2.2141862861381902,1.0,597.2928331035782,4961.679348848395,Platinum
16418,2.0,182.0,226.0,264.68,0.8475185088794452,1.0,440.86950891157926,1401.801398988335,Medium
16419,4.0,199.0,311.0,179.89249999999998,1.1470580560586479,1.0,224.95735043299254,968.0835080297621,Low
16422,47.0,352.0,369.0,702.4723404255318,10.237072472431032,1.0,714.6127680648735,27445.666602872134,Platinum
16426,6.0,274.0,276.0,263.31333333333333,1.8235531621056393,1.0,303.8366594821064,2078.6713749059413,Medium
16427,1.0,21.0,284.0,131.26,0.43016249128500095,0.999999997296054,651.7377637043296,1051.7987705851149,Low
16431,1.0,84.0,297.0,298.88,0.4140200498727979,0.9999999989619612,1478.161488639629,2295.992634790648,Medium
16434,6.0,270.0,299.0,186.875,1.7031772714656994,1.0,215.6864843082391,1378.1929324366179,Medium
16438,4.0,77.0,82.0,148.4875,3.145767551713539,1.0,185.73573478270603,2192.0443199601964,Medium
16440,4.0,207.0,214.0,842.0525,1.5694382326138316,1.0,1051.9271010775947,6193.798981063099,Platinum
16441,1.0,224.0,291.0,170.2,0.4213172089330906,0.9999999996782329,843.7252344654593,1333.6364932647189,Medium
16442,2.0,359.0,360.0,232.565,0.5701342522218907,1.0,387.4702523989452,828.7866231148378,Low
16444,3.0,218.0,264.0,178.53,1.0319156532643246,1.0,243.55952570683223,942.9237052344155,Low
16446,1.0,205.0,205.0,168469.6,0.563730777422771,0.9999999997730895,830617.1237094441,1756709.137906088,Platinum
16449,1.0,83.0,280.0,291.0,0.43538571638952717,0.999999999030394,1439.3104031337816,2351.0175745294346,Medium
16454,1.0,20.0,64.0,1.0,1.2645240536171065,0.9999999995038518,9.511571065789528,45.123895625719705,Low
16455,5.0,308.0,371.0,291.976,1.1974276106203185,1.0,347.5778638630236,1561.4519050517567,Medium
16456,4.0,274.0,373.0,342.7425,0.9787016735480369,1.0,428.3402547045787,1572.7744870934685,Medium
16458,17.0,358.0,360.0,193.46117647058824,3.8674579743095405,1.0,203.03675698696162,2945.9644735279862,High
16460,2.0,53.0,81.0,277.94,1.7897620736142283,1.0,462.9175905356654,3108.3235501351614,High
16462,2.0,210.0,283.0,51.0,0.7021959454276291,1.0,85.57282102057381,225.4350297597198,Low
16463,3.0,183.0,204.0,367.6766666666667,1.2762303043096521,1.0,501.1559350854342,2399.546469362209,High
16464,2.0,123.0,142.0,464.84000000000003,1.2194256148726432,1.0,773.6857998525361,3539.5428429117514,High
16466,6.0,259.0,292.0,248.63166666666666,1.7380965437567673,1.0,286.9054754534428,1870.8543008423253,Medium
16469,2.0,223.0,246.0,186.775,0.7901418891158457,1.0,311.33287249193876,922.9056380469206,Low
16470,3.0,307.0,358.0,182.01666666666665,0.7938336507730469,1.0,248.3079721365872,739.5157059141343,Low
16473,2.0,172.0,336.0,83.35,0.6056360875731313,1.0,139.36282407782775,316.65468482337934,Low
16474,5.0,138.0,145.0,303.18600000000004,2.589334493427085,1.0,360.9141293960091,3506.059445910773,High
16475,3.0,185.0,273.0,78.10000000000001,1.0031111251543672,1.0,106.78520211018942,401.87163618847785,Low
16477,6.0,308.0,371.0,378.135,1.4114977520117833,1.0,436.2512424412072,2310.1708613697483,Medium
16478,2.0,40.0,65.0,64.05,2.0400282447612454,1.0,107.27172488138258,821.0104376119032,Low
16484,1.0,17.0,190.0,118.6,0.5990488682767403,0.9999999982491077,589.3196491733614,1324.4647606419007,Low
16488,2.0,115.0,148.0,139.87,1.1823653148925584,1.0,233.34152493705477,1035.0729207595234,Low
16493,3.0,250.0,329.0,407.9433333333333,0.8546681640394473,1.0,555.9945898382452,1782.7700387799562,Medium
16495,1.0,273.0,276.0,437.9,0.4407373456472785,0.9999999997697158,2163.5774666882226,3577.499119403221,High
16496,2.0,308.0,316.0,431.41,0.6387832169632485,1.0,718.1000254412842,1720.9397793571811,Medium
16497,4.0,284.0,333.0,671.5975,1.0810701823146673,1.0,839.0463338217567,3403.040103559116,High
16498,1.0,1.0,162.0,9.75,0.6783844767018977,0.999999997771962,52.652053067841,134.00421097098868,Low
16499,1.0,4.0,364.0,147.35,0.34692328093174,0.9999999940836497,731.0669471801019,951.5197962336669,Low
16500,4.0,326.0,330.0,58.965,1.0896179271491533,1.0,73.93133780602156,302.22475830330956,Low
16503,3.0,254.0,360.0,314.61333333333334,0.7899558336944019,1.0,428.88966480314946,1271.088020303244,Low
16506,1.0,21.0,40.0,35.1,1.6039064813537403,0.9999999996679767,177.63619235378442,1068.90161166855,Low
16511,2.0,245.0,266.0,304.755,0.7400414196845696,1.0,507.50426540367977,1409.038819970112,Medium
16513,3.0,39.0,43.0,255.38,3.4994127783181415,1.0,348.2205509821683,4571.690336306672,Platinum
16515,4.0,259.0,311.0,326.655,1.1470580560586479,1.0,408.24862146866127,1756.8608309930237,Medium
16518,1.0,223.0,284.0,293.62,0.4301624923134487,0.9999999996868896,1452.2278960303959,2343.6596808881786,Medium
16519,1.0,340.0,365.0,111.38,0.3460861591707897,0.9999999997494367,553.7225885956686,718.9583065184275,Low
16520,2.0,179.0,365.0,360.405,0.5632556001772135,1.0,600.0363726721862,1267.9739448153616,Low
16523,17.0,314.0,315.0,510.26882352941175,4.345022874177521,1.0,535.4312471737883,8728.166326656263,Platinum
16525,25.0,364.0,366.0,504.6404,5.54477323795144,1.0,521.3002534986987,10844.235986158666,Platinum
16531,6.0,338.0,360.0,191.96166666666667,1.4494205781119334,1.0,221.5525274068293,1204.7539688234533,Low
16532,2.0,321.0,338.0,2419.2,0.6025096022158013,1.0,4023.30034003723,9094.391807059927,Platinum
16533,2.0,49.0,68.0,359.295,1.9879082390922207,1.0,598.1907187805772,4461.318591963654,Platinum
16539,3.0,371.0,373.0,315.4866666666667,0.7656450667773651,1.0,430.0790462224571,1235.386942102485,Low
16546,1.0,82.0,372.0,487.75,0.34033753229583635,0.999999998546877,2409.3549555799104,3076.3650324876717,High
16549,7.0,324.0,334.0,576.45,1.7824338616842783,1.0,650.6839565357081,4351.217143330104,Platinum
16550,4.0,260.0,368.0,436.0775,0.9904248152366971,1.0,544.9060721450975,2024.7452773553964,Medium
16551,2.0,241.0,336.0,305.525,0.6056360875731313,1.0,508.78458386903014,1156.0401643272526,Low
16552,1.0,131.0,373.0,284.44,0.33953185293713534,0.9999999991197066,1406.9673674842436,1792.2219102444417,Medium
16553,5.0,197.0,360.0,822.076,1.229598996639422,1.0,978.224996694033,4512.627548876527,Platinum
16554,2.0,289.0,331.0,418.125,0.6135961237668109,1.0,696.0103750358554,1602.2325667999075,Medium
16555,1.0,74.0,109.0,133.91,0.9053363034929949,0.9999999996622164,664.803166824951,2258.0328164168272,Medium
16556,6.0,294.0,360.0,500.49,1.4494205781119334,1.0,577.3534121649303,3139.5210104835037,High
16557,1.0,113.0,137.0,180.7,0.7693583205640068,0.9999999997173585,895.493812867921,2584.749611078883,High
16558,19.0,366.0,366.0,408.89947368421053,4.244893194902229,1.0,426.8578573581175,6797.939288550995,Platinum
16560,1.0,332.0,358.0,509.23,0.35203232181018834,0.9999999997479461,2515.2586759689466,3321.9449389837746,High
16561,1.0,54.0,59.0,246.16,1.3228384639859125,0.9999999997553584,1218.2339216512685,6045.952581026525,Platinum
16566,4.0,277.0,292.0,129.94,1.2108912083692762,1.0,162.57181450651785,738.5461067914736,Low
16567,1.0,142.0,336.0,308.03999999999996,0.3721263796487732,0.9999999993078093,1523.3234103697764,2126.717516984035,Medium
16570,8.0,296.0,311.0,411.0425,2.1458845781666542,1.0,456.66371950407785,3676.462176802873,High
16571,2.0,255.0,281.0,492.505,0.7064462310019778,1.0,819.685813286197,2172.4698858799416,Medium
16572,2.0,148.0,275.0,333.51,0.7195115132436224,1.0,555.3166777038757,1499.014032896751,Medium
16573,1.0,206.0,290.0,370.98,0.4225584838849378,0.9999999996430258,1833.6390603365332,2906.885405544017,High
16584,1.0,174.0,254.0,324.14,0.4726934703788446,0.9999999996304445,1602.7018972535514,2842.2324155640117,High
16589,2.0,90.0,161.0,170.78,1.1093183910029452,1.0,284.7371661889781,1185.025253782636,Low
16592,8.0,283.0,287.0,457.3,2.2989693487710468,1.0,508.0407781168465,4381.864942262797,Platinum
16593,2.0,277.0,327.0,130.215,0.6201164076808231,1.0,217.28766158256366,505.51671792906706,Low
16596,1.0,351.0,366.0,129.5,0.3452530656714844,0.9999999997593938,643.060363895917,832.9453721297829,Low
16600,5.0,334.0,338.0,137.53199999999998,1.2994223719465934,1.0,163.83957715683147,798.7233708520396,Low
16603,1.0,17.0,91.0,185.85,1.0213860916091706,0.9999999992518771,920.8850679891285,3528.763923538411,High
16607,13.0,341.0,358.0,226.37615384615384,3.0028402951436823,1.0,241.2407794032141,2717.754302936734,High
16609,6.0,237.0,252.0,822.6550000000001,1.9687487290935377,1.0,948.8803665929743,7008.56306383202,Platinum
16612,3.0,279.0,311.0,302.5366666666667,0.8973514255316453,1.0,412.442608001044,1388.5237594688986,Medium
16616,1.0,142.0,157.0,290.32,0.6948163835867022,0.9999999997441014,1435.9577713896222,3743.16484048052,High
16618,3.0,291.0,322.0,639.81,0.8707756155974766,1.0,871.7708170406904,2847.9726854305363,High
16620,1.0,257.0,260.0,83.2,0.46352750251078645,0.999999999769539,414.78558484506175,721.3173793389573,Low
16621,3.0,226.0,277.0,216.87666666666667,0.990818960890929,1.0,295.7833571866616,1099.500109403134,Low
16624,1.0,117.0,197.0,384.14,0.5820320201482443,0.9999999995758535,1898.5223452676187,4145.62318875318,High
16626,16.0,266.0,266.0,226.08437500000002,4.734677848468666,1.0,238.00043849119538,4227.614957999495,High
16628,4.0,205.0,234.0,456.85,1.4586893859388526,1.0,570.8487886264087,3124.0008308197075,High
16629,1.0,23.0,96.0,180.95,0.9862683161333838,0.9999999993108173,896.7263980679796,3318.0449908615274,High
16633,5.0,217.0,234.0,487.116,1.7762360084697613,1.0,579.731196254352,3863.2656724530834,High
16634,1.0,150.0,372.0,53.1,0.3403375325359396,0.9999999992523627,266.38232675800464,340.1280803358942,Low
16637,3.0,193.0,225.0,283.6166666666666,1.1785677853748986,1.0,386.6757036652032,1709.7345370189532,Medium
16638,9.0,346.0,368.0,181.14666666666665,2.0684680846980372,1.0,198.8642992014206,1543.2379071711773,Medium
16639,2.0,204.0,235.0,474.65500000000003,0.8207004668619087,1.0,790.0057034076195,2432.440026306743,High
16642,1.0,203.0,207.0,380.6,0.5593338949952228,0.9999999997673326,1881.068938834789,3947.326808329994,High
16644,1.0,35.0,212.0,111.37,0.548636021467794,0.9999999986255246,553.6732851876664,1139.6332761799815,Low
16647,1.0,35.0,204.0,86.31,0.5659552429891392,0.999999998691943,430.1189447337909,913.2672694140484,Low
16652,4.0,215.0,273.0,1296.4524999999999,1.2822475838255567,1.0,1619.4259755081055,7790.408382482875,Platinum
16653,1.0,55.0,71.0,94.80000000000001,1.1910192236371888,0.9999999997152125,471.97753812778143,2108.95511125173,Medium
16654,3.0,227.0,368.0,124.62333333333333,0.7748161613444305,1.0,170.14473061888017,494.58894905278675,Low
16655,5.0,314.0,331.0,596.454,1.3233324873662777,1.0,709.8079670701921,3524.009561968566,High
16656,14.0,342.0,364.0,585.5028571428572,3.1769548635641924,1.0,620.9253500361971,7400.782985908667,Platinum
16657,3.0,245.0,254.0,230.35666666666665,1.0659248031600772,1.0,314.14159558238737,1256.2591770301888,Low
16660,2.0,303.0,319.0,492.525,0.6335817232468246,1.0,819.719068311271,1948.475335096823,Medium
16667,1.0,216.0,284.0,366.78,0.4301624923077438,0.9999999996736273,1812.9316289755484,2925.776852651533,High
16668,5.0,269.0,284.0,51.192,1.5098722177952444,1.0,61.12297000982271,346.23572498766,Low
16669,1.0,55.0,78.0,645.38,1.1255903925160835,0.9999999996883797,3186.5245759208674,13456.275924998383,Platinum
16670,9.0,342.0,358.0,410.25444444444446,2.1192376373954285,1.0,450.2374316366254,3579.715323386584,High
16671,2.0,136.0,164.0,154.695,1.093725151388575,1.0,257.9918122731843,1058.6230761008478,Low
16672,17.0,264.0,266.0,409.38235294117646,5.020009021953228,1.0,429.5811918823569,8090.530330574682,Platinum
16674,1.0,44.0,98.0,197.41,0.9728881970768223,0.9999999995305715,977.8798076398388,3569.239142759653,High
16676,3.0,304.0,337.0,375.76666666666665,0.8369742218413865,1.0,512.1736018971123,1608.2609126218815,Medium
16678,11.0,280.0,282.0,254.34636363636363,3.148321658668041,1.0,274.31020228145144,3240.0244801042163,High
16681,5.0,181.0,253.0,293.748,1.6646423468652027,1.0,349.68596935137776,2183.8679751890463,Medium
16682,4.0,183.0,187.0,125.625,1.748671393244881,1.0,157.1828232143355,1031.194349234749,Low
16684,15.0,354.0,358.0,4394.286666666667,3.444641624017811,1.0,4640.994011900835,59976.66142674164,Platinum
16686,6.0,308.0,355.0,449.64166666666665,1.4673401915263486,1.0,518.7141235361987,2855.5260110993613,High
16688,3.0,59.0,60.0,359.03666666666663,2.9557423863014733,1.0,489.3892303570164,5426.855046208399,Platinum
16689,1.0,7.0,82.0,128.44,1.0913318272752293,0.9999999991269135,637.8342026476685,2611.510996111848,High
16690,1.0,129.0,201.0,139.07999999999998,0.5727352360841204,0.9999999996105309,690.293028762163,1483.250913063916,Medium
16692,1.0,33.0,289.0,1267.5,0.4238070937327031,0.999999997845229,6253.788194562727,9943.485026576005,Platinum
16693,1.0,203.0,271.0,324.45,0.44761477663321875,0.9999999996681472,1604.230302901624,2694.0047969259904,High
16696,3.0,113.0,248.0,207.5,1.0874280155187392,1.0,283.0133956121866,1154.608482320632,Low
16698,1.0,27.0,253.0,816.0,0.47425649075986254,0.9999999979682503,4027.73932325687,7166.4136546221,Platinum
16700,12.0,358.0,366.0,394.96750000000003,2.7283664780114605,1.0,423.1556665473603,4331.418029674797,Platinum
16701,11.0,353.0,361.0,447.4127272727273,2.542318967961765,1.0,482.4613610894968,4601.715971041577,Platinum
16705,11.0,358.0,358.0,1173.0245454545454,2.5610389662695607,1.0,1264.7671856495583,12152.174850067031,Platinum
16706,2.0,77.0,114.0,119.91,1.4283553738736254,1.0,200.1530099131664,1072.56996806659,Low
16709,3.0,197.0,281.0,636.4466666666666,0.9788244070525379,1.0,867.1903366892345,3184.5381339770056,High
16710,8.0,349.0,368.0,263.44625,1.852859430805767,1.0,292.73222326509256,2034.8867202570993,Medium
16711,4.0,354.0,357.0,359.2075,1.017231059843503,1.0,448.9033466224888,1713.166957947141,Medium
16712,8.0,267.0,276.0,409.3325,2.3766794886483877,1.0,454.7644648917915,4054.939453695093,High
16713,14.0,348.0,366.0,464.90714285714284,3.161659825694531,1.0,493.0481793608071,5848.328168961218,Platinum
16714,1.0,99.0,317.0,15.0,0.39142211755719125,0.999999999042096,78.5363422690719,115.33025887179802,Low
16716,1.0,45.0,311.0,166.8,0.3979381637142686,0.9999999980816834,826.9620757446622,1234.6061016638635,Low
16717,5.0,343.0,366.0,710.226,1.2118397611207004,1.0,845.1597603100519,3842.4767040657225,High
16719,6.0,354.0,368.0,226.615,1.4216421230212302,1.0,261.5154265240927,1394.809284766832,Medium
16722,12.0,351.0,368.0,354.1775,2.7152940463748396,1.0,379.4631186537782,3865.571165821204,High
16723,1.0,16.0,107.0,165.0,0.916911795093472,0.9999999990897668,818.0874623042401,2814.1972249070964,High
16725,5.0,69.0,371.0,131.774,1.1974276106203157,0.9999999999999976,156.9894239954639,705.2561761162615,Low
16726,3.0,335.0,361.0,417.48333333333335,0.7880310976706293,1.0,568.9869929758731,1682.1817956286416,Medium
16728,3.0,218.0,264.0,276.7266666666667,1.0319156532643246,1.0,377.2923013991387,1460.6608128310877,Medium
16729,18.0,203.0,241.0,374.2027777777778,5.762031051426127,1.0,391.5972465746517,8465.302033491653,Platinum
16730,2.0,267.0,319.0,278.045,0.6335817232468246,1.0,463.0921794173041,1100.7718672810126,Low
16734,1.0,62.0,114.0,344.35,0.8776371243121205,0.9999999995822322,1702.3440848262899,5605.180027104063,Platinum
16735,3.0,256.0,334.0,546.7333333333332,0.8435229239372128,1.0,745.0109034096685,2357.6902771454365,Medium
16743,5.0,329.0,358.0,361.562,1.2356349796471737,1.0,430.3626429333474,1995.041776228809,Medium
16744,6.0,162.0,173.0,199.13333333333333,2.668007284669776,1.0,229.82303312545108,2300.423508617753,Medium
16745,16.0,225.0,311.0,434.6875,4.14353762238268,1.0,457.5418617783815,7112.615888541577,Platinum
16746,16.0,354.0,358.0,399.12625,3.6655422884548763,1.0,420.1159246603664,5777.428935923065,Platinum
16747,1.0,30.0,67.0,355.86,1.2319396516333112,0.9999999995826088,1759.0923074369884,8130.276156644346,Platinum
16748,4.0,317.0,334.0,259.225,1.0782506583739804,1.0,324.0354852387992,1310.8093743411061,Low
16750,4.0,188.0,232.0,126.3075,1.4690559135758543,1.0,158.03519553343506,871.0024526126983,Low
16755,2.0,201.0,315.0,590.385,0.6405360791796245,1.0,982.4359059985313,2360.8862226652554,Medium
16759,1.0,23.0,30.0,370.94,1.8058514500852114,0.9999999997371485,1833.4418467045239,12421.567274652687,Platinum
16762,2.0,125.0,144.0,593.615,1.2068167116871487,1.0,987.8065925479883,4472.398260515022,Platinum
16764,12.0,140.0,143.0,218.5475,5.890285208479025,1.0,234.1819156430764,5175.078146157974,Platinum
16767,7.0,286.0,316.0,530.6542857142857,1.8702329713301231,1.0,599.0026722855962,4202.92560835802,High
16768,2.0,224.0,271.0,147.42000000000002,0.7284935354979277,1.0,245.89529690250356,672.0524345069421,Low
16770,4.0,315.0,372.0,159.825,0.9810240474893549,1.0,199.89510645712485,735.7140497804252,Low
16771,4.0,305.0,338.0,487.5375,1.0671181153696625,1.0,609.1743205566162,2438.828795732111,High
16774,3.0,111.0,178.0,172.70666666666668,1.4221346123449263,1.0,235.6288030368686,1257.176683549693,Low
16775,10.0,357.0,367.0,146.376,2.289561731066273,1.0,159.15646275023934,1367.1112901870824,Medium
16777,1.0,177.0,257.0,49.1,0.46806561721567913,0.9999999996324997,246.6609635570668,433.14608961947715,Low
16778,1.0,200.0,274.0,152.76,0.44346280059582405,0.999999999656703,757.7400909093703,1260.6795126752854,Low
16779,20.0,364.0,366.0,513.6405000000001,4.4615398687437615,1.0,535.0118431948002,8955.202444403247,Platinum
16780,1.0,159.0,259.0,263.3,0.46503039805488366,0.9999999995762685,1302.7399629672873,2272.826647582492,Medium
16782,12.0,355.0,365.0,159.01666666666668,2.734950009374276,1.0,170.41496819121284,1748.5754009147913,Medium
16788,1.0,131.0,254.0,300.31,0.4726934703079444,0.9999999994804525,1485.2118759839643,2633.875547600525,High
16790,5.0,34.0,37.0,176.282,5.8251431598918355,1.0,209.9395137672854,4588.048754158688,Platinum
16791,5.0,303.0,332.0,293.28000000000003,1.3198630252034766,1.0,349.1292010847019,1728.7901177762712,Medium
16794,8.0,179.0,180.0,118.49625,3.371179962727234,1.0,131.73985130550065,1666.1969683556226,Medium
16801,3.0,110.0,273.0,289.27666666666664,1.0031111251543672,1.0,394.3839847720139,1484.2106782109813,Medium
16804,1.0,247.0,270.0,418.94,0.4490160998313933,0.999999999744392,2070.0982051157775,3487.2260168308308,High
16805,1.0,187.0,360.0,245.82,0.35031267055867543,0.9999999994556157,1216.5576057791889,1598.8795874747557,Medium
16806,3.0,136.0,239.0,186.73333333333335,1.1213603090316546,1.0,254.73153972559615,1071.6553459568404,Low
16807,2.0,128.0,270.0,375.18,0.7307741904703848,1.0,624.6035224456307,1712.4380282122384,Medium
16808,1.0,175.0,274.0,121.92,0.4434628005679173,0.9999999995937738,605.6883806301398,1007.7055993717561,Low
16809,4.0,239.0,262.0,175.10250000000002,1.3275387979004445,1.0,218.9751329846604,1090.6094468170206,Low
16811,1.0,13.0,17.0,232.3,2.1592845546359256,0.9999999997494811,1149.899398160019,9315.302424741369,Platinum
16813,9.0,196.0,204.0,165.19222222222223,3.4070554860502806,1.0,181.3593558286407,2318.1759984727,Medium
16814,20.0,355.0,369.0,311.7905,4.4295516146132226,1.0,324.78236678512076,5397.335850385912,Platinum
16816,3.0,255.0,358.0,113.76,0.7938336507730469,1.0,155.3500968573395,462.6667261335058,Low
16817,8.0,366.0,368.0,170.06875,1.852859430805767,1.0,189.02014866932302,1313.9468764253895,Low
16818,10.0,195.0,205.0,279.515,3.7474058556673207,1.0,303.82833183029305,4271.557278214236,Platinum
16824,1.0,149.0,164.0,237.74,0.6720272940239685,0.9999999997451461,1176.7204521132944,2966.794381854164,High
16825,1.0,147.0,185.0,456.48,0.6118259644198445,0.9999999996992144,2255.183198756579,5176.50889804802,Platinum
16828,1.0,19.0,112.0,15.0,0.8885108829601885,0.9999999991089568,78.5363422690719,261.79458325380847,Low
16832,2.0,33.0,217.0,70.125,0.8761484246836966,0.9999999999999998,117.37293874762116,385.8094819072158,Low
16833,2.0,333.0,334.0,398.525,0.6087951895004463,1.0,663.4204504632996,1515.2604961990105,Medium
16835,1.0,245.0,373.0,99.1,0.3395318530990684,0.9999999995966371,493.1780035687895,628.2195625109593,Low
16836,1.0,77.0,116.0,160.55,0.8670262976037143,0.9999999996517097,796.1474457431968,2589.7211899661465,High
16837,8.0,214.0,245.0,377.78,2.626921749172166,1.0,419.7198852694733,4136.50844907615,High
16838,1.0,91.0,288.0,196.73000000000002,0.42506310572965783,0.9999999990825028,974.5271758956794,1554.0843950194323,Medium
16839,31.0,361.0,369.0,517.4874193548387,6.795578630761171,1.0,531.1767624590948,13542.30976703531,Platinum
16841,5.0,251.0,287.0,310.488,1.496408164063344,1.0,369.60114196709384,2074.9641967132197,Medium
16842,2.0,202.0,302.0,371.81,0.6642310856331162,1.0,619.0000507206555,1542.542416965863,Medium
16843,11.0,285.0,327.0,857.9554545454546,2.7719512082035282,1.0,925.080897773712,9620.38669074512,Platinum
16851,2.0,47.0,51.0,115.68,2.3244293293001967,1.0,193.11957211000768,1684.1077376212286,Medium
16852,1.0,166.0,176.0,31.85,0.6362530856510827,0.9999999997560738,161.61258475302245,385.77342943646033,Low
16855,1.0,20.0,43.0,177.2,1.5518445256048192,0.9999999996419822,878.2376200671005,5113.13758711026,Platinum
16859,1.0,117.0,261.0,487.97,0.4620342895901777,0.9999999993872084,2410.439630555962,4178.281545799001,High
16861,1.0,99.0,158.0,102.96,0.6914666269283842,0.999999999613191,512.2091190576946,1328.757608311355,Low
16863,1.0,335.0,366.0,338.55,0.3452530656659068,0.9999999997432387,1673.7481081849298,2167.9780298615074,Medium
16866,2.0,21.0,161.0,49.394999999999996,1.109318391002945,0.9999999999999998,82.90410525838237,345.03208586487585,Low
16869,3.0,153.0,175.0,197.29666666666665,1.441145163040301,1.0,269.1176073507334,1455.0471795647143,Medium
16871,4.0,248.0,270.0,569.33,1.2942903715188232,1.0,711.3247424026937,3454.0360793886566,High
16872,2.0,107.0,184.0,145.82999999999998,1.0000132726666977,1.0,243.2515224091176,912.6170227866972,Low
16873,5.0,360.0,364.0,993.1959999999999,1.2177022308550116,1.0,1181.8023167657973,5398.998076628194,Platinum
16875,3.0,272.0,339.0,575.5766666666667,0.8326646195103619,1.0,784.292267612986,2450.0518701915917,High
16877,5.0,196.0,208.0,155.19400000000002,1.9556377926313264,1.0,184.85163084493053,1356.2474727656838,Medium
16880,5.0,159.0,189.0,249.84,2.111483185515361,1.0,297.4496850496536,2356.288017960274,Medium
16882,2.0,251.0,317.0,347.61,0.6370399221728461,1.0,578.7614703810714,1383.2271192913242,Medium
16883,1.0,184.0,371.0,148.7,0.3411470448567342,0.9999999994204467,737.7229072604184,944.195914124523,Low
16885,2.0,342.0,357.0,140.43,0.5743426827831093,1.0,234.27266563912778,504.8006967322383,Low
16889,2.0,142.0,336.0,527.81,0.6056360875731313,1.0,878.3892462981397,1995.841227955106,Medium
16891,4.0,370.0,371.0,144.36,0.98335746922885,1.0,180.58091171005654,666.2090013521517,Low
16892,3.0,182.0,183.0,140.85333333333332,1.3915409333995048,1.0,192.24815859830377,1003.6572099619873,Low
16897,1.0,14.0,313.0,76.75,0.39574217535520995,0.9999999963509669,382.98488668354946,568.6187901897729,Low
16898,2.0,342.0,368.0,196.365,0.5592075074521643,1.0,327.27865701493926,686.6223117353118,Low
16899,5.0,353.0,360.0,222.202,1.229598996639422,1.0,264.56942574540267,1220.4792182207682,Low
16900,2.0,47.0,63.0,67.215,2.076320270090425,1.0,112.53433259934887,876.6103974061392,Low
16904,14.0,363.0,367.0,243.96928571428572,3.1540674011220413,1.0,258.77030113061164,3062.05251759968,High
16905,5.0,366.0,371.0,569.606,1.1974276106203185,1.0,677.8675516349027,3045.238750561557,High
16906,3.0,167.0,248.0,155.04333333333332,1.0874280155187392,1.0,211.5733368501843,863.1547946050091,Low
16907,4.0,336.0,365.0,199.9075,0.9975944820166257,1.0,249.95402730739107,935.4948713385221,Low
16910,7.0,87.0,91.0,199.75428571428571,4.866911387919669,1.0,225.57609241681786,4118.828815252233,High
16912,5.0,295.0,323.0,439.616,1.3517589308641975,1.0,523.2215965383117,2653.4575446012573,High
16915,5.0,274.0,283.0,113.476,1.514414239413296,1.0,135.2207365090617,768.2723718182959,Low
16916,1.0,349.0,372.0,378.18,0.34033753270593725,0.9999999997518598,1869.1375140982213,2386.592844235989,High
16918,4.0,268.0,317.0,198.26,1.1282755306542676,1.0,247.8964692184292,1049.3315835264043,Low
16919,10.0,212.0,368.0,239.81000000000003,2.2840767385903025,0.9999999999999998,260.6839747161227,2233.841007211897,Medium
16923,16.0,350.0,362.0,418.569375,3.629904584694774,1.0,440.5785679484315,5999.924844235595,Platinum
16924,2.0,63.0,84.0,287.82000000000005,1.7495194745203442,1.0,479.3455729222395,3146.260920107132,High
16927,2.0,246.0,361.0,162.475,0.568745113884238,1.0,270.9280170269845,578.0944913658852,Low
16928,16.0,293.0,373.0,170.709375,3.5353809547960657,1.0,179.72179901957702,2383.769228847838,High
16929,6.0,152.0,155.0,177.70833333333334,2.90293262700018,1.0,205.1153057229684,2233.892444821697,Medium
16930,1.0,42.0,68.0,173.44,1.2214481790766014,0.9999999996618747,859.6995386582189,3939.5713836484606,High
16931,19.0,364.0,369.0,234.32473684210527,4.214458249508867,1.0,244.63779723322517,3868.0541701917473,High
16933,1.0,238.0,239.0,338.5,0.4972768196450411,0.9999999997718303,1673.5015911449182,3122.1342886592065,High
16938,3.0,300.0,308.0,822.9266666666667,0.9048832706158358,1.0,1121.1550470775844,3806.1462287341933,High
16940,2.0,237.0,289.0,1146.1,0.6897465069573301,1.0,1906.4517189494395,4933.35712427376,Platinum
16942,7.0,215.0,227.0,233.65,2.4723925801286017,1.0,263.82801341386704,2447.178074484798,High
16943,2.0,107.0,318.0,182.85,0.6353061166905976,1.0,304.80657382115913,726.4982960999773,Low
16945,12.0,337.0,358.0,338.8041666666667,2.7819396307066158,1.0,362.99584473981236,3788.5811061135,High
16948,2.0,187.0,325.0,182.70999999999998,0.6234287923003777,1.0,304.57378864564083,712.3716299202947,Low
16949,5.0,313.0,316.0,242.36999999999998,1.377653069583377,1.0,288.5628069469416,1491.445719825767,Medium
16950,2.0,311.0,367.0,503.28,0.5605503909547471,1.0,837.6019580448341,1761.487549167326,Medium
16951,2.0,170.0,304.0,111.98,0.6604722403814872,1.0,186.96739247131094,463.28439746045854,Low
16954,7.0,359.0,359.0,248.32571428571427,1.6733292026026636,1.0,280.3898199803392,1760.2358676462006,Medium
16955,3.0,189.0,373.0,120.85666666666667,0.7656450667773651,1.0,165.01495579514867,473.9996599032189,Low
16957,1.0,42.0,281.0,301.8,0.4340680541881479,0.9999999982415917,1492.5580837763137,2430.6157042202694,High
16960,2.0,214.0,252.0,152.76,0.7744136528934112,1.0,254.77438859727124,740.21179831569,Low
16966,6.0,232.0,240.0,290.96166666666664,2.050376619635236,1.0,335.72125612775284,2582.4963383236045,High
16968,1.0,103.0,107.0,186.12,0.91691179571125,0.9999999997635263,922.2162600051918,3172.3972814709246,High
16969,2.0,152.0,191.0,126.52499999999999,0.970897529114062,1.0,211.15210945640393,769.1234526585356,Low
16979,5.0,294.0,297.0,300.96999999999997,1.4532121757161394,1.0,358.27780785978285,1953.3324742544398,Medium
16980,1.0,36.0,291.0,346.59999999999997,0.42131720820300084,0.9999999979453587,1713.437351626817,2708.349215773193,High
16983,6.0,357.0,369.0,294.62666666666667,1.4182445031521724,1.0,339.94780552939113,1808.8001488166879,Medium
16984,1.0,42.0,130.0,1255.22,0.7993740361586585,0.9999999993354871,6193.243609535847,18573.572075703865,Platinum
16985,6.0,341.0,358.0,755.1333333333333,1.4565356440842372,1.0,871.0130651338701,4759.628107868634,Platinum
16986,1.0,1.0,30.0,1790.0,1.8058514497146296,0.9999999995319369,8829.89126268523,59822.50733610577,Platinum
16987,5.0,202.0,205.0,282.4,1.978697478935858,1.0,336.18552856026986,2495.6613279413914,High
16989,5.0,143.0,150.0,55.11,2.524413818181346,1.0,65.78411972955841,623.0298440473633,Low
16992,4.0,274.0,284.0,298.1775,1.2399447864584665,1.0,372.68315228601415,1733.6816050128668,Medium
16996,4.0,323.0,353.0,332.355,1.0273421239762508,1.0,415.36733534245957,1600.9385791626369,Medium
16997,2.0,37.0,325.0,156.0,0.6234287923003775,0.9999999999999996,260.1617026592652,608.495619371389,Low
16998,2.0,155.0,304.0,102.5,0.6604722403814872,1.0,171.20451058621765,424.2257298508304,Low
16999,1.0,51.0,74.0,238.99,1.1620695208250105,0.9999999996848017,1182.8833781135877,5157.049187516209,Platinum
17001,10.0,358.0,358.0,359.161,2.3401383018324884,1.0,390.37348903254,3427.2759643813397,High
17002,2.0,205.0,290.0,490.33500000000004,0.6877143918328621,1.0,816.0776430656641,2105.556148964908,Medium
17004,1.0,46.0,92.0,406.53999999999996,1.0141638829290092,0.9999999995752318,2008.9619791928703,7643.760865257012,Platinum
17006,3.0,71.0,75.0,167.00666666666666,2.5994083146666576,1.0,227.86604644520406,2222.190850210463,Medium
17007,4.0,307.0,357.0,170.7025,1.017231059843503,1.0,213.47998543295645,814.7118081842699,Low
17014,2.0,58.0,66.0,199.14,2.022353871738222,1.0,331.89279174396177,2518.1535294208797,High
17015,2.0,157.0,185.0,659.03,0.9957474220763195,1.0,1096.575465808893,4096.518776203702,High
17017,15.0,370.0,372.0,521.1293333333333,3.3302079347189095,1.0,550.4446324194989,6877.209056626043,Platinum
17018,1.0,285.0,325.0,515.1,0.3830589099713947,0.9999999997283262,2544.199776466323,3656.3184395265584,High
17019,3.0,357.0,368.0,304.59666666666664,0.7748161613444305,1.0,415.24809547101387,1207.0730512085,Low
17024,2.0,112.0,157.0,32.3,1.1308144194204695,1.0,54.479372576349725,231.12699297585232,Low
17025,1.0,313.0,373.0,196.8,0.33953185313767587,0.999999999710345,974.8722997516959,1241.8109593127426,Low
17026,1.0,184.0,369.0,121.68,0.34277767743320864,0.9999999994248343,604.5050988380835,777.3914041995333,Low
17027,4.0,239.0,317.0,174.685,1.1282755306542676,1.0,218.45371841583392,924.702102435095,Low
17029,1.0,126.0,236.0,358.0,0.5025035557205046,0.9999999995071098,1769.64323674949,3336.200121769853,High
17031,1.0,143.0,154.0,154.4,0.7050632567575545,0.9999999997520699,765.8258498217549,2025.7476243870353,Medium
17033,2.0,273.0,359.0,361.16999999999996,0.5715301930095202,1.0,601.3083773812681,1289.3287501724876,Low
17034,2.0,271.0,287.0,301.86,0.6938469793556393,1.0,502.69060052421304,1308.554154808342,Low
17035,1.0,66.0,311.0,174.02,0.3979381639233351,0.9999999986070578,862.5591363223549,1287.7504356533332,Low
17041,2.0,334.0,360.0,388.53499999999997,0.5701342522218907,1.0,646.8095654388185,1383.5052167733156,Medium
17042,4.0,245.0,247.0,192.79250000000002,1.3947167342868347,1.0,241.06812393685172,1261.4006019263418,Low
17043,3.0,234.0,266.0,520.1933333333333,1.0253725931691464,1.0,708.8664192091817,2726.925935203086,High
17045,2.0,134.0,247.0,149.745,0.7874762996482189,1.0,249.76119356736027,737.8867077869023,Low
17047,1.0,120.0,205.0,351.47,0.5637307773061562,0.9999999995662268,1737.4481113239592,3674.6063692238145,High
17048,2.0,214.0,331.0,333.47,0.6135961237668109,1.0,555.2501676537277,1278.1991953641218,Low
17049,7.0,273.0,275.0,676.4914285714286,2.106589715548649,1.0,763.582501463527,6034.803882280664,Platinum
17050,5.0,203.0,299.0,619.488,1.4448705197916452,1.0,737.2109590672296,3996.206729314767,High
17054,4.0,217.0,245.0,260.565,1.4041909735881397,1.0,325.7090074477272,1715.8652548065547,Medium
17058,2.0,158.0,239.0,298.58500000000004,0.8093185643950797,1.0,497.24509016833963,1509.7924181591036,Medium
17059,4.0,340.0,369.0,593.1700000000001,0.9880577729434475,1.0,741.098450955562,2747.169642098103,High
17061,8.0,159.0,232.0,411.685,2.748269290081841,1.0,457.3773283277,4715.862700065914,Platinum
17062,3.0,56.0,369.0,119.57666666666667,0.7729644078390854,0.9999999999999993,163.27174027982753,473.475763033551,Low
17063,3.0,268.0,289.0,380.59,0.9556859192687502,1.0,518.7424374457313,1859.9197226680283,Medium
17064,2.0,269.0,327.0,355.75,0.6201164076808231,1.0,592.2962655862042,1377.969011402016,Medium
17068,20.0,356.0,368.0,219.2995,4.440163277513017,1.0,228.45175245463938,3805.5783577978477,High
17069,7.0,345.0,373.0,347.5214285714286,1.6178714938600451,1.0,392.33396118116974,2381.371546385303,High
17071,7.0,281.0,309.0,302.92571428571426,1.906758620313135,1.0,342.0068984355683,2446.5709718694297,High
17073,3.0,92.0,109.0,330.76666666666665,2.041535332168559,1.0,450.8886814366033,3453.452349475138,High
17075,3.0,300.0,317.0,215.08666666666667,0.8826577264135572,1.0,293.34557923945465,971.4022587385059,Low
17076,2.0,328.0,364.0,344.78999999999996,0.5646180199519479,1.0,574.0725118456322,1216.0424085636557,Low
17080,1.0,247.0,269.0,211.3,0.4504262246428254,0.9999999997456661,1046.3622413550956,1768.2064137405966,Medium
17081,1.0,21.0,46.0,178.26,1.5030561192705993,0.9999999996317737,883.4637813153489,4981.856111613579,Platinum
17082,1.0,285.0,318.0,1366.91,0.3903568002716899,0.9999999997363753,6743.913373514034,9876.452209625939,Platinum
17083,2.0,194.0,303.0,357.21,0.6623463301462197,1.0,594.7238824166088,1477.841123210777,Medium
17085,4.0,239.0,362.0,278.41499999999996,1.0048687078661263,1.0,348.0018219472531,1311.9523869601053,Low
17086,5.0,56.0,63.0,327.52200000000005,4.477965164969006,1.0,389.8660792631577,6549.72996973464,Platinum
17088,3.0,225.0,253.0,325.06,1.0694494192943174,1.0,443.11684559746317,1777.893505933091,Medium
17090,6.0,350.0,354.0,330.4583333333333,1.470977416918423,1.0,381.2695816029792,2104.095256065958,Medium
17091,6.0,365.0,367.0,589.0516666666666,1.4250560610105094,1.0,679.4844515259356,3632.7767300425194,High
17092,3.0,227.0,277.0,547.6266666666667,0.990818960890929,1.0,746.2275225714031,2773.912807369701,High
17095,2.0,312.0,334.0,505.505,0.6087951895004463,1.0,841.3015795843206,1921.5431903609526,Medium
17096,3.0,246.0,261.0,296.2133333333333,1.041888327566052,1.0,403.83094177040795,1578.5124021736074,Medium
17097,6.0,363.0,365.0,129.95000000000002,1.4319333638560408,1.0,150.03946529370808,806.0380617642691,Low
17101,3.0,168.0,178.0,463.7166666666667,1.4221346123449263,1.0,631.9515742193739,3371.7218523442134,High
17105,1.0,147.0,306.0,346.38,0.4035362575321873,0.9999999994161557,1712.3526766507657,2592.4059704497067,High
17107,4.0,245.0,278.0,2280.055,1.2626666779934885,1.0,2847.844354991021,13490.629133868984,Platinum
17109,3.0,203.0,232.0,140.15,1.1492525694493583,1.0,191.29029798962472,824.7753280058653,Low
17114,7.0,329.0,334.0,95.19714285714285,1.7824338616842783,1.0,107.58148299404927,719.4128399919973,Low
17115,2.0,225.0,233.0,263.74,0.8265123208321525,1.0,439.30652273309954,1362.2104816582826,Medium
17119,1.0,56.0,59.0,59.66,1.3228384639956412,0.9999999997627127,298.7253624075426,1482.5390623101175,Medium
17126,2.0,210.0,362.0,396.07500000000005,0.5673627283946855,1.0,659.3467098917303,1403.4659479584648,Medium
17131,3.0,70.0,75.0,557.8000000000001,2.5994083146666576,1.0,760.0824542192162,7412.46140669592,Platinum
17133,5.0,251.0,266.0,841.7639999999999,1.5960349401383007,1.0,1001.6473335194939,5997.696257406114,Platinum
17134,1.0,158.0,264.0,94.5,0.4576118219599113,0.999999999561924,470.498435887711,807.7605771881788,Low
17135,4.0,355.0,371.0,231.0375,0.98335746922885,1.0,288.8321962356961,1065.5755760137508,Low
17139,8.0,273.0,288.0,1003.63625,2.2921560322496535,1.0,1114.8429083342223,9587.052096644382,Platinum
17144,1.0,83.0,84.0,388.68,1.0749728456377712,0.9999999997703528,1920.9060925006831,7746.951943764443,Platinum
17146,2.0,253.0,358.0,225.765,0.5729329863359831,1.0,376.1635438737728,808.5516443094465,Low
17147,3.0,289.0,311.0,435.03000000000003,0.8973514255316453,1.0,592.883572331734,1995.9938929959585,Medium
17152,1.0,69.0,263.0,1373.6,0.45907654065127035,0.9999999989352224,6776.8973534676015,11671.945259121772,Platinum
17155,1.0,160.0,177.0,108.39999999999999,0.6334430653235283,0.9999999997430362,539.03017301097,1280.9963616201537,Low
17157,1.0,169.0,176.0,157.54,0.6362530856544659,0.9999999997613911,781.3071199344911,1865.0003498333276,Medium
17158,2.0,328.0,360.0,426.59,0.5701342522218907,1.0,710.0855643984413,1518.8505785843906,Medium
17159,2.0,150.0,171.0,505.21500000000003,1.0589915806935752,1.0,840.8193817207472,3340.5844520470537,High
17160,5.0,210.0,241.0,581.2239999999999,1.7334237853674603,1.0,691.6892048875544,4498.243730235059,Platinum
17162,5.0,277.0,305.0,258.21,1.420410413134264,1.0,307.40727135751166,1638.1558518491422,Medium
17163,1.0,57.0,78.0,170.0,1.1255903925265294,0.9999999996976601,842.7391663054124,3558.777120504965,High
17164,4.0,241.0,273.0,460.05500000000006,1.2822475838255567,1.0,574.8515040589567,2765.37985905696,High
17166,1.0,165.0,203.0,78.75,0.5681973346534006,0.9999999997057105,392.8455682840184,837.429555501982,Low
17169,1.0,126.0,183.0,527.1,0.6170907282034896,0.9999999996447098,2603.3638660691363,6027.137896451952,Platinum
17173,6.0,126.0,131.0,550.6366666666667,3.2890829680773375,1.0,635.1835251237712,7837.9283318137295,Platinum
17175,3.0,252.0,296.0,308.2033333333333,0.9363189331822407,1.0,420.15996835533025,1475.92983235289,Medium
17179,2.0,183.0,361.0,234.395,0.568745113884238,1.0,390.5130871932196,833.2599448000268,Low
17180,2.0,260.0,316.0,274.245,0.6387832169632485,1.0,456.7737246532372,1094.666543755991,Low
17181,1.0,316.0,373.0,84.4,0.3395318531389594,0.9999999997141253,420.7019938053431,535.898236771357,Low
17183,5.0,98.0,105.0,603.528,3.260046850857973,1.0,718.2237335626401,8784.374199664235,Platinum
17186,1.0,14.0,60.0,72.0,1.3107492402323953,0.9999999994588433,359.5657678824358,1768.174761022813,Medium
17188,5.0,351.0,362.0,392.11800000000005,1.2236216976018481,1.0,466.7143761738385,2142.523440720912,Medium
17189,1.0,253.0,359.0,157.18,0.3511703909622634,0.9999999996337186,779.5321972464067,1027.0206664108916,Low
17190,1.0,149.0,207.0,249.74,0.5593338949343766,0.9999999996585491,1235.884541716108,2593.4404009710747,High
17191,4.0,340.0,368.0,396.255,0.9904248152366971,1.0,495.17186455925014,1839.9444335401652,Medium
17193,4.0,141.0,176.0,312.685,1.8340015934995253,1.0,390.80152799200147,2688.9529042958284,High
17194,1.0,87.0,360.0,10.0,0.35031267029132046,0.9999999986924262,53.88463826789962,70.81871645861929,Low
17198,2.0,348.0,371.0,210.10500000000002,0.5552171864459149,1.0,350.1248592408023,729.3115345902178,Low
17203,2.0,25.0,60.0,1149.94,2.133245813621596,1.0,1912.8366837636547,15308.97197542145,Platinum
17204,2.0,88.0,263.0,387.82500000000005,0.7471475694430809,1.0,645.6290120486902,1809.7419758134283,Medium
17211,7.0,343.0,369.0,291.98857142857145,1.6333378682565334,1.0,329.6641367230295,2020.1097704894826,Medium
17213,5.0,326.0,366.0,493.666,1.2118397611207004,1.0,587.5235726362481,2671.1466245341057,High
17214,5.0,299.0,359.0,179.61399999999998,1.2326095987654069,1.0,213.90351347789266,989.169456123255,Low
17218,9.0,364.0,368.0,185.35333333333335,2.0684680846980372,1.0,203.47978186799526,1579.0552350653873,Medium
17220,9.0,340.0,364.0,320.0833333333333,2.0884811787257607,1.0,351.30323186821647,2752.5799683417717,High
17221,1.0,29.0,36.0,202.85000000000002,1.6790107251053954,0.9999999997399673,1004.7008615931144,6328.743277317126,Platinum
17223,1.0,58.0,368.0,133.95,0.343598852881767,0.9999999980263874,665.0003804569602,857.2368525966889,Low
17227,5.0,350.0,368.0,159.414,1.2060334691289645,1.0,189.87206265128185,859.1078010791776,Low
17228,7.0,357.0,372.0,246.11285714285714,1.6217105621883203,1.0,277.8925710392835,1690.742681327172,Medium
17229,1.0,46.0,142.0,161.05,0.7492625499476745,0.9999999993118673,798.6126161433141,2244.902206294923,Medium
17230,3.0,95.0,359.0,625.7166666666667,0.7918899949281495,0.9999999999999998,852.5772878772066,2532.9455216966585,High
17231,9.0,349.0,361.0,326.92333333333335,2.1037470003889798,1.0,358.80796279675144,2831.931969952857,High
17232,1.0,12.0,14.0,213.48,2.261421932870833,0.9999999997612019,1057.1103842996065,8968.693304963372,Platinum
17235,1.0,347.0,372.0,208.16,0.34033753270525724,0.9999999997498619,1030.8809712423592,1316.271879764893,Low
17236,5.0,350.0,362.0,157.97,1.2236216976018481,1.0,188.15417081991424,863.750383598468,Low
17237,1.0,11.0,22.0,71.09,2.008122735817371,0.9999999997037841,355.0791577542225,2675.1163045585768,High
17238,14.0,369.0,371.0,241.04,3.1240588831435296,1.0,255.6641478857689,2996.513755505095,High
17242,1.0,72.0,180.0,425.6,0.6251599826485005,0.9999999993744964,2102.934274845339,4932.238898355469,Platinum
17243,25.0,368.0,369.0,336.798,5.5050184401350295,1.0,347.929588196062,7185.837223667882,Platinum
17250,1.0,258.0,261.0,221.87,0.4620342897668329,0.9999999997695506,1098.4759436135737,1904.1098176771086,Medium
17252,1.0,70.0,186.0,11.9,0.6092271267894181,0.999999999330744,63.252285788345084,144.57150141237753,Low
17254,1.0,11.0,15.0,102.13,2.2263191939838958,0.9999999997486848,508.1169361934999,4244.028926986881,Platinum
17255,1.0,259.0,299.0,185.95,0.41164351298197843,0.9999999997244169,921.3781020691519,1422.939372096246,Medium
17256,1.0,205.0,312.0,112.1,0.3968371325060264,0.9999999996029756,557.2724339718375,829.6732685261157,Low
17259,1.0,220.0,368.0,221.73000000000002,0.34359885340325175,0.9999999995441011,1097.785695901541,1415.1305531011994,Medium
17262,3.0,314.0,366.0,328.1666666666667,0.7785464134376276,1.0,447.34777492110726,1306.6432339894113,Low
17265,1.0,42.0,180.0,178.81,0.6251599824248902,0.9999999990168116,886.1754687554779,2078.4430443135157,Medium
17266,2.0,145.0,147.0,98.79,1.1883848015398903,1.0,165.0357034349839,735.804147664904,Low
17268,3.0,138.0,245.0,208.46666666666667,1.0985082796921317,1.0,284.3298864961531,1171.798884847319,Low
17272,3.0,220.0,262.0,496.98333333333335,1.0385427541808943,1.0,677.2570191227725,2638.791818439882,High
17277,1.0,95.0,322.0,348.33000000000004,0.38615289387118673,0.9999999989776249,1721.966841211223,2494.659705083225,High
17282,2.0,169.0,299.0,480.78,0.6699502647694772,1.0,800.190054836543,2011.2355950604133,Medium
17284,5.0,276.0,336.0,187.294,1.3061652105734574,1.0,223.04022349513878,1092.9707458461353,Low
17287,6.0,346.0,372.0,158.365,1.4081483906220014,1.0,182.80819687557718,965.7646887184601,Low
17288,6.0,349.0,358.0,214.36166666666668,1.4565356440842372,1.0,247.38464380429082,1351.8269142438219,Medium
17289,2.0,149.0,180.0,388.525,1.0174485515663525,1.0,646.7929379262814,2468.908309070575,High
17290,1.0,13.0,16.0,172.21,2.1922895568494773,0.9999999997554647,853.6352194739305,7020.97576811721,Platinum
17293,7.0,353.0,361.0,218.42428571428573,1.6651750328161954,1.0,246.64552199116085,1540.8499890095252,Medium
17295,1.0,36.0,64.0,277.59000000000003,1.2645240537936828,0.9999999996434903,1373.1945330026376,6514.579595850291,Platinum
17298,1.0,23.0,124.0,390.78,0.8270303770679951,0.9999999990875597,1931.2598081811752,5992.242742361973,Platinum
17299,3.0,162.0,173.0,172.49333333333334,1.4541037644225367,1.0,235.33826711764837,1283.8526565523719,Low
17302,4.0,291.0,305.0,238.195,1.1664765174426117,1.0,297.7711777359962,1303.124449104767,Low
17306,14.0,343.0,353.0,593.3792857142859,3.263795098798024,1.0,629.2773499949585,7705.34733318501,Platinum
17311,1.0,238.0,316.0,828.39,0.39249326595929657,0.9999999996673188,4088.826245771775,6020.854048830561,Platinum
17312,2.0,21.0,159.0,249.25,1.1199632686397187,0.9999999999999998,415.2132570669601,1744.6255354543089,Medium
17314,7.0,288.0,312.0,332.01714285714286,1.8909315238687425,1.0,374.8370969092021,2659.166933710553,High
17315,34.0,356.0,357.0,181.8629411764706,7.660556715749411,1.0,186.2573155859991,5353.045141805735,Platinum
17317,2.0,43.0,89.0,286.2,1.686324769623971,1.0,476.6519158912425,3015.572653316548,High
17320,2.0,268.0,368.0,374.85,0.5592075074521643,1.0,624.0548145319091,1309.251154082716,Low
17321,1.0,59.0,67.0,41.25,1.2319396518343895,0.9999999997458295,207.95778827522633,961.1515215719263,Low
17323,6.0,277.0,292.0,129.89666666666668,1.7380965437567673,1.0,149.9779602546665,977.9768459648445,Low
17324,3.0,349.0,366.0,287.72666666666663,0.7785464134376276,1.0,392.2730597339297,1145.777330552403,Low
17329,1.0,301.0,315.0,279.75,0.3935702927513741,0.9999999997584723,1383.844069131144,2043.3214810312872,Medium
17330,1.0,45.0,67.0,99.0,1.2319396517572097,0.9999999996831805,492.6849694887661,2277.120332821366,Medium
17334,1.0,6.0,308.0,10.5,0.4012782238227178,0.9999999955753336,56.34980866801685,84.8330872838857,Low
17337,3.0,159.0,310.0,333.71666666666664,0.8998480703052236,1.0,454.90624844457,1535.742227222282,Medium
17338,7.0,344.0,361.0,839.4757142857143,1.6651750328161954,1.0,947.5131886398385,5919.327764460272,Platinum
17339,1.0,271.0,365.0,183.36,0.3460861591391807,0.9999999996581039,908.6085193965448,1179.7453378065106,Low
17340,7.0,337.0,366.0,1383.1457142857143,1.6451331088037757,1.0,1561.054526437538,9634.880881298219,Platinum
17341,1.0,210.0,366.0,267.76,0.3452530655886495,0.9999999995194686,1324.7292829363328,1715.8997618775338,Medium
17345,2.0,181.0,196.0,204.70499999999998,0.9511174405853529,1.0,341.14600247081245,1217.311335219357,Low
17346,13.0,370.0,373.0,194.6115384615385,2.896211134484057,1.0,207.40107629311157,2253.556540272482,Medium
17348,4.0,283.0,297.0,249.8425,1.1934141443627466,1.0,312.31770753337605,1398.3472190962152,Medium
17350,2.0,43.0,51.0,564.915,2.3244293293001967,1.0,940.0856315667459,8198.058171163751,Platinum
17351,2.0,237.0,273.0,194.27499999999998,0.7239746664831777,1.0,323.8035068947024,879.4925228107253,Low
17353,1.0,25.0,154.0,870.0,0.7050632561380209,0.9999999988733776,4293.97772646953,11358.346251889701,Platinum
17358,1.0,52.0,355.0,119.15,0.3546436887241942,0.9999999979434331,592.0313366134903,787.7060197074094,Low
17360,1.0,167.0,184.0,254.84,0.6144470690504822,0.9999999997440299,1261.0292797973036,2906.945446243578,High
17361,2.0,242.0,291.0,221.6,0.6856942154753559,1.0,369.23818490210476,949.8703407073402,Low
17362,1.0,70.0,309.0,162.23000000000002,0.40015865885456764,0.9999999986923145,804.4304182875908,1207.669052526055,Low
17364,9.0,331.0,331.0,449.43888888888887,2.2696476388322333,1.0,493.2299334114326,4199.8627496633835,High
17365,6.0,320.0,332.0,676.4833333333333,1.5558215599129885,1.0,780.3123528722476,4554.655162342541,Platinum
17368,7.0,314.0,337.0,192.78857142857143,1.7685959113044583,1.0,217.7151590168258,1444.5897192069067,Medium
17370,3.0,97.0,169.0,111.82666666666667,1.4807329034453243,1.0,152.71711508940652,848.3824431596853,Low
17371,1.0,344.0,361.0,326.26,0.34945913001302104,0.9999999997572651,1613.1542197500485,2114.9471238208807,Medium
17372,7.0,322.0,362.0,167.13857142857142,1.661127677073288,1.0,188.76867435791323,1176.4139733165914,Low
17373,3.0,272.0,312.0,167.22333333333333,0.8948685963986346,1.0,228.16112198816208,765.9988992663821,Low
17374,1.0,63.0,281.0,303.82,0.43406805440241897,0.9999999987352264,1502.5173721927872,2446.83430562268,High
17375,2.0,162.0,361.0,145.195,0.568745113884238,1.0,242.19567536301696,516.786662732098,Low
17376,1.0,241.0,311.0,97.35,0.3979381643502538,0.9999999996798845,484.5499071683792,723.404724900034,Low
17377,19.0,350.0,373.0,204.0536842105263,4.174550775108059,1.0,213.04105459824095,3336.5703417096156,High
17381,19.0,364.0,372.0,1012.6068421052631,4.1844566209841805,1.0,1057.0039767878807,16593.688200931723,Platinum
17384,1.0,200.0,219.0,108.75,0.5343285562783837,0.9999999997449271,540.755792291052,1084.018762259485,Low
17386,3.0,158.0,165.0,691.0333333333333,1.5083555607170231,1.0,941.531215019701,5328.01802886708,Platinum
17387,1.0,14.0,33.0,437.67,1.7401227365454177,0.9999999996554825,2162.443488304169,14117.307755747894,Platinum
17388,3.0,210.0,287.0,292.65333333333336,0.961367374258208,1.0,398.9826236184211,1439.032476594671,Medium
17389,31.0,331.0,331.0,1023.4883870967742,7.474380971894861,1.0,1050.5331345175287,29458.6078504301,Platinum
17391,1.0,1.0,164.0,101.76,0.6720272926752995,0.9999999977382796,506.2927100974132,1276.4853047116574,Low
17392,1.0,52.0,358.0,145.5,0.3520323211663641,0.9999999979190679,721.9458166996683,953.4861247207351,Low
17396,3.0,332.0,371.0,2311.1,0.7692873278373824,1.0,3147.8791440727837,9085.186833050147,Platinum
17398,2.0,141.0,255.0,173.85,0.7667820306021766,1.0,289.8418125378427,833.7967494254962,Low
17400,4.0,227.0,353.0,426.4475,1.0273421239762508,1.0,532.879192389891,2053.8612079995196,Medium
17402,11.0,365.0,369.0,197.62545454545455,2.4937113286739825,1.0,213.15753573951636,1994.224755613474,Medium
17404,14.0,356.0,360.0,2194.2014285714286,3.2079932298920157,1.0,2326.755635981907,28003.444349573976,Platinum
17405,2.0,149.0,150.0,319.05,1.1705074487381757,1.0,531.2732945753473,2333.0250487616854,Medium
17406,1.0,33.0,366.0,1498.32,0.3452530647231714,0.9999999970126752,7391.809458072843,9574.487573070204,Platinum
17409,1.0,64.0,248.0,511.29999999999995,0.48222925347712847,0.9999999989454624,2525.4644814254316,4569.0093985402755,Platinum
17410,4.0,199.0,215.0,228.07999999999998,1.5635028996847569,1.0,285.1385828529315,1672.5607920836508,Medium
17411,2.0,249.0,261.0,246.68,0.7519613087196796,1.0,410.9399863449465,1159.3141355999114,Low
17412,6.0,370.0,372.0,176.79333333333332,1.4081483906220014,1.0,204.06010989691137,1078.037264645074,Low
17414,1.0,141.0,184.0,180.0,0.6144470690148971,0.999999999686116,892.0425743077569,2056.3512208899456,Medium
17416,6.0,252.0,281.0,796.4516666666667,1.7959589352042222,1.0,918.6621720988603,6189.840668089477,Platinum
17418,1.0,281.0,323.0,296.07,0.3851160276192105,0.9999999997254199,1464.30723099097,2115.6851335171646,Medium
17419,10.0,356.0,367.0,385.23,2.289561731066273,1.0,418.700658044234,3596.526254289177,High
17420,2.0,323.0,373.0,233.99,0.5525884600066941,1.0,389.83967293547033,808.1929899153752,Low
17422,5.0,280.0,296.0,331.62399999999997,1.4574192273396922,1.0,394.7461293270565,2158.388453600508,Medium
17423,1.0,171.0,217.0,248.99,0.5383396863694351,0.9999999996930744,1232.1867861159321,2488.629118654158,High
17425,1.0,41.0,60.0,70.2,1.3107492405386525,0.999999999692494,350.6911544420138,1724.5336006122486,Medium
17426,3.0,274.0,282.0,1281.1266666666668,0.9758710074406796,1.0,1745.1717260777014,6389.366757529326,Platinum
17428,20.0,368.0,368.0,845.1924999999999,4.440163277513017,1.0,880.3276884391995,14664.610636154432,Platinum
17429,2.0,90.0,218.0,169.03,0.8728721597630856,1.0,281.82735149499996,922.9135352287094,Low
17430,1.0,333.0,365.0,153.16,0.3460861591682465,0.9999999997420881,759.7122272294641,986.4170752207907,Low
17432,1.0,19.0,37.0,189.87,1.6595828906371402,0.9999999996707762,940.705038006071,5857.059728234659,Platinum
17434,6.0,83.0,85.0,312.37666666666667,4.4146185881151085,1.0,360.41745133541525,5969.338857680485,Platinum
17436,1.0,225.0,226.0,93.9,0.5207483520421444,0.9999999997717706,467.5402314075704,913.4275910064439,Low
17440,1.0,91.0,247.0,61.800000000000004,0.48385608196778385,0.999999999253649,309.2762917200444,561.4228285427918,Low
17442,5.0,254.0,290.0,361.546,1.4831821152241043,1.0,430.34360812081144,2394.6225658988196,High
17444,2.0,25.0,172.0,884.2900000000001,1.0542089166177455,0.9999999999999998,1471.1268132177656,5818.406107122932,Platinum
17446,1.0,134.0,310.0,52.8,0.3990453226911533,0.9999999993371205,264.9032245179343,396.58538318168456,Low
17447,1.0,31.0,71.0,169.05,1.191019223462117,0.9999999995682194,838.0553425451897,3744.7144305290926,High
17449,5.0,357.0,359.0,367.32000000000005,1.2326095987654069,1.0,437.212796094715,2021.8346893485425,Medium
17450,26.0,359.0,367.0,7404.6903846153855,5.747584411289291,1.0,7638.940220849152,164719.76108784898,Platinum
17451,4.0,104.0,105.0,343.8475,2.677231919820562,1.0,429.72028607835887,4316.175394160991,Platinum
17453,1.0,47.0,64.0,144.72,1.264524053872822,0.9999999997060744,718.1001508754854,3406.742801935,High
17454,3.0,167.0,359.0,117.22666666666667,0.7918899949281497,1.0,160.0713055446676,475.5602832688866,Low
17457,4.0,213.0,339.0,337.975,1.0643708057169483,1.0,422.38613744259044,1686.6689278906297,Medium
17459,1.0,17.0,60.0,356.91,1.3107492402827607,0.9999999994972684,1764.2691652772346,8675.843165453474,Platinum
17460,5.0,279.0,373.0,120.506,1.1917582803187083,1.0,143.58415726703566,641.9806463356107,Low
17461,1.0,7.0,29.0,374.9,1.8288785291546945,0.9999999996165381,1852.9659962734522,12713.922070102244,Platinum
17462,1.0,224.0,284.0,212.28,0.4301624923142328,0.9999999996887123,1051.1939753393253,1696.4561440625737,Medium
17463,4.0,297.0,313.0,296.725,1.1407281144186727,1.0,370.86912914536646,1587.1941856843619,Medium
17466,1.0,68.0,78.0,302.87,1.1255903925759028,0.9999999997415245,1497.8335484325646,6325.154894709869,Platinum
17468,1.0,4.0,14.0,30.0,2.2614219327363427,0.9999999997017304,152.4914542725887,1293.7618485542553,Low
17469,4.0,188.0,204.0,391.40250000000003,1.6313678345997578,1.0,489.1115910377404,2993.5539134081832,High
17470,4.0,323.0,367.0,236.6675,0.9928032259826282,1.0,295.86348730753537,1102.0004850142802,Low
17472,2.0,108.0,299.0,228.89,0.6699502647694772,1.0,381.35964154159103,958.5273910266301,Low
17481,3.0,90.0,93.0,331.65333333333336,2.270884363981525,1.0,452.09622135086227,3851.706010300278,High
17483,2.0,118.0,183.0,129.47,1.0043158309111195,1.0,216.04891189855582,814.0472732700081,Low
17489,1.0,154.0,212.0,168.07999999999998,0.5486360220362054,0.9999999996615694,833.2729119689621,1715.137004092951,Medium
17490,5.0,176.0,176.0,357.42400000000004,2.2332510960639405,1.0,425.43976454124265,3564.5348860095332,High
17491,9.0,366.0,367.0,359.05222222222227,2.073435313552332,1.0,394.05922977685486,3065.344070544175,High
17495,1.0,31.0,38.0,154.97,1.6405995125688697,0.9999999997408113,768.6361440778885,4730.974584554271,Platinum
17500,2.0,12.0,29.0,425.0,2.9765017942216834,1.0,707.4417899050554,7899.945470211737,Platinum
17502,3.0,20.0,29.0,154.16666666666666,4.124125058587365,1.0,210.37941580713883,3255.0847848632147,High
17503,1.0,36.0,38.0,218.53,1.6405995126078392,0.9999999997645646,1082.0086053407906,6659.78987808198,Platinum
17504,5.0,116.0,322.0,511.17600000000004,1.3553983369289722,0.9999999999999998,608.3547956052558,3093.5071090700117,High
17505,1.0,44.0,205.0,658.85,0.5637307769192712,0.9999999988799331,3252.936266500026,6879.779739866956,Platinum
17507,1.0,48.0,309.0,265.02,0.4001586586539903,0.9999999981910699,1311.2201491436904,1968.498403810459,Medium
17509,2.0,6.0,63.0,898.14,2.076320270090425,1.0,1494.1559180815357,11639.049016262334,Platinum
17511,27.0,371.0,373.0,3305.0607407407406,5.879003629273389,1.0,3405.646783730593,75115.67349203637,Platinum
17512,9.0,273.0,301.0,270.05333333333334,2.463954060495856,1.0,296.4111721672511,2740.024267079527,High
17515,3.0,287.0,318.0,135.84666666666666,0.8802554330065976,1.0,185.4296437441049,612.3717001820904,Low
17516,3.0,270.0,285.0,146.75,0.9671167845721104,1.0,200.27875299049938,726.676362133677,Low
17519,5.0,351.0,368.0,301.744,1.2060334691289645,1.0,359.1986169162085,1625.2540243180554,Medium
17521,2.0,170.0,199.0,281.825,0.9396315760926663,1.0,469.37737915629697,1654.6532339552573,Medium
17522,4.0,217.0,218.0,230.8175,1.545963235539289,1.0,288.5574388581109,1673.6269882493775,Medium
17523,2.0,8.0,19.0,201.76500000000001,3.411516926643125,1.0,336.25751378492913,4303.747288145281,Platinum
17526,3.0,361.0,365.0,323.0333333333333,0.7804250410969196,1.0,440.35675436487134,1289.3270436759667,Low
17527,3.0,165.0,218.0,215.75333333333333,1.2094176976511877,1.0,294.2535039870178,1335.135048402835,Medium
17528,6.0,70.0,71.0,420.2366666666667,4.92784850877767,1.0,484.8037046671205,8962.940476854368,Platinum
17530,8.0,364.0,365.0,260.545,1.86627224569545,1.0,289.509876806674,2027.0553899354497,Medium
17537,1.0,274.0,303.0,266.92,0.4069713596577587,0.9999999997398128,1320.587796664136,2016.3149066726498,Medium
17540,1.0,292.0,316.0,310.1,0.3924932659906279,0.9999999997471452,1533.4799124182598,2258.0706993280696,Medium
17549,1.0,28.0,51.0,120.66,1.42821983219272,0.9999999996565407,599.4761512218444,3212.138063773469,High
17550,1.0,46.0,243.0,110.94,0.4904746604749456,0.999999998648156,551.5532386435655,1014.9186855618647,Low
17552,2.0,312.0,372.0,315.945,0.5538997043567111,1.0,526.1104519326032,1093.2898021432854,Low
17554,4.0,147.0,148.0,295.005,2.094113424693089,1.0,368.7210260115185,2896.845535818967,High
17555,1.0,315.0,334.0,287.81,0.37406745497163846,0.9999999997539466,1423.5826159810335,1997.8360013804072,Medium
17557,2.0,67.0,81.0,126.55000000000001,1.7897620736142283,1.0,211.1936782377465,1418.0888718150331,Medium
17560,3.0,216.0,310.0,230.95000000000002,0.8998480703052236,1.0,314.9496486077186,1063.2552893470072,Low
17562,6.0,159.0,173.0,137.04666666666665,2.668007284669776,1.0,158.2234795511776,1583.744705763007,Medium
17564,2.0,56.0,80.0,167.445,1.8035908582020497,1.0,279.19189075788256,1889.157032397486,Medium
17566,1.0,17.0,25.0,486.95,1.927175012882471,0.9999999997280047,2405.410682939723,17391.52340674888,Platinum
17567,7.0,365.0,372.0,544.79,1.6217105621883203,1.0,614.9550791750386,3741.484688027839,High
17571,3.0,248.0,298.0,404.71999999999997,0.9309288520859982,1.0,551.6047736837776,1926.5120977230647,Medium
17572,3.0,302.0,373.0,51.98333333333334,0.7656450667773651,1.0,71.21725012440508,204.56904754813084,Low
17573,2.0,64.0,93.0,102.94500000000001,1.6389637287517735,1.0,171.94443489411498,1057.2670576763528,Low
17576,17.0,357.0,365.0,206.0605882352941,3.8207972139727984,1.0,216.25605610762238,3099.9129681331906,High
17579,2.0,175.0,179.0,142.245,1.0219027824519262,1.0,237.2905591645966,909.7399685727123,Low
17580,2.0,106.0,358.0,84.435,0.5729329863359831,1.0,141.16690918809422,303.43380799394396,Low
17581,9.0,372.0,372.0,1139.8066666666666,2.0488349053209616,1.0,1250.6896430536592,9613.549171685323,Platinum
17584,1.0,120.0,127.0,492.85,0.8129670646809699,0.9999999997579669,2434.499693661106,7425.229986674477,Platinum
17585,3.0,229.0,338.0,238.42,0.8348138587927316,1.0,325.12294540416303,1018.2736484925201,Low
17588,2.0,132.0,232.0,421.5,0.8294492253228616,1.0,701.622160517099,2183.3348027479324,Medium
17589,3.0,180.0,240.0,604.4666666666667,1.1174858397976863,1.0,823.6371865486329,3453.0686228825116,High
17590,2.0,38.0,40.0,564.92,2.610359541742866,1.0,940.0939453230144,9206.59034603445,Platinum
17591,6.0,294.0,367.0,303.22833333333335,1.4250560610105094,1.0,349.86741510731514,1870.5213950778218,Medium
17593,4.0,349.0,352.0,816.11,1.0299013750807753,1.0,1019.5275862230314,3939.3253736796746,High
17594,1.0,169.0,254.0,678.1800000000001,0.4726934703724288,0.9999999996168716,3348.2397541685577,5937.770199534029,Platinum
17595,1.0,25.0,37.0,230.89,1.6595828907056387,0.9999999997120508,1142.9476176316884,7116.27151182049,Platinum
17596,6.0,345.0,368.0,405.885,1.4216421230212302,1.0,468.25308306752663,2497.457823288717,High
17602,5.0,322.0,324.0,867.184,1.3481390169387282,1.0,1031.8888919359517,5219.0907610487875,Platinum
17604,1.0,95.0,312.0,173.12,0.39683713227513207,0.999999999021139,858.1218296021439,1277.581124318373,Low
17609,3.0,287.0,327.0,227.39333333333335,0.8592091632944561,1.0,310.10587007946947,999.6227265340702,Low
17611,13.0,354.0,361.0,287.6946153846154,2.9808909355345534,1.0,306.5649934226532,3428.434698395809,High
17612,5.0,244.0,297.0,348.598,1.4532121757161394,1.0,414.9396860761106,2262.2533293678525,Medium
17613,10.0,283.0,305.0,397.235,2.690079891592529,1.0,431.74556440755384,4357.328439227004,Platinum
17615,2.0,92.0,222.0,87.925,0.8600085140760597,1.0,146.9699110635136,474.1965786583413,Low
17616,2.0,194.0,367.0,122.39999999999999,0.5605503909547471,1.0,204.2932605348839,429.63131993028657,Low
17618,2.0,357.0,362.0,325.65,0.5673627283946855,1.0,542.2474528497794,1154.2119252659115,Low
17621,2.0,333.0,354.0,570.25,0.5786137041896671,1.0,948.9564095052451,2059.9762487334187,Medium
17624,1.0,204.0,218.0,443.18,0.5363266217423981,0.9999999997527877,2189.6096661134607,4405.784902003937,Platinum
17625,3.0,239.0,257.0,499.10666666666674,1.055488984215779,1.0,680.148759443761,2693.300733751451,High
17629,7.0,354.0,359.0,225.06714285714287,1.6733292026026636,1.0,254.14210531970127,1595.457528715645,Medium
17630,1.0,63.0,232.0,168.1,0.5096458806972637,0.9999999990206898,833.371518784967,1593.4351983750896,Medium
17631,2.0,231.0,232.0,112.89,0.8294492253228616,1.0,188.4804961121796,586.5208511909441,Low
17633,3.0,89.0,120.0,330.65000000000003,1.9089860590564232,1.0,450.72979460577983,3228.094635477918,High
17634,8.0,301.0,337.0,197.04,2.0015013336702268,1.0,218.97644747729225,1644.2979815773508,Medium
17637,1.0,84.0,115.0,208.11,0.8722994441492222,0.9999999996834468,1030.6344542023476,3372.853567261199,High
17642,1.0,57.0,176.0,316.99,0.6362530853288116,0.9999999992495596,1567.4499605318751,3741.5436883348166,High
17644,7.0,259.0,260.0,350.45285714285717,2.2087115714114343,1.0,395.642130856474,3278.4515713327796,High
17646,2.0,146.0,365.0,378.69500000000005,0.5632556001772135,1.0,630.4480931023926,1332.238830876823,Medium
17648,2.0,189.0,249.0,606.815,0.7821987142348228,1.0,1009.7549090968524,2963.195497041858,High
17651,8.0,166.0,177.0,448.0125,3.4158465478121824,1.0,497.7253820866657,6378.453225416795,Platinum
17652,11.0,256.0,281.0,422.3109090909091,3.157849815457025,1.0,455.3982702210354,5395.23147499214,Platinum
17653,3.0,84.0,120.0,348.10666666666674,1.9089860590564232,1.0,474.50380412071956,3398.3623956691445,High
17655,6.0,356.0,366.0,327.14000000000004,1.4284864349622375,1.0,377.4428149551113,2022.807323009941,Medium
17656,4.0,55.0,128.0,333.27750000000003,2.3301723386081457,1.0,416.51944298256115,3641.2504847389237,High
17658,1.0,186.0,211.0,277.82,0.5507427335829562,0.9999999997334961,1374.3285113866914,2839.6614535072604,High
17659,11.0,355.0,372.0,250.15090909090907,2.475959248453606,1.0,269.78694556850235,2506.0611139774687,High
17663,6.0,262.0,287.0,238.58666666666667,1.7639285589659104,1.0,275.3213857564562,1821.999160799166,Medium
17664,1.0,194.0,212.0,278.45,0.5486360220824005,0.9999999997457691,1377.4346260908392,2835.192485189361,High
17666,1.0,62.0,65.0,319.08000000000004,1.25347273887199,0.999999999763276,1577.7543728043652,7419.617548589926,Platinum
17667,3.0,232.0,298.0,375.82,0.9309288520859982,1.0,512.2462358769174,1789.0500907733656,Medium
17668,1.0,37.0,38.0,185.89999999999998,1.6405995126149373,0.9999999997688911,921.1315850291401,5669.58781668199,Platinum
17669,6.0,207.0,249.0,488.5366666666667,1.9885402572575337,1.0,563.5685952897373,4204.4423870046385,High
17671,3.0,350.0,365.0,392.8433333333333,0.7804250410969196,1.0,535.430094305941,1567.693679599193,Medium
17672,1.0,259.0,309.0,2000.33,0.4001586592624856,0.9999999997117051,9866.889843198542,14812.88778938427,Platinum
17673,5.0,319.0,320.0,245.34,1.3627362586414176,1.0,292.0961440239235,1493.3612203831005,Medium
17674,1.0,294.0,368.0,250.38,0.34359885345349334,0.9999999996903228,1239.039959828258,1597.2182097733369,Medium
17675,28.0,366.0,367.0,705.6128571428571,6.1798372463171685,1.0,726.3248819580498,16839.73270849798,Platinum
17676,5.0,362.0,366.0,217.39600000000002,1.2118397611207004,1.0,258.8518439299229,1176.8570000780662,Low
17677,17.0,367.0,368.0,905.7782352941176,3.793337315836192,1.0,950.3996057601934,13525.550331503444,Platinum
17679,1.0,33.0,85.0,348.91,1.066975900943718,0.9999999995052564,1724.826438875359,6904.420686601128,Platinum
17682,5.0,358.0,368.0,416.566,1.2060334691289645,1.0,495.79956972873845,2243.3278080933264,Medium
17685,6.0,356.0,372.0,456.5016666666667,1.4081483906220014,1.0,526.6252091829214,2782.1292475413366,High
17686,4.0,295.0,302.0,1036.7125,1.1764344031431384,1.0,1295.0374243536583,5715.80322789817,Platinum
17690,13.0,343.0,373.0,337.0115384615384,2.896211134484057,1.0,359.1036442144121,3901.9101564901034,High
17691,1.0,10.0,368.0,147.9,0.34359885181768063,0.9999999949295015,733.778634620231,945.8973314636236,Low
17692,3.0,232.0,359.0,132.56,0.7918899949281497,1.0,180.95357473861884,537.5999962541813,Low
17695,1.0,40.0,171.0,411.74,0.6506856361175254,0.9999999990444615,2034.5997513540897,4966.8087888334985,Platinum
17696,6.0,326.0,364.0,351.685,1.4353969678226972,1.0,405.74858714152606,2185.0243180759044,Medium
17700,3.0,265.0,281.0,644.0100000000001,0.9788244070525379,1.0,877.4907429503381,3222.36378210308,High
17702,3.0,176.0,206.0,461.5233333333333,1.2662372295879363,1.0,628.9645017998913,2987.916436885875,High
17703,2.0,103.0,138.0,284.8,1.2454507228016776,1.0,474.32406413606,2216.302016448645,Medium
17704,1.0,71.0,239.0,497.9,0.4972768193046189,0.9999999990872575,2459.39791470229,4588.325815955258,Platinum
17705,8.0,298.0,301.0,210.9025,2.207121565875348,1.0,234.37318260174789,1940.7134056188281,Medium
17706,11.0,362.0,366.0,911.5145454545454,2.511719804169926,1.0,982.8247047603627,9261.354081449623,Platinum
17707,1.0,151.0,336.0,68.7,0.37212637966695905,0.9999999993566793,343.2956432416621,479.2763329520416,Low
17708,1.0,137.0,324.0,156.48,0.384084714229415,0.9999999993134803,776.0809586862425,1118.307623810289,Low
17711,1.0,279.0,289.0,164.57,0.42380709454503573,0.99999999976198,815.9674157601393,1297.3832090109418,Low
17716,8.0,245.0,267.0,623.81625,2.4442792487434954,1.0,692.9862493642862,6354.8114880813255,Platinum
17719,14.0,218.0,255.0,344.015,4.3144777802567384,1.0,364.856682034208,5905.786940677828,Platinum
17720,3.0,341.0,367.0,364.6466666666667,0.7766768084686875,1.0,497.02941710775997,1448.2704346589405,Medium
17722,3.0,270.0,366.0,504.6333333333334,0.7785464134376276,1.0,687.6754556010591,2008.6083615821597,Medium
17723,5.0,87.0,214.0,588.9200000000001,1.911094115519043,1.0,700.8449497173366,5024.944362287952,Platinum
17724,2.0,67.0,138.0,329.95000000000005,1.2454507228016776,1.0,549.3972832406973,2567.085245602228,High
17725,10.0,251.0,267.0,310.137,3.0131381160664263,1.0,337.1028943173885,3810.735051516561,High
17728,2.0,83.0,86.0,1265.49,1.7236816162299191,1.0,2104.9675911289005,13612.243128881722,Platinum
17730,12.0,323.0,326.0,415.5833333333333,3.019064368475317,1.0,445.23848795659706,5043.038757042921,Platinum
17731,2.0,104.0,183.0,288.77,1.0043158309111195,1.0,480.92518661325613,1812.070393546879,Medium
17733,1.0,223.0,261.0,475.24,0.46203428974421534,0.9999999997205984,2347.676392168977,4069.4870860198403,High
17734,2.0,180.0,233.0,293.82500000000005,0.8265123208321525,1.0,489.33039420071896,1517.3255061800514,Medium
17735,17.0,365.0,367.0,744.4364705882354,3.8024466536638504,1.0,781.1198736478651,11143.151917037863,Platinum
17736,2.0,104.0,113.0,34.975,1.4371494229183057,1.0,58.9272321800021,317.72047385757526,Low
17737,1.0,49.0,58.0,80.85000000000001,1.335152764438787,0.9999999997391367,403.19928396451076,2019.6585180013972,Medium
17738,2.0,263.0,282.0,549.565,0.7043146760372584,1.0,914.5623998224231,2416.614152083939,High
17739,6.0,349.0,360.0,405.215,1.4494205781119334,1.0,467.48042601456683,2542.0558509546827,High
17742,1.0,219.0,332.0,52.54,0.3760288862160792,0.9999999996027895,263.6213359098733,371.90241532671536,Low
17744,5.0,355.0,358.0,388.976,1.2356349796471737,1.0,462.9764148620953,2146.230171752088,Medium
17749,1.0,78.0,256.0,305.51,0.4695981331623822,0.9999999990861401,1510.8496481451834,2661.79646270169,High
17750,8.0,159.0,164.0,184.32125,3.6239122945486164,1.0,204.85004712640534,2785.1012015773904,High
17754,4.0,260.0,260.0,377.005,1.3361195370145242,1.0,471.13059402054563,2361.6408676657475,Medium
17757,29.0,371.0,372.0,188.3393103448276,6.320078336647416,1.0,193.6958105756884,4592.71951266404,Platinum
17758,5.0,231.0,250.0,574.582,1.681320851528657,1.0,683.7873783335768,4313.19321402148,Platinum
17759,1.0,152.0,169.0,667.84,0.6566436702069601,0.9999999997418139,3297.2600302941332,8122.882934500574,Platinum
17760,1.0,352.0,373.0,115.05,0.3395318531524576,0.9999999997538807,571.816939332529,728.3913413024259,Low
17764,1.0,161.0,211.0,556.85,0.5507427335542018,0.9999999996812856,2750.041504876111,5682.18354769824,Platinum
17765,2.0,98.0,256.0,125.315,0.7642714725883953,1.0,209.14018043942474,599.6700538803747,Low
17768,2.0,158.0,166.0,930.925,1.083570939316865,1.0,1548.6692179341499,6295.688754381712,Platinum
17769,9.0,308.0,320.0,402.40777777777777,2.3372290496186476,1.0,441.6282032712398,3872.445462943577,High
17770,3.0,84.0,282.0,180.03333333333333,0.9758710074406796,1.0,245.60689601258701,899.2080913032828,Low
17771,1.0,267.0,323.0,130.01,0.3851160276116572,0.9999999997058069,645.5748377040364,932.7503530472021,Low
17774,3.0,209.0,305.0,335.14,0.9125426217509595,1.0,456.8446677806172,1564.043948791594,Medium
17777,2.0,76.0,100.0,235.57999999999998,1.5621833799027245,1.0,392.4834474288562,2300.279413224928,Medium
17779,2.0,122.0,143.0,167.74,1.2130883997678163,1.0,279.6824023777246,1272.8722698062575,Low
17781,1.0,94.0,253.0,86.02000000000001,0.474256491370091,0.999999999254956,428.6891459017229,762.7513863650888,Low
17783,1.0,175.0,247.0,171.06,0.4838560821578492,0.9999999996464628,847.9653275536609,1539.2938470671102,Medium
17786,1.0,232.0,317.0,163.89,0.3914221177968772,0.9999999996544424,812.6147840159798,1193.3210887249186,Low
17787,3.0,219.0,371.0,376.30333333333334,0.7692873278373824,1.0,512.9044813189006,1480.3087498022282,Medium
17788,1.0,56.0,129.0,1101.2,0.8038542561277384,0.999999999475166,5433.872519483737,16387.548691879667,Platinum
17790,11.0,338.0,364.0,166.97272727272727,2.523870652661132,1.0,180.1098282969993,1705.4215244296392,Medium
17795,1.0,85.0,264.0,187.14000000000001,0.457611821760197,0.9999999991254966,927.2452076214311,1591.9120376313717,Medium
17796,3.0,329.0,369.0,194.41666666666666,0.7729644078390859,1.0,265.1953724412608,769.0466280594081,Low
17797,1.0,160.0,182.0,508.02,0.6197572344655922,0.9999999997339342,2509.2929636006625,5834.453835250417,Platinum
17799,8.0,339.0,361.0,354.05625,1.8844610166025906,1.0,393.37050421203026,2781.097305117507,High
17800,8.0,297.0,334.0,132.87,2.017161596121045,1.0,147.7044191320214,1117.7930739874673,Low
17802,2.0,290.0,372.0,592.4200000000001,0.5538997043567111,1.0,985.8196047998147,2048.5936303326475,Medium
17809,9.0,357.0,373.0,597.4566666666666,2.0439847074013855,1.0,655.6325057596638,5027.65367010075,Platinum
17811,37.0,329.0,333.0,206.80432432432434,8.847340519185666,1.0,211.38375350228833,7016.35544793947,Platinum
17812,3.0,356.0,368.0,171.53666666666666,0.7748161613444305,1.0,234.03539510489531,680.3109310823374,Low
17813,4.0,57.0,71.0,366.0675,3.433116794857156,1.0,457.4707812144635,5892.222976085992,Platinum
17816,3.0,329.0,365.0,6.783333333333334,0.7804250410969196,1.0,9.659952239627078,28.283516807033177,Low
17817,1.0,273.0,277.0,117.98,0.4393871423358342,0.9999999997685869,586.262837877216,966.4223032728073,Low
17819,6.0,300.0,371.0,518.9,1.4114977520117833,1.0,598.584182829094,3169.8058428680724,High
17827,2.0,359.0,364.0,361.83,0.5646180199519479,1.0,602.4057932087113,1276.0600387415927,Low
17828,3.0,162.0,184.0,328.9766666666667,1.3855794761256337,1.0,448.4509034893964,2331.1680334191997,Medium
17830,2.0,287.0,288.0,105.1,0.6917906669953665,1.0,175.52766384584237,455.5620151733661,Low
17835,2.0,21.0,23.0,120.4,3.223095051874565,1.0,200.96775802748027,2430.1144904732337,High
17837,7.0,121.0,163.0,210.51142857142855,3.2172891477952104,1.0,237.71572090368008,2869.29520180825,High
17838,4.0,346.0,372.0,515.535,0.9810240474893549,1.0,644.1403190972593,2370.7588003988812,High
17841,111.0,372.0,373.0,364.4521621621622,23.77575859800811,1.0,367.09693169236067,32744.802188902588,Platinum
17848,8.0,277.0,358.0,100.4875,1.8983369729583648,1.0,111.73797908385662,795.795268695055,Low
17849,3.0,115.0,333.0,129.35,0.8457286569549393,1.0,176.5819170791025,560.2792106879205,Low
17850,1.0,1.0,373.0,3891.87,0.3395318509565273,0.999999993286357,19192.82668047402,24448.1891268885,Platinum
17854,1.0,42.0,227.0,199.5,0.5188644689847741,0.9999999986768162,988.1842199123288,1923.6190991872993,Medium
17856,3.0,280.0,281.0,311.74,0.9788244070525379,1.0,424.9765091411525,1560.619211430874,Medium
17857,19.0,361.0,365.0,1344.4126315789474,4.255136095812229,1.0,1403.3408637932832,22402.880418450186,Platinum
17858,11.0,364.0,369.0,445.8554545454545,2.4937113286739825,1.0,480.78241444826557,4498.026258513378,Platinum
17861,6.0,316.0,319.0,309.8233333333333,1.610719552475093,1.0,357.47289759129984,2160.181713205467,Medium
17863,5.0,310.0,369.0,555.0559999999999,1.2031511380478086,1.0,660.5577689850419,2981.6607268854677,High
17864,2.0,263.0,275.0,194.54500000000002,0.7195115132436224,1.0,324.25244973320196,875.2825043198332,Low
17865,15.0,334.0,364.0,651.3246666666668,3.394649600531874,1.0,687.9475516514656,8761.480849053005,Platinum
17867,3.0,258.0,288.0,390.53333333333336,0.9585182278710805,1.0,532.2841350556349,1914.1286878035148,Medium
17869,3.0,261.0,368.0,71.28666666666668,0.7748161613444305,1.0,97.50621119009458,283.4380726526983,Low
17870,8.0,364.0,366.0,195.99374999999998,1.8617797826453104,1.0,217.8144035368802,1521.395541444458,Medium
17873,4.0,293.0,373.0,411.0025,0.9787016735480369,1.0,513.5899755862395,1885.7933653377931,Medium
17874,2.0,70.0,255.0,309.15,0.7667820306021766,1.0,514.8120571636993,1480.9754882142863,Medium
17883,3.0,243.0,246.0,184.14000000000001,1.0947898540052163,1.0,251.1997124575757,1031.7563154901302,Low
17884,3.0,368.0,371.0,176.64666666666668,0.7692873278373824,1.0,240.99463829496648,695.5417328507476,Low
17886,2.0,218.0,249.0,338.21000000000004,0.7821987142348228,1.0,563.1316085962743,1652.5485856037221,Medium
17888,7.0,336.0,357.0,99.51714285714286,1.6815636254340933,1.0,112.45668041028718,709.4565423193815,Low
17889,1.0,110.0,322.0,102.02,0.3861528939287082,0.9999999991265853,507.5745987054741,735.3369812930281,Low
17890,1.0,39.0,361.0,125.13,0.3494591291823311,0.9999999973801919,621.5147745988924,814.8451435902939,Low
17892,2.0,99.0,155.0,51.0,1.1418778976501223,1.0,85.57282102057381,366.5918032066627,Low
17894,7.0,295.0,366.0,144.72,1.6451331088037757,1.0,163.46891475043262,1008.9356231584085,Low
17897,2.0,201.0,373.0,200.35500000000002,0.5525884600066941,1.0,333.91303451720955,692.249128227773,Low
17898,1.0,122.0,207.0,52.22,0.5593338948842429,0.9999999995689182,262.0436268537983,549.8851273720555,Low
17905,3.0,302.0,373.0,199.49666666666667,0.7656450667773651,1.0,272.1137590176916,781.6372074146522,Low
17912,3.0,54.0,364.0,68.62,0.7823127569196354,0.9999999999999993,93.87451219984217,275.5214019083435,Low
17913,1.0,297.0,355.0,193.55,0.35464368935055524,0.999999999709603,958.8486921509339,1275.7616724314264,Low
17917,2.0,317.0,362.0,115.185,0.5673627283946855,1.0,192.2965102394253,409.31667661858245,Low
17920,16.0,369.0,373.0,230.605625,3.5353809547960657,1.0,242.75876442728662,3219.8702429628565,High
17921,3.0,202.0,266.0,181.98333333333335,1.0253725931691464,1.0,248.26257589920908,955.0369979651999,Low
17924,4.0,362.0,373.0,670.875,0.9787016735480369,1.0,838.1440056158235,3077.4868671917093,High
17926,1.0,70.0,203.0,185.56,0.5681973343956568,0.9999999992520938,919.4552691570606,1960.0043354649733,Medium
17928,1.0,201.0,246.0,134.28,0.48549392408311964,0.9999999997047235,666.6273929210377,1214.2110721854915,Low
17929,3.0,297.0,308.0,215.6,0.9048832706158358,1.0,294.04468129507825,998.235754909965,Low
17930,4.0,204.0,239.0,337.47,1.4334020536682304,1.0,421.7554443713154,2268.0673876760347,Medium
17931,1.0,121.0,255.0,111.16000000000001,0.47114071786148837,0.9999999994280389,552.6379136196172,976.829011827566,Low
17932,2.0,182.0,211.0,371.28,0.8963343974682525,1.0,618.1187925561935,2078.591967811166,Medium
17934,1.0,7.0,58.0,65.8,1.335152763941746,0.9999999993668638,328.9976549209822,1647.976428387631,Medium
17935,1.0,3.0,141.0,11.22,0.7531972773576866,0.9999999982274503,59.89965404418566,169.2623201429033,Low
17937,6.0,354.0,362.0,484.60999999999996,1.4423746873375696,1.0,559.0402867903014,3025.1605784875183,High
17940,8.0,253.0,302.0,382.625,2.2008410381631798,1.0,425.1011066709512,3510.00831430234,High
17946,1.0,26.0,259.0,132.03,0.4650303972563792,0.9999999978591667,655.5341261205101,1143.6783011510904,Low
17949,28.0,370.0,371.0,2042.7314285714288,6.121040862624059,1.0,2102.6274897743606,48285.290755358044,Platinum
17950,1.0,293.0,365.0,219.03,0.3460861591510626,0.999999999692436,1084.4737757409077,1408.0903421392122,Medium
17951,2.0,334.0,373.0,356.52000000000004,0.5525884600066941,1.0,593.5765840515547,1230.568532433048,Low
17954,11.0,366.0,371.0,202.17636363636365,2.4818484589691208,1.0,218.0640196192613,2030.4229207820315,Medium
17955,2.0,21.0,219.0,143.475,0.8696203060557522,0.9999999999999998,239.33574320664982,780.84434371954,Low
17961,34.0,351.0,372.0,34.37911764705883,7.387889194479023,1.0,35.232519084711214,976.5428466055585,Low
17964,1.0,341.0,372.0,209.94,0.3403375327031628,0.9999999997437079,1039.6569778667765,1327.4774515526892,Low
17965,12.0,332.0,369.0,215.43499999999997,2.7088046937783377,1.0,230.84793537049057,2346.015742711162,Medium
17966,3.0,224.0,261.0,317.1433333333334,1.041888327566052,1.0,432.3352392201515,1689.9312717689113,Medium
17969,1.0,195.0,361.0,103.0,0.34945912991673017,0.9999999994817226,512.406332689704,671.7970829961953,Low
17974,2.0,195.0,219.0,284.01,0.8696203060557525,1.0,473.01049064563546,1543.2194171755737,Medium
17975,12.0,351.0,366.0,347.8925,2.7283664780114605,1.0,372.7308886093761,3815.2704046530075,High
17979,2.0,224.0,259.0,258.02,0.7568374783608437,1.0,429.79558556192507,1220.3708196290515,Low
17980,2.0,194.0,359.0,258.125,0.5715301930095202,1.0,429.9701744435638,921.9444273187938,Low
17988,4.0,315.0,326.0,34.0325,1.1012274244577676,1.0,42.79320909400852,176.7987166206019,Low
17990,2.0,125.0,361.0,231.42000000000002,0.568745113884238,1.0,385.5664022134567,822.7049222198467,Low
17991,1.0,1.0,226.0,87.45,0.5207483503926174,0.9999999966041617,435.73953324605816,851.2989560282232,Low
17994,3.0,169.0,290.0,123.74666666666667,0.9528702996299431,1.0,168.9508095758347,603.9782531572483,Low
17997,7.0,90.0,164.0,235.4485714285714,3.202214437355271,1.0,265.85773350217505,3193.941396264765,High
17999,1.0,329.0,366.0,191.72,0.34525306566365643,0.9999999997367206,949.8261684865048,1230.2940062384446,Low
18001,1.0,74.0,86.0,165.0,1.059097060018868,0.9999999997369298,818.0874623042401,3250.59403004904,High
18005,1.0,44.0,47.0,109.75,1.4874679618223794,0.9999999997613673,545.6861330912865,3045.2136799245336,High
18008,7.0,248.0,318.0,283.6257142857143,1.8600526982705912,1.0,320.22650257135734,2234.651250459515,Medium
18016,4.0,332.0,364.0,331.72749999999996,1.0000074938873245,1.0,414.58365236775626,1555.4020314666584,Medium
18017,2.0,229.0,310.0,179.0,0.6494466966304484,1.0,298.4049814944071,727.0709872073325,Low
18018,1.0,91.0,199.0,84.69,0.5773462048162838,0.9999999994367772,422.131792637411,914.3481940379497,Low
18030,1.0,38.0,42.0,109.55,1.5688188692440683,0.9999999997563209,544.7000649312396,3205.9553189718204,High
18035,1.0,8.0,43.0,239.56,1.5518445254086193,0.999999999515552,1185.6936723697213,6903.160082988381,Platinum
18036,2.0,213.0,245.0,147.41,0.7928255857961242,1.0,245.8786693899665,731.3508077174685,Low
18037,5.0,208.0,362.0,7.744,1.2236216976018481,1.0,9.433936568506546,43.30792293565624,Low
18040,1.0,226.0,245.0,118.2,0.48714289177718095,0.9999999997476379,587.3475128532676,1073.4423813224234,Low
18041,19.0,361.0,372.0,197.60263157894735,4.1844566209841805,1.0,206.30748466905723,3238.778802441388,High
18043,2.0,342.0,366.0,121.525,0.561899739596091,1.0,202.83835318789482,427.5984682582435,Low
18044,9.0,356.0,360.0,223.81666666666666,2.1088853225294644,1.0,245.68109287402095,1943.801592541454,Medium
18055,9.0,362.0,369.0,705.86,2.0635245984652544,1.0,774.5707876928437,5996.5022124771995,Platinum
18059,2.0,44.0,67.0,91.19,2.0049831222408314,1.0,152.39879390685005,1146.355938662252,Low
18061,9.0,345.0,366.0,190.47222222222223,2.078426456486847,1.0,209.09613914345994,1630.451594631433,Medium
18062,2.0,164.0,337.0,275.36,0.6040687994756181,1.0,458.62769230111473,1039.3789403911926,Low
18064,1.0,102.0,235.0,406.0,0.5042703032366055,0.9999999993803519,2006.2995951607438,3795.652217229046,High
18065,5.0,359.0,364.0,409.562,1.2177022308550116,1.0,487.46708054113543,2226.966213320356,Medium
18069,4.0,301.0,327.0,434.7525,1.0983019189080916,1.0,543.2512833937321,2238.4620577502646,Medium
18071,1.0,108.0,365.0,194.05,0.3460861588902587,0.999999998938855,961.3138625510511,1248.1784206149498,Low
18073,9.0,83.0,197.0,423.83555555555563,3.5038378213032213,0.9999999999999996,465.13839429736015,6114.393988268331,Platinum
18075,9.0,337.0,360.0,268.0888888888889,2.1088853225294644,1.0,294.25581734567055,2328.1194319027063,Medium
18077,10.0,358.0,366.0,242.814,2.295073130328385,1.0,263.9481895195723,2272.701768838185,Medium
18078,1.0,42.0,259.0,138.19,0.46503039751925174,0.9999999984244472,685.9050254499543,1196.6649232183922,Low
18079,2.0,193.0,238.0,1019.5699999999999,0.8121343401325715,1.0,1696.0638028185479,5167.700005873578,Platinum
18080,1.0,224.0,242.0,390.0,0.4921576947764548,0.9999999997488229,1927.4141423569927,3558.824362502494,High
18081,2.0,97.0,133.0,115.10000000000001,1.279587072805529,1.0,192.15517638286065,922.463447278306,Low
18085,1.0,43.0,373.0,386.05,0.33953185236811356,0.9999999974438056,1907.9392961960666,2430.3695191186334,High
18087,1.0,192.0,290.0,852.8,0.4225584838707598,0.9999999996094731,4209.175864705498,6672.846447666945,Platinum
18092,9.0,363.0,365.0,842.5044444444444,2.0834416866151573,1.0,924.494733370431,7226.250709068098,Platinum
18093,3.0,209.0,302.0,417.86666666666673,0.9203327443881271,1.0,569.509049705722,1966.403948649849,Medium
18094,4.0,210.0,291.0,628.145,1.214448228288752,1.0,784.7786295057537,3575.6368784142346,High
18095,1.0,20.0,332.0,205.3,0.3760288850765899,0.9999999965724655,1016.7801965536887,1434.4173187031897,Medium
18096,2.0,52.0,63.0,381.245,2.076320270090425,1.0,634.6881087993322,4944.039587139764,Platinum
18097,4.0,347.0,354.0,628.82,1.0247955605540455,1.0,785.6216350960719,3020.4934919873203,High
18101,1.0,132.0,143.0,113.42,0.745368718710928,0.9999999997507731,563.780483828147,1576.552489220557,Medium
18102,25.0,367.0,367.0,9349.4772,5.531457993775389,1.0,9657.46156023194,200414.82366300139,Platinum
18109,24.0,368.0,369.0,323.98,5.289925075030668,1.0,335.1509544562974,6651.463549369286,Platinum
18112,1.0,154.0,166.0,156.05,0.6657881509922043,0.9999999997513875,773.9609121421418,1933.2246479310302,Medium
18116,7.0,297.0,364.0,182.62142857142857,1.6530917047903826,1.0,206.24135610301457,1279.0865620498219,Low
18118,25.0,359.0,369.0,207.1184,5.5050184401350295,1.0,213.9787001714639,4419.331269686991,Platinum
18121,1.0,5.0,154.0,23.25,0.705063255624326,0.9999999981447978,119.21165387100615,315.3363448054187,Low
18122,5.0,142.0,150.0,341.404,2.524413818181346,1.0,406.3811584896433,3848.764577810805,High
18123,1.0,7.0,31.0,265.96,1.783397020019863,0.999999999600836,1315.8546694959107,8804.064115621295,Platinum
18125,3.0,287.0,316.0,195.51,0.8850731678366239,1.0,266.68436902726427,885.531409857813,Low
18127,1.0,114.0,133.0,209.13,0.786228091125509,0.9999999997296192,1035.6634018185866,3054.8818637931854,High
18130,2.0,42.0,57.0,372.765,2.1933807519914272,1.0,620.5879781679407,5106.750268176503,Platinum
18135,4.0,161.0,190.0,143.0225,1.7267603182387765,1.0,178.91051174405564,1159.0312664582798,Low
18136,2.0,256.0,319.0,247.67000000000002,0.6335817232468246,1.0,412.58611008611126,980.7187488788061,Low
18139,1.0,1.0,18.0,1825.74,2.1272585957764685,0.9999999996394737,9006.10164288561,71876.07701898845,Platinum
18142,1.0,58.0,215.0,737.04,0.5424114936262779,0.9999999990465829,3638.439613670357,7404.083179511915,Platinum
18143,1.0,25.0,141.0,519.98,0.7531972779289637,0.9999999989859198,2568.2598395714667,7257.297666272871,Platinum
18144,10.0,366.0,373.0,272.37,2.25704131417206,1.0,296.0644121330069,2506.992009609527,High
18145,3.0,300.0,312.0,750.8466666666667,0.8948685963986346,1.0,1022.9902233710621,3434.4562221391984,High
18146,1.0,80.0,220.0,83.7,0.5323453227504338,0.9999999992700368,417.25075524517894,833.3315185383907,Low
18147,1.0,63.0,108.0,80.46000000000001,0.9110872839295108,0.9999999996119722,401.27645105241936,1371.610790770193,Medium
18149,2.0,223.0,273.0,192.14999999999998,0.7239746664831777,1.0,320.270160480586,869.8954934841529,Low
18150,2.0,169.0,201.0,169.5,0.9321272193055589,1.0,282.6088445842398,988.2985852406957,Low
18151,1.0,155.0,289.0,340.8,0.42380709443116943,0.9999999994933051,1684.8413749854574,2678.8874983805817,High
18154,1.0,40.0,43.0,178.7,1.551844525789265,0.999999999760838,885.6331312674521,5156.194575297291,Platinum
18155,2.0,216.0,291.0,128.845,0.6856942154753559,1.0,215.00969236499216,553.1154092209148,Low
18156,1.0,357.0,369.0,528.71,0.342777677548891,0.9999999997623195,2611.3017147575138,3358.1247063274564,High
18158,1.0,79.0,88.0,109.6,1.0436833744313176,0.9999999997472255,544.9465819712512,2133.7814355414375,Medium
18160,1.0,143.0,200.0,319.51,0.5750314772539752,0.9999999996568982,1579.8744193484658,3408.3282948015644,High
18161,4.0,304.0,319.0,329.29,1.1221506378609596,1.0,411.5394655138295,1732.5663846064886,Medium
18167,2.0,82.0,105.0,443.19000000000005,1.511602057745734,1.0,737.6872352098917,4183.4730643805015,High
18168,5.0,196.0,372.0,181.328,1.194586219055678,1.0,215.94261777080413,967.7943808917369,Low
18170,2.0,184.0,217.0,338.05,0.8761484246836968,1.0,562.865568395682,1850.1613373853604,Medium
18171,4.0,275.0,333.0,247.715,1.0810701823146673,1.0,309.66067880241013,1255.9350610115437,Low
18172,13.0,275.0,289.0,429.4846153846154,3.6150800423829454,1.0,457.617711860583,6206.517394316118,Platinum
18173,3.0,188.0,274.0,417.7866666666667,1.000009579236751,1.0,569.4000987360143,2136.2345381949185,Medium
18177,5.0,224.0,255.0,234.47400000000002,1.6537059680158153,1.0,279.1691269604605,1732.0200541755407,Medium
18178,3.0,236.0,364.0,430.05333333333334,0.782312756919636,1.0,586.1059140911754,1720.2190385117485,Medium
18179,5.0,327.0,336.0,291.474,1.3061652105734574,1.0,346.9806466197088,1700.3197458613702,Medium
18180,5.0,138.0,142.0,308.62,2.629914808100777,1.0,367.3788276035241,3624.791563544509,High
18183,1.0,47.0,274.0,319.27000000000004,0.44346280005574734,0.9999999984388406,1578.6911375564098,2626.525368543063,High
18188,2.0,275.0,290.0,787.22,0.6877143918328621,1.0,1309.7235490209296,3379.208455859227,High
18189,1.0,190.0,267.0,457.14,0.45327321295285045,0.9999999996461284,2258.4372236847335,3840.566697117818,High
18190,1.0,138.0,330.0,113.0,0.3780109954493491,0.9999999993017961,561.7097406920485,796.6060891811062,Low
18196,1.0,195.0,290.0,238.35,0.4225584838739758,0.9999999996170839,1179.7279600014374,1870.233931819731,Medium
18198,16.0,332.0,336.0,320.31375,3.874771994907997,1.0,337.17081814376286,4901.436335740472,Platinum
18202,1.0,112.0,311.0,911.26,0.3979381641528514,0.9999999991838215,4497.403587887205,6714.361009082802,Platinum
18204,2.0,121.0,192.0,722.135,0.966875966393109,1.0,1201.5033836737464,4358.358969566631,Platinum
18205,1.0,38.0,74.0,291.6,1.162069520734453,0.9999999996068738,1442.2686076139223,6287.898104001992,Platinum
18210,5.0,266.0,267.0,495.796,1.5909909477591047,1.0,590.0575820550937,3521.9998894410733,High
18211,4.0,253.0,278.0,115.5425,1.2626666779934885,1.0,144.59081748932314,684.9465250770512,Low
18217,1.0,41.0,70.0,303.85,1.2009923421217257,0.9999999996465088,1502.6652824167943,6770.6400346032215,Platinum
18218,1.0,70.0,281.0,352.7,0.43406805445280167,0.9999999988512973,1743.5124305082475,2839.2923148145464,High
18219,8.0,366.0,368.0,232.4475,1.852859430805767,1.0,258.30268004134365,1795.5546115159336,Medium
18221,4.0,189.0,211.0,201.785,1.587517724945297,1.0,252.29883174564654,1502.6611442399935,Medium
18223,12.0,354.0,358.0,498.5708333333334,2.7819396307066158,1.0,534.1312390798781,5574.718140405965,Platinum
18225,11.0,362.0,365.0,498.10181818181815,2.517780568454568,1.0,537.1109272434757,5073.516761209711,Platinum
18226,10.0,293.0,337.0,481.075,2.467312178401765,1.0,522.8480175104891,4839.7931671194965,Platinum
18228,1.0,23.0,79.0,359.51,1.1168256783955728,0.9999999994346802,1777.088051357844,7445.974965067033,Platinum
18229,19.0,362.0,373.0,364.87894736842105,4.174550775108059,1.0,380.90949680439337,5965.663906000804,Platinum
18230,6.0,293.0,302.0,390.8966666666667,1.6886377206531593,1.0,450.96824506437406,2856.996329608163,High
18231,4.0,96.0,288.0,448.0675,1.2252457887467942,0.9999999999999998,559.8803492234906,2573.6274341028684,High
18232,3.0,116.0,197.0,161.70666666666668,1.3124834706221367,1.0,220.64804470207747,1086.4785583252553,Low
18235,2.0,146.0,217.0,683.01,0.8761484246836968,1.0,1136.4482408726626,3735.5502188474875,High
18236,5.0,211.0,240.0,151.808,1.7394130263560512,1.0,180.82338864201444,1180.0069246955418,Low
18237,4.0,132.0,134.0,165.93,2.253949411452478,1.0,207.51962368511403,1754.8118949347786,Medium
18239,4.0,154.0,372.0,280.8775,0.9810240474893549,1.0,351.0772312304511,1292.139943554119,Low
18241,16.0,208.0,217.0,106.70375,5.605470758770154,1.0,112.35997972331336,2362.9306606726545,Medium
18242,2.0,141.0,213.0,959.115,0.8895031778431062,1.0,1595.5421757760043,5324.551434886063,Platinum
18245,4.0,348.0,355.0,550.3325,1.022261590697227,1.0,687.5988183996266,2637.0866439288493,High
18246,1.0,210.0,233.0,363.2,0.5078413326587353,0.999999999740196,1795.281008910709,3420.485199720679,High
18248,1.0,64.0,186.0,307.56,0.6092271267545101,0.9999999992734452,1520.956846785664,3476.3489124555263,High
18252,1.0,121.0,171.0,456.77,0.6506856365168067,0.999999999658093,2256.612997588647,5508.781404714859,Platinum
18257,6.0,257.0,296.0,334.87166666666667,1.7179693744184177,1.0,386.3591235836696,2490.197678240586,High
18259,2.0,342.0,366.0,981.1500000000001,0.561899739596091,1.0,1632.1808996513241,3440.7598052463336,High
18260,5.0,186.0,358.0,482.5,1.2356349796471737,1.0,574.2396528377363,2662.0156646724627,High
18261,1.0,52.0,95.0,99.44,0.9930973441307136,0.9999999996014568,494.85431944086923,1843.7261692165125,Medium
18263,2.0,227.0,252.0,452.78,0.7744136528934112,1.0,753.6330197328921,2189.5766520251505,Medium
18265,1.0,86.0,158.0,312.96,0.691466626886316,0.9999999995523519,1547.58068710693,4014.6876262706965,High
18270,1.0,228.0,266.0,171.20000000000002,0.4547102460733918,0.99999999972158,848.6555752656939,1447.7495649290247,Medium
18272,5.0,244.0,246.0,487.75200000000007,1.7040857837839585,1.0,580.4878300526552,3711.1781847453194,High
18273,2.0,255.0,257.0,76.5,0.7617773008017366,1.0,127.97297798997029,365.7409072909638,Low
18282,1.0,119.0,126.0,77.84,0.8176013903051866,0.9999999997578759,388.35895815580506,1191.2479950446436,Low
18283,13.0,334.0,337.0,152.8023076923077,3.166028445499072,1.0,162.86057298899246,1934.452209585455,Medium
18287,2.0,159.0,201.0,536.0,0.9321272193055589,1.0,892.0071790659578,3119.397888598821,High
