CustomerID,Recency,Frequency,Monetary,R_Score,F_Score,M_Score,RFM_Score,RFM_Segment,Segment,Cluster,Cluster_Name,Cluster_Action
12346,326,1,77183.6,1,1,5,7,115,Lost,2,Loyal Regulars,"Upsell campaigns, early access to new products, cross-sell"
12347,2,7,4310.0,5,5,5,15,555,Champions,1,VIP Champions,"Loyalty rewards, referral programs, exclusive early access"
12348,75,4,1797.24,2,4,4,10,244,Can't Lose Them,2,Loyal Regulars,"Upsell campaigns, early access to new products, cross-sell"
12349,19,1,1757.55,4,1,4,9,414,New Customers,0,New Potentials,"Welcome series, onboarding discounts, education content"
12350,310,1,334.40000000000003,1,1,2,4,112,Lost,3,Lost Causes,Final reactivation attempt or remove from active campaigns
12352,36,8,2506.04,3,5,5,13,355,Promising,2,Loyal Regulars,"Upsell campaigns, early access to new products, cross-sell"
12353,204,1,89.0,1,1,1,3,111,Lost,3,Lost Causes,Final reactivation attempt or remove from active campaigns
12354,232,1,1079.4,1,1,4,6,114,Lost,3,Lost Causes,Final reactivation attempt or remove from active campaigns
12355,214,1,459.4,1,1,2,4,112,Lost,3,Lost Causes,Final reactivation attempt or remove from active campaigns
12356,23,3,2811.43,4,3,5,12,435,Promising,2,Loyal Regulars,"Upsell campaigns, early access to new products, cross-sell"
12357,33,1,6207.67,4,1,5,10,415,New Customers,2,Loyal Regulars,"Upsell campaigns, early access to new products, cross-sell"
12358,2,2,1168.06,5,2,4,11,524,New Customers,0,New Potentials,"Welcome series, onboarding discounts, education content"
12359,58,4,6372.58,3,4,5,12,345,Promising,2,Loyal Regulars,"Upsell campaigns, early access to new products, cross-sell"
12360,52,3,2662.06,3,3,5,11,335,Promising,2,Loyal Regulars,"Upsell campaigns, early access to new products, cross-sell"
12361,287,1,189.9,1,1,1,3,111,Lost,3,Lost Causes,Final reactivation attempt or remove from active campaigns
12362,3,10,5226.2300000000005,5,5,5,15,555,Champions,1,VIP Champions,"Loyalty rewards, referral programs, exclusive early access"
12363,110,2,552.0,2,2,3,7,223,At Risk,3,Lost Causes,Final reactivation attempt or remove from active campaigns
12364,8,4,1313.1,5,4,4,13,544,Champions,0,New Potentials,"Welcome series, onboarding discounts, education content"
12365,291,2,641.38,1,2,3,6,123,At Risk,3,Lost Causes,Final reactivation attempt or remove from active campaigns
12367,4,1,168.9,5,1,1,7,511,New Customers,0,New Potentials,"Welcome series, onboarding discounts, education content"
12370,51,4,3545.69,3,4,5,12,345,Promising,2,Loyal Regulars,"Upsell campaigns, early access to new products, cross-sell"
12371,45,2,1887.96,3,2,4,9,324,Need Attention,2,Loyal Regulars,"Upsell campaigns, early access to new products, cross-sell"
12372,72,3,1298.04,3,3,4,10,334,Promising,2,Loyal Regulars,"Upsell campaigns, early access to new products, cross-sell"
12373,311,1,364.6,1,1,2,4,112,Lost,3,Lost Causes,Final reactivation attempt or remove from active campaigns
12374,25,1,742.9300000000001,4,1,3,8,413,New Customers,0,New Potentials,"Welcome series, onboarding discounts, education content"
12375,11,2,457.5,5,2,2,9,522,New Customers,0,New Potentials,"Welcome series, onboarding discounts, education content"
12377,315,2,1628.12,1,2,4,7,124,At Risk,2,Loyal Regulars,"Upsell campaigns, early access to new products, cross-sell"
12378,130,1,4008.62,2,1,5,8,215,Lost,2,Loyal Regulars,"Upsell campaigns, early access to new products, cross-sell"
12379,82,2,852.24,2,2,3,7,223,At Risk,2,Loyal Regulars,"Upsell campaigns, early access to new products, cross-sell"
12380,22,4,2724.81,4,4,5,13,445,Champions,2,Loyal Regulars,"Upsell campaigns, early access to new products, cross-sell"
12381,5,5,1845.31,5,4,4,13,544,Champions,1,VIP Champions,"Loyalty rewards, referral programs, exclusive early access"
12383,185,5,1850.56,1,4,4,9,144,Can't Lose Them,2,Loyal Regulars,"Upsell campaigns, early access to new products, cross-sell"
12384,29,2,585.27,4,2,3,9,423,New Customers,0,New Potentials,"Welcome series, onboarding discounts, education content"
12386,338,2,401.9,1,2,2,5,122,Lost,3,Lost Causes,Final reactivation attempt or remove from active campaigns
12388,16,6,2780.6600000000003,4,4,5,13,445,Champions,1,VIP Champions,"Loyalty rewards, referral programs, exclusive early access"
12390,80,1,549.84,2,1,3,6,213,Lost,3,Lost Causes,Final reactivation attempt or remove from active campaigns
12391,22,1,460.89,4,1,2,7,412,New Customers,0,New Potentials,"Welcome series, onboarding discounts, education content"
12393,72,4,1582.6,3,4,4,11,344,Promising,2,Loyal Regulars,"Upsell campaigns, early access to new products, cross-sell"
12394,64,2,1272.48,3,2,4,9,324,Need Attention,2,Loyal Regulars,"Upsell campaigns, early access to new products, cross-sell"
12395,19,12,3018.63,4,5,5,14,455,Champions,1,VIP Champions,"Loyalty rewards, referral programs, exclusive early access"
12397,36,2,2409.9,3,2,5,10,325,Need Attention,2,Loyal Regulars,"Upsell campaigns, early access to new products, cross-sell"
12398,46,1,1635.66,3,1,4,8,314,Need Attention,2,Loyal Regulars,"Upsell campaigns, early access to new products, cross-sell"
12399,119,4,1108.65,2,4,4,10,244,Can't Lose Them,2,Loyal Regulars,"Upsell campaigns, early access to new products, cross-sell"
12401,303,1,84.3,1,1,1,3,111,Lost,3,Lost Causes,Final reactivation attempt or remove from active campaigns
12402,323,1,225.6,1,1,1,3,111,Lost,3,Lost Causes,Final reactivation attempt or remove from active campaigns
12403,50,1,427.7,3,1,2,6,312,Need Attention,3,Lost Causes,Final reactivation attempt or remove from active campaigns
12405,149,1,1710.39,2,1,4,7,214,Lost,2,Loyal Regulars,"Upsell campaigns, early access to new products, cross-sell"
12406,22,2,3415.3,4,2,5,11,425,New Customers,2,Loyal Regulars,"Upsell campaigns, early access to new products, cross-sell"
12407,50,5,1708.12,3,4,4,11,344,Promising,2,Loyal Regulars,"Upsell campaigns, early access to new products, cross-sell"
12408,33,5,2888.55,4,4,5,13,445,Champions,2,Loyal Regulars,"Upsell campaigns, early access to new products, cross-sell"
12409,79,3,11072.67,2,3,5,10,235,At Risk,2,Loyal Regulars,"Upsell campaigns, early access to new products, cross-sell"
12410,309,2,693.33,1,2,3,6,123,At Risk,3,Lost Causes,Final reactivation attempt or remove from active campaigns
12412,75,3,1226.88,2,3,4,9,234,At Risk,2,Loyal Regulars,"Upsell campaigns, early access to new products, cross-sell"
12413,67,3,758.1,3,3,3,9,333,Promising,2,Loyal Regulars,"Upsell campaigns, early access to new products, cross-sell"
12414,217,3,562.4100000000001,1,3,3,7,133,At Risk,3,Lost Causes,Final reactivation attempt or remove from active campaigns
12415,24,21,124914.53,4,5,5,14,455,Champions,1,VIP Champions,"Loyalty rewards, referral programs, exclusive early access"
12417,3,9,3649.1,5,5,5,15,555,Champions,1,VIP Champions,"Loyalty rewards, referral programs, exclusive early access"
12418,113,1,668.58,2,1,3,6,213,Lost,3,Lost Causes,Final reactivation attempt or remove from active campaigns
12420,64,1,600.39,3,1,3,7,313,Need Attention,3,Lost Causes,Final reactivation attempt or remove from active campaigns
12421,16,4,807.04,4,4,3,11,443,Loyal Customers,0,New Potentials,"Welcome series, onboarding discounts, education content"
12422,96,3,803.5600000000001,2,3,3,8,233,At Risk,2,Loyal Regulars,"Upsell campaigns, early access to new products, cross-sell"
12423,1,8,1859.31,5,5,4,14,554,Champions,1,VIP Champions,"Loyalty rewards, referral programs, exclusive early access"
12424,163,2,1760.96,2,2,4,8,224,At Risk,2,Loyal Regulars,"Upsell campaigns, early access to new products, cross-sell"
12425,78,1,777.2,2,1,3,6,213,Lost,3,Lost Causes,Final reactivation attempt or remove from active campaigns
12426,195,1,582.73,1,1,3,5,113,Lost,3,Lost Causes,Final reactivation attempt or remove from active campaigns
12427,22,3,825.8000000000001,4,3,3,10,433,Promising,0,New Potentials,"Welcome series, onboarding discounts, education content"
12428,26,9,7956.46,4,5,5,14,455,Champions,1,VIP Champions,"Loyalty rewards, referral programs, exclusive early access"
12429,9,4,3750.4,5,4,5,14,545,Champions,1,VIP Champions,"Loyalty rewards, referral programs, exclusive early access"
12430,43,1,256.4,3,1,2,6,312,Need Attention,3,Lost Causes,Final reactivation attempt or remove from active campaigns
12431,36,15,6487.45,3,5,5,13,355,Promising,1,VIP Champions,"Loyalty rewards, referral programs, exclusive early access"
12432,43,5,5059.32,3,4,5,12,345,Promising,2,Loyal Regulars,"Upsell campaigns, early access to new products, cross-sell"
12433,1,7,13375.87,5,5,5,15,555,Champions,1,VIP Champions,"Loyalty rewards, referral programs, exclusive early access"
12434,85,2,806.14,2,2,3,7,223,At Risk,2,Loyal Regulars,"Upsell campaigns, early access to new products, cross-sell"
12435,80,2,7829.89,2,2,5,9,225,At Risk,2,Loyal Regulars,"Upsell campaigns, early access to new products, cross-sell"
12436,100,1,509.01,2,1,3,6,213,Lost,3,Lost Causes,Final reactivation attempt or remove from active campaigns
12437,2,18,4951.41,5,5,5,15,555,Champions,1,VIP Champions,"Loyalty rewards, referral programs, exclusive early access"
12438,14,2,2906.85,4,2,5,11,425,New Customers,2,Loyal Regulars,"Upsell campaigns, early access to new products, cross-sell"
12441,367,1,173.55,1,1,1,3,111,Lost,3,Lost Causes,Final reactivation attempt or remove from active campaigns
12442,3,1,172.06,5,1,1,7,511,New Customers,0,New Potentials,"Welcome series, onboarding discounts, education content"
12444,21,5,5005.46,4,4,5,13,445,Champions,1,VIP Champions,"Loyalty rewards, referral programs, exclusive early access"
12445,22,1,133.4,4,1,1,6,411,New Customers,0,New Potentials,"Welcome series, onboarding discounts, education content"
12446,58,1,1002.31,3,1,4,8,314,Need Attention,3,Lost Causes,Final reactivation attempt or remove from active campaigns
12447,243,1,476.49,1,1,2,4,112,Lost,3,Lost Causes,Final reactivation attempt or remove from active campaigns
12448,44,1,449.45,3,1,2,6,312,Need Attention,3,Lost Causes,Final reactivation attempt or remove from active campaigns
12449,22,4,4067.29,4,4,5,13,445,Champions,2,Loyal Regulars,"Upsell campaigns, early access to new products, cross-sell"
12450,156,2,197.88,2,2,1,5,221,Lost,3,Lost Causes,Final reactivation attempt or remove from active campaigns
12451,11,5,9035.52,5,4,5,14,545,Champions,1,VIP Champions,"Loyalty rewards, referral programs, exclusive early access"
12452,17,2,430.5700000000001,4,2,2,8,422,New Customers,0,New Potentials,"Welcome series, onboarding discounts, education content"
12453,134,1,707.09,2,1,3,6,213,Lost,3,Lost Causes,Final reactivation attempt or remove from active campaigns
12454,56,1,3528.34,3,1,5,9,315,Need Attention,2,Loyal Regulars,"Upsell campaigns, early access to new products, cross-sell"
12455,73,6,2466.86,2,4,5,11,245,Can't Lose Them,2,Loyal Regulars,"Upsell campaigns, early access to new products, cross-sell"
12456,44,3,3181.04,3,3,5,11,335,Promising,2,Loyal Regulars,"Upsell campaigns, early access to new products, cross-sell"
12457,66,7,2363.23,3,5,5,13,355,Promising,2,Loyal Regulars,"Upsell campaigns, early access to new products, cross-sell"
12458,71,2,947.4,3,2,4,9,324,Need Attention,2,Loyal Regulars,"Upsell campaigns, early access to new products, cross-sell"
12461,94,2,826.88,2,2,3,7,223,At Risk,2,Loyal Regulars,"Upsell campaigns, early access to new products, cross-sell"
12462,19,2,1189.59,4,2,4,10,424,New Customers,0,New Potentials,"Welcome series, onboarding discounts, education content"
12463,53,4,1344.78,3,4,4,11,344,Promising,2,Loyal Regulars,"Upsell campaigns, early access to new products, cross-sell"
12464,10,8,1212.05,5,5,4,14,554,Champions,1,VIP Champions,"Loyalty rewards, referral programs, exclusive early access"
12465,17,2,742.19,4,2,3,9,423,New Customers,0,New Potentials,"Welcome series, onboarding discounts, education content"
12468,188,2,729.54,1,2,3,6,123,At Risk,3,Lost Causes,Final reactivation attempt or remove from active campaigns
12471,2,30,19824.05,5,5,5,15,555,Champions,1,VIP Champions,"Loyalty rewards, referral programs, exclusive early access"
12472,32,7,6572.11,4,5,5,14,455,Champions,1,VIP Champions,"Loyalty rewards, referral programs, exclusive early access"
12473,29,5,3938.55,4,4,5,13,445,Champions,2,Loyal Regulars,"Upsell campaigns, early access to new products, cross-sell"
12474,17,18,7375.79,4,5,5,14,455,Champions,1,VIP Champions,"Loyalty rewards, referral programs, exclusive early access"
12475,54,1,723.38,3,1,3,7,313,Need Attention,3,Lost Causes,Final reactivation attempt or remove from active campaigns
12476,16,11,6816.42,4,5,5,14,455,Champions,1,VIP Champions,"Loyalty rewards, referral programs, exclusive early access"
12477,23,6,13219.74,4,4,5,13,445,Champions,1,VIP Champions,"Loyalty rewards, referral programs, exclusive early access"
12478,4,1,680.99,5,1,3,9,513,New Customers,0,New Potentials,"Welcome series, onboarding discounts, education content"
12479,11,1,527.2,5,1,3,9,513,New Customers,0,New Potentials,"Welcome series, onboarding discounts, education content"
12480,28,4,3281.63,4,4,5,13,445,Champions,2,Loyal Regulars,"Upsell campaigns, early access to new products, cross-sell"
12481,23,10,5596.32,4,5,5,14,455,Champions,1,VIP Champions,"Loyalty rewards, referral programs, exclusive early access"
12483,17,8,2484.98,4,5,5,14,455,Champions,1,VIP Champions,"Loyalty rewards, referral programs, exclusive early access"
12484,33,6,4541.72,4,4,5,13,445,Champions,2,Loyal Regulars,"Upsell campaigns, early access to new products, cross-sell"
12488,10,3,1298.66,5,3,4,12,534,Promising,0,New Potentials,"Welcome series, onboarding discounts, education content"
12489,336,1,334.93,1,1,2,4,112,Lost,3,Lost Causes,Final reactivation attempt or remove from active campaigns
12490,5,10,5417.93,5,5,5,15,555,Champions,1,VIP Champions,"Loyalty rewards, referral programs, exclusive early access"
12491,39,1,460.4,3,1,2,6,312,Need Attention,0,New Potentials,"Welcome series, onboarding discounts, education content"
12492,63,2,263.21000000000004,3,2,2,7,322,Need Attention,3,Lost Causes,Final reactivation attempt or remove from active campaigns
12493,166,2,433.74,2,2,2,6,222,Lost,3,Lost Causes,Final reactivation attempt or remove from active campaigns
12494,16,7,1246.1,4,5,4,13,454,Champions,2,Loyal Regulars,"Upsell campaigns, early access to new products, cross-sell"
12497,82,1,1043.1,2,1,4,7,214,Lost,3,Lost Causes,Final reactivation attempt or remove from active campaigns
12498,21,3,403.7000000000001,4,3,2,9,432,Promising,0,New Potentials,"Welcome series, onboarding discounts, education content"
12500,23,11,4257.82,4,5,5,14,455,Champions,1,VIP Champions,"Loyalty rewards, referral programs, exclusive early access"
12501,337,1,2169.39,1,1,5,7,115,Lost,3,Lost Causes,Final reactivation attempt or remove from active campaigns
12502,96,5,3723.87,2,4,5,11,245,Can't Lose Them,2,Loyal Regulars,"Upsell campaigns, early access to new products, cross-sell"
12504,18,2,482.05,4,2,2,8,422,New Customers,0,New Potentials,"Welcome series, onboarding discounts, education content"
12506,233,1,73.5,1,1,1,3,111,Lost,3,Lost Causes,Final reactivation attempt or remove from active campaigns
12507,134,3,1304.81,2,3,4,9,234,At Risk,2,Loyal Regulars,"Upsell campaigns, early access to new products, cross-sell"
12508,26,2,398.27,4,2,2,8,422,New Customers,0,New Potentials,"Welcome series, onboarding discounts, education content"
12509,284,1,176.5,1,1,1,3,111,Lost,3,Lost Causes,Final reactivation attempt or remove from active campaigns
12510,143,2,982.57,2,2,4,8,224,At Risk,2,Loyal Regulars,"Upsell campaigns, early access to new products, cross-sell"
12512,66,2,138.03,3,2,1,6,321,Need Attention,3,Lost Causes,Final reactivation attempt or remove from active campaigns
12513,113,1,612.29,2,1,3,6,213,Lost,3,Lost Causes,Final reactivation attempt or remove from active campaigns
12514,267,1,1017.68,1,1,4,6,114,Lost,3,Lost Causes,Final reactivation attempt or remove from active campaigns
12515,353,1,383.7,1,1,2,4,112,Lost,3,Lost Causes,Final reactivation attempt or remove from active campaigns
12516,78,2,1312.06,2,2,4,8,224,At Risk,2,Loyal Regulars,"Upsell campaigns, early access to new products, cross-sell"
12517,28,5,2502.84,4,4,5,13,445,Champions,2,Loyal Regulars,"Upsell campaigns, early access to new products, cross-sell"
12518,1,5,2056.89,5,4,4,13,544,Champions,1,VIP Champions,"Loyalty rewards, referral programs, exclusive early access"
12519,64,1,340.84000000000003,3,1,2,6,312,Need Attention,3,Lost Causes,Final reactivation attempt or remove from active campaigns
12520,79,5,2634.26,2,4,5,11,245,Can't Lose Them,2,Loyal Regulars,"Upsell campaigns, early access to new products, cross-sell"
12521,143,1,599.68,2,1,3,6,213,Lost,3,Lost Causes,Final reactivation attempt or remove from active campaigns
12522,39,2,192.72,3,2,1,6,321,Need Attention,0,New Potentials,"Welcome series, onboarding discounts, education content"
12523,19,11,1789.77,4,5,4,13,454,Champions,1,VIP Champions,"Loyalty rewards, referral programs, exclusive early access"
12524,9,8,4485.72,5,5,5,15,555,Champions,1,VIP Champions,"Loyalty rewards, referral programs, exclusive early access"
12526,1,3,1316.66,5,3,4,12,534,Promising,0,New Potentials,"Welcome series, onboarding discounts, education content"
12527,82,3,348.71000000000004,2,3,2,7,232,Need Attention,3,Lost Causes,Final reactivation attempt or remove from active campaigns
12528,9,6,1933.48,5,5,4,14,554,Champions,1,VIP Champions,"Loyalty rewards, referral programs, exclusive early access"
12530,60,4,1662.28,3,4,4,11,344,Promising,2,Loyal Regulars,"Upsell campaigns, early access to new products, cross-sell"
12531,15,1,125.22,4,1,1,6,411,New Customers,0,New Potentials,"Welcome series, onboarding discounts, education content"
12532,30,1,349.83000000000004,4,1,2,7,412,New Customers,0,New Potentials,"Welcome series, onboarding discounts, education content"
12534,131,1,1089.18,2,1,4,7,214,Lost,3,Lost Causes,Final reactivation attempt or remove from active campaigns
12535,92,2,716.35,2,2,3,7,223,At Risk,2,Loyal Regulars,"Upsell campaigns, early access to new products, cross-sell"
12536,43,3,12601.830000000002,3,3,5,11,335,Promising,2,Loyal Regulars,"Upsell campaigns, early access to new products, cross-sell"
12538,29,1,363.95,4,1,2,7,412,New Customers,0,New Potentials,"Welcome series, onboarding discounts, education content"
12539,22,4,5568.35,4,4,5,13,445,Champions,2,Loyal Regulars,"Upsell campaigns, early access to new products, cross-sell"
12540,20,17,13400.24,4,5,5,14,455,Champions,1,VIP Champions,"Loyalty rewards, referral programs, exclusive early access"
12541,30,3,981.18,4,3,4,11,434,Promising,2,Loyal Regulars,"Upsell campaigns, early access to new products, cross-sell"
12544,36,1,372.7,3,1,2,6,312,Need Attention,0,New Potentials,"Welcome series, onboarding discounts, education content"
12545,75,2,1000.39,2,2,4,8,224,At Risk,2,Loyal Regulars,"Upsell campaigns, early access to new products, cross-sell"
12546,47,2,1161.5,3,2,4,9,324,Need Attention,2,Loyal Regulars,"Upsell campaigns, early access to new products, cross-sell"
12547,198,2,207.8,1,2,1,4,121,Lost,3,Lost Causes,Final reactivation attempt or remove from active campaigns
12548,166,1,95.2,2,1,1,4,211,Lost,3,Lost Causes,Final reactivation attempt or remove from active campaigns
12550,79,1,964.83,2,1,4,7,214,Lost,3,Lost Causes,Final reactivation attempt or remove from active campaigns
12551,358,1,168.0,1,1,1,3,111,Lost,3,Lost Causes,Final reactivation attempt or remove from active campaigns
12552,39,2,437.82,3,2,2,7,322,Need Attention,0,New Potentials,"Welcome series, onboarding discounts, education content"
12553,8,10,3692.28,5,5,5,15,555,Champions,1,VIP Champions,"Loyalty rewards, referral programs, exclusive early access"
12556,50,2,603.71,3,2,3,8,323,Need Attention,0,New Potentials,"Welcome series, onboarding discounts, education content"
12557,16,5,11990.96,4,4,5,13,445,Champions,1,VIP Champions,"Loyalty rewards, referral programs, exclusive early access"
12558,8,1,269.96,5,1,2,8,512,New Customers,0,New Potentials,"Welcome series, onboarding discounts, education content"
12559,311,2,561.71,1,2,3,6,123,At Risk,3,Lost Causes,Final reactivation attempt or remove from active campaigns
12560,5,3,2134.01,5,3,5,13,535,Promising,0,New Potentials,"Welcome series, onboarding discounts, education content"
12561,303,1,238.85,1,1,1,3,111,Lost,3,Lost Causes,Final reactivation attempt or remove from active campaigns
12562,8,7,3781.74,5,5,5,15,555,Champions,1,VIP Champions,"Loyalty rewards, referral programs, exclusive early access"
12564,261,1,456.9,1,1,2,4,112,Lost,3,Lost Causes,Final reactivation attempt or remove from active campaigns
12565,289,1,145.92000000000002,1,1,1,3,111,Lost,3,Lost Causes,Final reactivation attempt or remove from active campaigns
12566,86,1,351.65,2,1,2,5,212,Lost,3,Lost Causes,Final reactivation attempt or remove from active campaigns
12567,23,10,9401.28,4,5,5,14,455,Champions,1,VIP Champions,"Loyalty rewards, referral programs, exclusive early access"
12569,2,32,4124.6900000000005,5,5,5,15,555,Champions,1,VIP Champions,"Loyalty rewards, referral programs, exclusive early access"
12571,40,2,519.61,3,2,3,8,323,Need Attention,0,New Potentials,"Welcome series, onboarding discounts, education content"
12572,9,2,1020.42,5,2,4,11,524,New Customers,0,New Potentials,"Welcome series, onboarding discounts, education content"
12573,227,1,160.54000000000002,1,1,1,3,111,Lost,3,Lost Causes,Final reactivation attempt or remove from active campaigns
12574,316,1,218.45,1,1,1,3,111,Lost,3,Lost Causes,Final reactivation attempt or remove from active campaigns
12576,36,5,1315.83,3,4,4,11,344,Promising,2,Loyal Regulars,"Upsell campaigns, early access to new products, cross-sell"
12577,35,3,657.8,3,3,3,9,333,Promising,2,Loyal Regulars,"Upsell campaigns, early access to new products, cross-sell"
12578,21,2,2794.51,4,2,5,11,425,New Customers,2,Loyal Regulars,"Upsell campaigns, early access to new products, cross-sell"
12579,78,1,440.42,2,1,2,5,212,Lost,3,Lost Causes,Final reactivation attempt or remove from active campaigns
12580,247,1,415.7,1,1,2,4,112,Lost,3,Lost Causes,Final reactivation attempt or remove from active campaigns
12581,40,1,197.71,3,1,1,5,311,Need Attention,3,Lost Causes,Final reactivation attempt or remove from active campaigns
12582,239,2,511.36,1,2,3,6,123,At Risk,3,Lost Causes,Final reactivation attempt or remove from active campaigns
12583,3,15,7281.38,5,5,5,15,555,Champions,1,VIP Champions,"Loyalty rewards, referral programs, exclusive early access"
12584,4,9,2338.15,5,5,5,15,555,Champions,1,VIP Champions,"Loyalty rewards, referral programs, exclusive early access"
12585,234,2,2040.1,1,2,4,7,124,At Risk,2,Loyal Regulars,"Upsell campaigns, early access to new products, cross-sell"
12586,17,1,196.94000000000003,4,1,1,6,411,New Customers,0,New Potentials,"Welcome series, onboarding discounts, education content"
12587,8,1,144.0,5,1,1,7,511,New Customers,0,New Potentials,"Welcome series, onboarding discounts, education content"
12588,39,1,214.9,3,1,1,5,311,Need Attention,3,Lost Causes,Final reactivation attempt or remove from active campaigns
12589,29,2,646.68,4,2,3,9,423,New Customers,0,New Potentials,"Welcome series, onboarding discounts, education content"
12590,211,2,9864.26,1,2,5,8,125,At Risk,2,Loyal Regulars,"Upsell campaigns, early access to new products, cross-sell"
12591,317,1,452.85,1,1,2,4,112,Lost,3,Lost Causes,Final reactivation attempt or remove from active campaigns
12592,92,2,437.6,2,2,2,6,222,Lost,3,Lost Causes,Final reactivation attempt or remove from active campaigns
12593,109,3,418.1,2,3,2,7,232,Need Attention,3,Lost Causes,Final reactivation attempt or remove from active campaigns
12594,38,10,3338.2200000000003,3,5,5,13,355,Promising,1,VIP Champions,"Loyalty rewards, referral programs, exclusive early access"
12596,51,2,618.27,3,2,3,8,323,Need Attention,2,Loyal Regulars,"Upsell campaigns, early access to new products, cross-sell"
12597,19,4,3811.22,4,4,5,13,445,Champions,2,Loyal Regulars,"Upsell campaigns, early access to new products, cross-sell"
12598,10,8,3023.08,5,5,5,15,555,Champions,1,VIP Champions,"Loyalty rewards, referral programs, exclusive early access"
12599,29,7,1032.58,4,5,4,13,454,Champions,2,Loyal Regulars,"Upsell campaigns, early access to new products, cross-sell"
12600,29,10,2599.04,4,5,5,14,455,Champions,1,VIP Champions,"Loyalty rewards, referral programs, exclusive early access"
12601,190,5,577.0600000000001,1,4,3,8,143,Can't Lose Them,2,Loyal Regulars,"Upsell campaigns, early access to new products, cross-sell"
12602,59,1,153.12,3,1,1,5,311,Need Attention,3,Lost Causes,Final reactivation attempt or remove from active campaigns
12603,22,1,739.1999999999999,4,1,3,8,413,New Customers,0,New Potentials,"Welcome series, onboarding discounts, education content"
12604,79,2,254.18,2,2,2,6,222,Lost,3,Lost Causes,Final reactivation attempt or remove from active campaigns
12607,60,1,1579.51,3,1,4,8,314,Need Attention,2,Loyal Regulars,"Upsell campaigns, early access to new products, cross-sell"
12609,78,3,1126.85,2,3,4,9,234,At Risk,2,Loyal Regulars,"Upsell campaigns, early access to new products, cross-sell"
12610,23,5,2099.54,4,4,5,13,445,Champions,2,Loyal Regulars,"Upsell campaigns, early access to new products, cross-sell"
12611,52,1,1193.32,3,1,4,8,314,Need Attention,2,Loyal Regulars,"Upsell campaigns, early access to new products, cross-sell"
12612,74,1,704.04,2,1,3,6,213,Lost,3,Lost Causes,Final reactivation attempt or remove from active campaigns
12613,57,5,3344.38,3,4,5,12,345,Promising,2,Loyal Regulars,"Upsell campaigns, early access to new products, cross-sell"
12614,278,1,315.6,1,1,2,4,112,Lost,3,Lost Causes,Final reactivation attempt or remove from active campaigns
12615,2,4,2291.19,5,4,5,14,545,Champions,1,VIP Champions,"Loyalty rewards, referral programs, exclusive early access"
12616,95,2,713.3,2,2,3,7,223,At Risk,3,Lost Causes,Final reactivation attempt or remove from active campaigns
12617,29,1,355.53000000000003,4,1,2,7,412,New Customers,0,New Potentials,"Welcome series, onboarding discounts, education content"
12618,22,1,177.31,4,1,1,6,411,New Customers,0,New Potentials,"Welcome series, onboarding discounts, education content"
12619,16,9,3641.24,4,5,5,14,455,Champions,1,VIP Champions,"Loyalty rewards, referral programs, exclusive early access"
12620,15,3,1339.41,4,3,4,11,434,Promising,2,Loyal Regulars,"Upsell campaigns, early access to new products, cross-sell"
12621,2,20,13689.67,5,5,5,15,555,Champions,1,VIP Champions,"Loyalty rewards, referral programs, exclusive early access"
12622,232,1,180.1,1,1,1,3,111,Lost,3,Lost Causes,Final reactivation attempt or remove from active campaigns
12623,276,1,305.1,1,1,2,4,112,Lost,3,Lost Causes,Final reactivation attempt or remove from active campaigns
12624,106,2,641.13,2,2,3,7,223,At Risk,3,Lost Causes,Final reactivation attempt or remove from active campaigns
12625,212,2,2683.82,1,2,5,8,125,At Risk,2,Loyal Regulars,"Upsell campaigns, early access to new products, cross-sell"
12626,23,9,6620.4800000000005,4,5,5,14,455,Champions,1,VIP Champions,"Loyalty rewards, referral programs, exclusive early access"
12627,11,7,4478.53,5,5,5,15,555,Champions,1,VIP Champions,"Loyalty rewards, referral programs, exclusive early access"
12628,4,3,786.46,5,3,3,11,533,Promising,0,New Potentials,"Welcome series, onboarding discounts, education content"
12630,10,2,1270.88,5,2,4,11,524,New Customers,0,New Potentials,"Welcome series, onboarding discounts, education content"
12631,57,1,640.5,3,1,3,7,313,Need Attention,3,Lost Causes,Final reactivation attempt or remove from active campaigns
12633,59,4,2163.98,3,4,5,12,345,Promising,2,Loyal Regulars,"Upsell campaigns, early access to new products, cross-sell"
12635,90,2,1689.18,2,2,4,8,224,At Risk,2,Loyal Regulars,"Upsell campaigns, early access to new products, cross-sell"
12637,67,8,6021.9,3,5,5,13,355,Promising,2,Loyal Regulars,"Upsell campaigns, early access to new products, cross-sell"
12638,33,1,671.69,4,1,3,8,413,New Customers,0,New Potentials,"Welcome series, onboarding discounts, education content"
12639,239,1,486.1,1,1,2,4,112,Lost,3,Lost Causes,Final reactivation attempt or remove from active campaigns
12640,24,3,1174.58,4,3,4,11,434,Promising,2,Loyal Regulars,"Upsell campaigns, early access to new products, cross-sell"
12641,115,1,185.9,2,1,1,4,211,Lost,3,Lost Causes,Final reactivation attempt or remove from active campaigns
12642,25,3,1013.26,4,3,4,11,434,Promising,2,Loyal Regulars,"Upsell campaigns, early access to new products, cross-sell"
12643,128,6,3344.64,2,5,5,12,255,Can't Lose Them,2,Loyal Regulars,"Upsell campaigns, early access to new products, cross-sell"
12644,130,1,477.91,2,1,2,5,212,Lost,3,Lost Causes,Final reactivation attempt or remove from active campaigns
12645,34,4,1775.18,3,4,4,11,344,Promising,2,Loyal Regulars,"Upsell campaigns, early access to new products, cross-sell"
12646,5,2,1346.97,5,2,4,11,524,New Customers,0,New Potentials,"Welcome series, onboarding discounts, education content"
12647,22,12,3722.82,4,5,5,14,455,Champions,1,VIP Champions,"Loyalty rewards, referral programs, exclusive early access"
12648,155,1,318.05,2,1,2,5,212,Lost,3,Lost Causes,Final reactivation attempt or remove from active campaigns
12649,107,3,623.51,2,3,3,8,233,At Risk,2,Loyal Regulars,"Upsell campaigns, early access to new products, cross-sell"
12650,3,1,314.44,5,1,2,8,512,New Customers,0,New Potentials,"Welcome series, onboarding discounts, education content"
12651,335,1,114.0,1,1,1,3,111,Lost,3,Lost Causes,Final reactivation attempt or remove from active campaigns
12652,331,1,919.98,1,1,3,5,113,Lost,3,Lost Causes,Final reactivation attempt or remove from active campaigns
12653,149,2,2209.85,2,2,5,9,225,At Risk,2,Loyal Regulars,"Upsell campaigns, early access to new products, cross-sell"
12654,11,5,601.98,5,4,3,12,543,Loyal Customers,0,New Potentials,"Welcome series, onboarding discounts, education content"
12656,17,5,4051.17,4,4,5,13,445,Champions,1,VIP Champions,"Loyalty rewards, referral programs, exclusive early access"
12657,11,4,1643.18,5,4,4,13,544,Champions,2,Loyal Regulars,"Upsell campaigns, early access to new products, cross-sell"
12658,19,1,686.05,4,1,3,8,413,New Customers,0,New Potentials,"Welcome series, onboarding discounts, education content"
12659,30,1,91.68,4,1,1,6,411,New Customers,3,Lost Causes,Final reactivation attempt or remove from active campaigns
12660,11,1,245.1,5,1,1,7,511,New Customers,0,New Potentials,"Welcome series, onboarding discounts, education content"
12662,1,11,3849.78,5,5,5,15,555,Champions,1,VIP Champions,"Loyalty rewards, referral programs, exclusive early access"
12664,8,9,4881.88,5,5,5,15,555,Champions,1,VIP Champions,"Loyalty rewards, referral programs, exclusive early access"
12665,325,1,63.0,1,1,1,3,111,Lost,3,Lost Causes,Final reactivation attempt or remove from active campaigns
12667,58,1,620.13,3,1,3,7,313,Need Attention,3,Lost Causes,Final reactivation attempt or remove from active campaigns
12668,12,4,3807.15,5,4,5,14,545,Champions,1,VIP Champions,"Loyalty rewards, referral programs, exclusive early access"
12669,151,3,2744.03,2,3,5,10,235,At Risk,2,Loyal Regulars,"Upsell campaigns, early access to new products, cross-sell"
12670,10,5,2996.05,5,4,5,14,545,Champions,1,VIP Champions,"Loyalty rewards, referral programs, exclusive early access"
12672,330,1,225.9,1,1,1,3,111,Lost,3,Lost Causes,Final reactivation attempt or remove from active campaigns
12673,5,2,610.52,5,2,3,10,523,New Customers,0,New Potentials,"Welcome series, onboarding discounts, education content"
12674,39,4,1970.6,3,4,4,11,344,Promising,2,Loyal Regulars,"Upsell campaigns, early access to new products, cross-sell"
12676,25,6,1331.39,4,5,4,13,454,Champions,2,Loyal Regulars,"Upsell campaigns, early access to new products, cross-sell"
12678,42,12,17628.46,3,5,5,13,355,Promising,1,VIP Champions,"Loyalty rewards, referral programs, exclusive early access"
12679,59,4,1113.02,3,4,4,11,344,Promising,2,Loyal Regulars,"Upsell campaigns, early access to new products, cross-sell"
12680,1,4,862.81,5,4,3,12,543,Loyal Customers,0,New Potentials,"Welcome series, onboarding discounts, education content"
12681,15,22,13787.54,4,5,5,14,455,Champions,1,VIP Champions,"Loyalty rewards, referral programs, exclusive early access"
12682,4,31,12288.22,5,5,5,15,555,Champions,1,VIP Champions,"Loyalty rewards, referral programs, exclusive early access"
12683,4,15,8476.57,5,5,5,15,555,Champions,1,VIP Champions,"Loyalty rewards, referral programs, exclusive early access"
12684,8,7,2283.63,5,5,5,15,555,Champions,1,VIP Champions,"Loyalty rewards, referral programs, exclusive early access"
12685,28,6,2863.08,4,5,5,14,455,Champions,2,Loyal Regulars,"Upsell campaigns, early access to new products, cross-sell"
12686,372,1,89.14,1,1,1,3,111,Lost,3,Lost Causes,Final reactivation attempt or remove from active campaigns
12688,114,1,4873.81,2,1,5,8,215,Lost,2,Loyal Regulars,"Upsell campaigns, early access to new products, cross-sell"
12689,26,2,1247.61,4,2,4,10,424,New Customers,2,Loyal Regulars,"Upsell campaigns, early access to new products, cross-sell"
12690,206,1,389.01,1,1,2,4,112,Lost,3,Lost Causes,Final reactivation attempt or remove from active campaigns
12691,28,6,1035.8,4,5,4,13,454,Champions,2,Loyal Regulars,"Upsell campaigns, early access to new products, cross-sell"
12693,127,4,855.91,2,4,3,9,243,Can't Lose Them,2,Loyal Regulars,"Upsell campaigns, early access to new products, cross-sell"
12694,70,2,869.67,3,2,3,8,323,Need Attention,2,Loyal Regulars,"Upsell campaigns, early access to new products, cross-sell"
12695,7,4,582.1,5,4,3,12,543,Loyal Customers,0,New Potentials,"Welcome series, onboarding discounts, education content"
12697,29,3,957.59,4,3,4,11,434,Promising,2,Loyal Regulars,"Upsell campaigns, early access to new products, cross-sell"
12700,8,4,4939.99,5,4,5,14,545,Champions,1,VIP Champions,"Loyalty rewards, referral programs, exclusive early access"
12701,80,2,797.71,2,2,3,7,223,At Risk,2,Loyal Regulars,"Upsell campaigns, early access to new products, cross-sell"
12702,20,1,219.0,4,1,1,6,411,New Customers,0,New Potentials,"Welcome series, onboarding discounts, education content"
12703,71,1,283.55,3,1,2,6,312,Need Attention,3,Lost Causes,Final reactivation attempt or remove from active campaigns
12704,7,8,2340.84,5,5,5,15,555,Champions,1,VIP Champions,"Loyalty rewards, referral programs, exclusive early access"
12705,15,9,6868.29,4,5,5,14,455,Champions,1,VIP Champions,"Loyalty rewards, referral programs, exclusive early access"
12707,292,1,603.42,1,1,3,5,113,Lost,3,Lost Causes,Final reactivation attempt or remove from active campaigns
12708,30,10,2712.91,4,5,5,14,455,Champions,1,VIP Champions,"Loyalty rewards, referral programs, exclusive early access"
12709,15,15,9736.52,4,5,5,14,455,Champions,1,VIP Champions,"Loyalty rewards, referral programs, exclusive early access"
12710,97,3,1149.02,2,3,4,9,234,At Risk,2,Loyal Regulars,"Upsell campaigns, early access to new products, cross-sell"
12712,29,13,4396.13,4,5,5,14,455,Champions,1,VIP Champions,"Loyalty rewards, referral programs, exclusive early access"
12713,1,1,848.55,5,1,3,9,513,New Customers,0,New Potentials,"Welcome series, onboarding discounts, education content"
12714,9,5,4708.86,5,4,5,14,545,Champions,1,VIP Champions,"Loyalty rewards, referral programs, exclusive early access"
12715,106,1,353.86,2,1,2,5,212,Lost,3,Lost Causes,Final reactivation attempt or remove from active campaigns
12716,4,2,1053.49,5,2,4,11,524,New Customers,0,New Potentials,"Welcome series, onboarding discounts, education content"
12717,151,2,1030.98,2,2,4,8,224,At Risk,2,Loyal Regulars,"Upsell campaigns, early access to new products, cross-sell"
12718,71,1,238.25,3,1,1,5,311,Need Attention,3,Lost Causes,Final reactivation attempt or remove from active campaigns
12719,5,2,644.95,5,2,3,10,523,New Customers,0,New Potentials,"Welcome series, onboarding discounts, education content"
12720,3,25,5781.7300000000005,5,5,5,15,555,Champions,1,VIP Champions,"Loyalty rewards, referral programs, exclusive early access"
12721,32,6,2656.13,4,5,5,14,455,Champions,2,Loyal Regulars,"Upsell campaigns, early access to new products, cross-sell"
12722,85,4,997.63,2,4,4,10,244,Can't Lose Them,2,Loyal Regulars,"Upsell campaigns, early access to new products, cross-sell"
12723,4,5,725.07,5,4,3,12,543,Loyal Customers,0,New Potentials,"Welcome series, onboarding discounts, education content"
12724,5,4,1031.41,5,4,4,13,544,Champions,0,New Potentials,"Welcome series, onboarding discounts, education content"
12725,371,1,427.8,1,1,2,4,112,Lost,3,Lost Causes,Final reactivation attempt or remove from active campaigns
12726,28,7,2609.1,4,5,5,14,455,Champions,2,Loyal Regulars,"Upsell campaigns, early access to new products, cross-sell"
12727,11,7,3980.7,5,5,5,15,555,Champions,1,VIP Champions,"Loyalty rewards, referral programs, exclusive early access"
12728,71,4,836.33,3,4,3,10,343,Promising,2,Loyal Regulars,"Upsell campaigns, early access to new products, cross-sell"
12729,114,1,453.01,2,1,2,5,212,Lost,3,Lost Causes,Final reactivation attempt or remove from active campaigns
12731,24,12,18895.91,4,5,5,14,455,Champions,1,VIP Champions,"Loyalty rewards, referral programs, exclusive early access"
12732,180,1,236.26,1,1,1,3,111,Lost,3,Lost Causes,Final reactivation attempt or remove from active campaigns
12733,234,1,383.95,1,1,2,4,112,Lost,3,Lost Causes,Final reactivation attempt or remove from active campaigns
12734,353,1,110.4,1,1,1,3,111,Lost,3,Lost Causes,Final reactivation attempt or remove from active campaigns
12735,315,2,779.5699999999999,1,2,3,6,123,At Risk,3,Lost Causes,Final reactivation attempt or remove from active campaigns
12736,333,1,234.0,1,1,1,3,111,Lost,3,Lost Causes,Final reactivation attempt or remove from active campaigns
12738,372,1,155.35,1,1,1,3,111,Lost,3,Lost Causes,Final reactivation attempt or remove from active campaigns
12739,78,2,1013.04,2,2,4,8,224,At Risk,2,Loyal Regulars,"Upsell campaigns, early access to new products, cross-sell"
12740,64,1,427.6,3,1,2,6,312,Need Attention,3,Lost Causes,Final reactivation attempt or remove from active campaigns
12743,134,2,546.43,2,2,3,7,223,At Risk,3,Lost Causes,Final reactivation attempt or remove from active campaigns
12744,52,7,21279.29,3,5,5,13,355,Promising,1,VIP Champions,"Loyalty rewards, referral programs, exclusive early access"
12747,2,11,4196.01,5,5,5,15,555,Champions,1,VIP Champions,"Loyalty rewards, referral programs, exclusive early access"
12748,1,209,33719.73,5,5,5,15,555,Champions,1,VIP Champions,"Loyalty rewards, referral programs, exclusive early access"
12749,4,5,4090.88,5,4,5,14,545,Champions,1,VIP Champions,"Loyalty rewards, referral programs, exclusive early access"
12750,129,1,275.88,2,1,2,5,212,Lost,3,Lost Causes,Final reactivation attempt or remove from active campaigns
12752,81,1,4366.78,2,1,5,8,215,Lost,2,Loyal Regulars,"Upsell campaigns, early access to new products, cross-sell"
12753,23,6,21429.39,4,5,5,14,455,Champions,1,VIP Champions,"Loyalty rewards, referral programs, exclusive early access"
12754,236,3,3010.74,1,3,5,9,135,At Risk,2,Loyal Regulars,"Upsell campaigns, early access to new products, cross-sell"
12755,281,2,3811.95,1,2,5,8,125,At Risk,2,Loyal Regulars,"Upsell campaigns, early access to new products, cross-sell"
12756,87,1,112.08,2,1,1,4,211,Lost,3,Lost Causes,Final reactivation attempt or remove from active campaigns
12757,16,13,7857.1,4,5,5,14,455,Champions,1,VIP Champions,"Loyalty rewards, referral programs, exclusive early access"
12758,117,2,2791.59,2,2,5,9,225,At Risk,2,Loyal Regulars,"Upsell campaigns, early access to new products, cross-sell"
12759,52,3,1531.44,3,3,4,10,334,Promising,2,Loyal Regulars,"Upsell campaigns, early access to new products, cross-sell"
12762,8,2,1898.52,5,2,4,11,524,New Customers,0,New Potentials,"Welcome series, onboarding discounts, education content"
12763,138,2,494.08,2,2,3,7,223,At Risk,3,Lost Causes,Final reactivation attempt or remove from active campaigns
12764,317,1,1693.88,1,1,4,6,114,Lost,3,Lost Causes,Final reactivation attempt or remove from active campaigns
12766,4,7,6989.63,5,5,5,15,555,Champions,1,VIP Champions,"Loyalty rewards, referral programs, exclusive early access"
12769,239,1,1143.6,1,1,4,6,114,Lost,3,Lost Causes,Final reactivation attempt or remove from active campaigns
12770,211,1,1351.45,1,1,4,6,114,Lost,3,Lost Causes,Final reactivation attempt or remove from active campaigns
12772,60,1,892.47,3,1,3,7,313,Need Attention,3,Lost Causes,Final reactivation attempt or remove from active campaigns
12775,17,5,1386.04,4,4,4,12,444,Champions,2,Loyal Regulars,"Upsell campaigns, early access to new products, cross-sell"
12778,20,6,822.23,4,5,3,12,453,Loyal Customers,2,Loyal Regulars,"Upsell campaigns, early access to new products, cross-sell"
12779,38,8,3981.36,3,5,5,13,355,Promising,1,VIP Champions,"Loyalty rewards, referral programs, exclusive early access"
12781,64,2,826.74,3,2,3,8,323,Need Attention,2,Loyal Regulars,"Upsell campaigns, early access to new products, cross-sell"
12782,5,5,2330.92,5,4,5,14,545,Champions,1,VIP Champions,"Loyalty rewards, referral programs, exclusive early access"
12783,2,6,2225.91,5,5,5,15,555,Champions,1,VIP Champions,"Loyalty rewards, referral programs, exclusive early access"
12784,9,2,574.42,5,2,3,10,523,New Customers,0,New Potentials,"Welcome series, onboarding discounts, education content"
12785,364,1,311.95,1,1,2,4,112,Lost,3,Lost Causes,Final reactivation attempt or remove from active campaigns
12787,10,3,463.66,5,3,2,10,532,Promising,0,New Potentials,"Welcome series, onboarding discounts, education content"
12789,65,1,91.85,3,1,1,5,311,Need Attention,3,Lost Causes,Final reactivation attempt or remove from active campaigns
12790,192,1,324.92,1,1,2,4,112,Lost,3,Lost Causes,Final reactivation attempt or remove from active campaigns
12791,374,1,192.6,1,1,1,3,111,Lost,3,Lost Causes,Final reactivation attempt or remove from active campaigns
12792,257,1,400.54,1,1,2,4,112,Lost,3,Lost Causes,Final reactivation attempt or remove from active campaigns
12793,335,2,545.48,1,2,3,6,123,At Risk,3,Lost Causes,Final reactivation attempt or remove from active campaigns
12794,53,2,860.41,3,2,3,8,323,Need Attention,2,Loyal Regulars,"Upsell campaigns, early access to new products, cross-sell"
12795,19,1,430.48,4,1,2,7,412,New Customers,0,New Potentials,"Welcome series, onboarding discounts, education content"
12797,366,1,254.03,1,1,2,4,112,Lost,3,Lost Causes,Final reactivation attempt or remove from active campaigns
12798,10,3,6977.04,5,3,5,13,535,Promising,1,VIP Champions,"Loyalty rewards, referral programs, exclusive early access"
12802,187,1,427.58,1,1,2,4,112,Lost,3,Lost Causes,Final reactivation attempt or remove from active campaigns
12808,37,3,483.65,3,3,2,8,332,Promising,0,New Potentials,"Welcome series, onboarding discounts, education content"
12809,178,1,489.31,2,1,2,5,212,Lost,3,Lost Causes,Final reactivation attempt or remove from active campaigns
12811,261,3,514.85,1,3,3,7,133,At Risk,3,Lost Causes,Final reactivation attempt or remove from active campaigns
12812,45,1,229.64,3,1,1,5,311,Need Attention,3,Lost Causes,Final reactivation attempt or remove from active campaigns
12814,102,1,125.92,2,1,1,4,211,Lost,3,Lost Causes,Final reactivation attempt or remove from active campaigns
12815,148,2,1063.46,2,2,4,8,224,At Risk,2,Loyal Regulars,"Upsell campaigns, early access to new products, cross-sell"
12816,96,2,572.2,2,2,3,7,223,At Risk,3,Lost Causes,Final reactivation attempt or remove from active campaigns
12817,281,1,166.04000000000002,1,1,1,3,111,Lost,3,Lost Causes,Final reactivation attempt or remove from active campaigns
12818,262,1,1542.08,1,1,4,6,114,Lost,3,Lost Causes,Final reactivation attempt or remove from active campaigns
12820,3,4,942.34,5,4,4,13,544,Champions,0,New Potentials,"Welcome series, onboarding discounts, education content"
12821,214,1,92.72,1,1,1,3,111,Lost,3,Lost Causes,Final reactivation attempt or remove from active campaigns
12822,71,2,948.88,3,2,4,9,324,Need Attention,2,Loyal Regulars,"Upsell campaigns, early access to new products, cross-sell"
12823,75,5,1759.5,2,4,4,10,244,Can't Lose Them,2,Loyal Regulars,"Upsell campaigns, early access to new products, cross-sell"
12824,60,1,397.12,3,1,2,6,312,Need Attention,3,Lost Causes,Final reactivation attempt or remove from active campaigns
12826,3,7,1474.72,5,5,4,14,554,Champions,1,VIP Champions,"Loyalty rewards, referral programs, exclusive early access"
12827,6,3,430.15,5,3,2,10,532,Promising,0,New Potentials,"Welcome series, onboarding discounts, education content"
12828,3,6,1018.71,5,5,4,14,554,Champions,1,VIP Champions,"Loyalty rewards, referral programs, exclusive early access"
12829,337,2,293.0,1,2,2,5,122,Lost,3,Lost Causes,Final reactivation attempt or remove from active campaigns
12830,38,6,6814.64,3,5,5,13,355,Promising,2,Loyal Regulars,"Upsell campaigns, early access to new products, cross-sell"
12831,262,1,215.05,1,1,1,3,111,Lost,3,Lost Causes,Final reactivation attempt or remove from active campaigns
12832,32,2,383.03,4,2,2,8,422,New Customers,0,New Potentials,"Welcome series, onboarding discounts, education content"
12833,145,1,417.38,2,1,2,5,212,Lost,3,Lost Causes,Final reactivation attempt or remove from active campaigns
12834,283,1,312.38,1,1,2,4,112,Lost,3,Lost Causes,Final reactivation attempt or remove from active campaigns
12836,59,4,2612.86,3,4,5,12,345,Promising,2,Loyal Regulars,"Upsell campaigns, early access to new products, cross-sell"
12837,173,1,134.1,2,1,1,4,211,Lost,3,Lost Causes,Final reactivation attempt or remove from active campaigns
12838,34,2,683.13,3,2,3,8,323,Need Attention,0,New Potentials,"Welcome series, onboarding discounts, education content"
12839,3,14,5591.42,5,5,5,15,555,Champions,1,VIP Champions,"Loyalty rewards, referral programs, exclusive early access"
12840,144,4,2726.77,2,4,5,11,245,Can't Lose Them,2,Loyal Regulars,"Upsell campaigns, early access to new products, cross-sell"
12841,5,25,4022.35,5,5,5,15,555,Champions,1,VIP Champions,"Loyalty rewards, referral programs, exclusive early access"
12842,70,2,1118.99,3,2,4,9,324,Need Attention,2,Loyal Regulars,"Upsell campaigns, early access to new products, cross-sell"
12843,66,8,1702.26,3,5,4,12,354,Promising,2,Loyal Regulars,"Upsell campaigns, early access to new products, cross-sell"
12844,29,2,325.96000000000004,4,2,2,8,422,New Customers,0,New Potentials,"Welcome series, onboarding discounts, education content"
12845,267,4,354.09000000000003,1,4,2,7,142,Can't Lose Them,3,Lost Causes,Final reactivation attempt or remove from active campaigns
12847,22,1,871.54,4,1,3,8,413,New Customers,0,New Potentials,"Welcome series, onboarding discounts, education content"
12849,31,2,1050.89,4,2,4,10,424,New Customers,2,Loyal Regulars,"Upsell campaigns, early access to new products, cross-sell"
12851,97,1,135.18,2,1,1,4,211,Lost,3,Lost Causes,Final reactivation attempt or remove from active campaigns
12852,295,1,311.55,1,1,2,4,112,Lost,3,Lost Causes,Final reactivation attempt or remove from active campaigns
12853,135,6,1957.1,2,5,4,11,254,Can't Lose Them,2,Loyal Regulars,"Upsell campaigns, early access to new products, cross-sell"
12854,79,3,1324.5,2,3,4,9,234,At Risk,2,Loyal Regulars,"Upsell campaigns, early access to new products, cross-sell"
12855,373,1,38.1,1,1,1,3,111,Lost,3,Lost Causes,Final reactivation attempt or remove from active campaigns
12856,8,6,2179.93,5,5,5,15,555,Champions,1,VIP Champions,"Loyalty rewards, referral programs, exclusive early access"
12857,211,2,1106.4,1,2,4,7,124,At Risk,2,Loyal Regulars,"Upsell campaigns, early access to new products, cross-sell"
12863,52,1,521.2,3,1,3,7,313,Need Attention,3,Lost Causes,Final reactivation attempt or remove from active campaigns
12864,138,1,147.12,2,1,1,4,211,Lost,3,Lost Causes,Final reactivation attempt or remove from active campaigns
12865,26,2,1568.23,4,2,4,10,424,New Customers,2,Loyal Regulars,"Upsell campaigns, early access to new products, cross-sell"
12866,283,1,559.12,1,1,3,5,113,Lost,3,Lost Causes,Final reactivation attempt or remove from active campaigns
12867,26,7,4036.82,4,5,5,14,455,Champions,1,VIP Champions,"Loyalty rewards, referral programs, exclusive early access"
12868,186,6,1607.0600000000002,1,5,4,10,154,Can't Lose Them,2,Loyal Regulars,"Upsell campaigns, early access to new products, cross-sell"
12871,84,2,380.64,2,2,2,6,222,Lost,3,Lost Causes,Final reactivation attempt or remove from active campaigns
12872,327,2,599.97,1,2,3,6,123,At Risk,3,Lost Causes,Final reactivation attempt or remove from active campaigns
12873,282,1,374.0,1,1,2,4,112,Lost,3,Lost Causes,Final reactivation attempt or remove from active campaigns
12875,143,2,343.2300000000001,2,2,2,6,222,Lost,3,Lost Causes,Final reactivation attempt or remove from active campaigns
12876,58,2,2218.02,3,2,5,10,325,Need Attention,2,Loyal Regulars,"Upsell campaigns, early access to new products, cross-sell"
12877,4,12,1535.77,5,5,4,14,554,Champions,1,VIP Champions,"Loyalty rewards, referral programs, exclusive early access"
12878,236,2,854.99,1,2,3,6,123,At Risk,3,Lost Causes,Final reactivation attempt or remove from active campaigns
12879,45,3,573.22,3,3,3,9,333,Promising,2,Loyal Regulars,"Upsell campaigns, early access to new products, cross-sell"
12881,276,1,298.0,1,1,2,4,112,Lost,3,Lost Causes,Final reactivation attempt or remove from active campaigns
12882,9,2,1463.04,5,2,4,11,524,New Customers,0,New Potentials,"Welcome series, onboarding discounts, education content"
12883,25,4,703.47,4,4,3,11,443,Loyal Customers,2,Loyal Regulars,"Upsell campaigns, early access to new products, cross-sell"
12884,88,1,309.05,2,1,2,5,212,Lost,3,Lost Causes,Final reactivation attempt or remove from active campaigns
12885,63,3,1175.22,3,3,4,10,334,Promising,2,Loyal Regulars,"Upsell campaigns, early access to new products, cross-sell"
12886,68,2,1378.4,3,2,4,9,324,Need Attention,2,Loyal Regulars,"Upsell campaigns, early access to new products, cross-sell"
12888,214,2,354.12,1,2,2,5,122,Lost,3,Lost Causes,Final reactivation attempt or remove from active campaigns
12890,24,1,380.47,4,1,2,7,412,New Customers,0,New Potentials,"Welcome series, onboarding discounts, education content"
12891,186,3,331.0,1,3,2,6,132,Need Attention,3,Lost Causes,Final reactivation attempt or remove from active campaigns
12893,31,1,188.14,4,1,1,6,411,New Customers,0,New Potentials,"Welcome series, onboarding discounts, education content"
12895,42,2,372.8,3,2,2,7,322,Need Attention,0,New Potentials,"Welcome series, onboarding discounts, education content"
12897,205,2,216.5,1,2,1,4,121,Lost,3,Lost Causes,Final reactivation attempt or remove from active campaigns
12901,9,28,17654.54,5,5,5,15,555,Champions,1,VIP Champions,"Loyalty rewards, referral programs, exclusive early access"
12902,265,1,138.68,1,1,1,3,111,Lost,3,Lost Causes,Final reactivation attempt or remove from active campaigns
12904,18,2,509.58,4,2,3,9,423,New Customers,0,New Potentials,"Welcome series, onboarding discounts, education content"
12906,12,5,2919.81,5,4,5,14,545,Champions,1,VIP Champions,"Loyalty rewards, referral programs, exclusive early access"
12908,176,2,750.0,2,2,3,7,223,At Risk,3,Lost Causes,Final reactivation attempt or remove from active campaigns
12909,40,5,2178.67,3,4,5,12,345,Promising,2,Loyal Regulars,"Upsell campaigns, early access to new products, cross-sell"
12910,23,8,3075.04,4,5,5,14,455,Champions,1,VIP Champions,"Loyalty rewards, referral programs, exclusive early access"
12912,3,5,1662.3,5,4,4,13,544,Champions,1,VIP Champions,"Loyalty rewards, referral programs, exclusive early access"
12913,5,5,2483.63,5,4,5,14,545,Champions,1,VIP Champions,"Loyalty rewards, referral programs, exclusive early access"
12915,149,2,363.65,2,2,2,6,222,Lost,3,Lost Causes,Final reactivation attempt or remove from active campaigns
12916,139,4,3006.15,2,4,5,11,245,Can't Lose Them,2,Loyal Regulars,"Upsell campaigns, early access to new products, cross-sell"
12917,128,1,594.0,2,1,3,6,213,Lost,3,Lost Causes,Final reactivation attempt or remove from active campaigns
12919,8,6,1335.19,5,5,4,14,554,Champions,1,VIP Champions,"Loyalty rewards, referral programs, exclusive early access"
12920,17,1,164.23,4,1,1,6,411,New Customers,0,New Potentials,"Welcome series, onboarding discounts, education content"
12921,9,37,16587.09,5,5,5,15,555,Champions,1,VIP Champions,"Loyalty rewards, referral programs, exclusive early access"
12922,161,1,405.38,2,1,2,5,212,Lost,3,Lost Causes,Final reactivation attempt or remove from active campaigns
12923,64,1,176.97,3,1,1,5,311,Need Attention,3,Lost Causes,Final reactivation attempt or remove from active campaigns
12924,88,4,933.7,2,4,3,9,243,Can't Lose Them,2,Loyal Regulars,"Upsell campaigns, early access to new products, cross-sell"
12925,5,2,694.05,5,2,3,10,523,New Customers,0,New Potentials,"Welcome series, onboarding discounts, education content"
12928,35,5,2062.7,3,4,5,12,345,Promising,2,Loyal Regulars,"Upsell campaigns, early access to new products, cross-sell"
12929,312,1,117.85,1,1,1,3,111,Lost,3,Lost Causes,Final reactivation attempt or remove from active campaigns
12930,78,2,415.8,2,2,2,6,222,Lost,3,Lost Causes,Final reactivation attempt or remove from active campaigns
12931,22,15,42055.96,4,5,5,14,455,Champions,1,VIP Champions,"Loyalty rewards, referral programs, exclusive early access"
12933,24,3,607.53,4,3,3,10,433,Promising,0,New Potentials,"Welcome series, onboarding discounts, education content"
12935,2,7,2160.7,5,5,5,15,555,Champions,1,VIP Champions,"Loyalty rewards, referral programs, exclusive early access"
12936,17,4,1063.9,4,4,4,12,444,Champions,2,Loyal Regulars,"Upsell campaigns, early access to new products, cross-sell"
12937,15,4,1504.27,4,4,4,12,444,Champions,2,Loyal Regulars,"Upsell campaigns, early access to new products, cross-sell"
12938,26,1,114.14,4,1,1,6,411,New Customers,0,New Potentials,"Welcome series, onboarding discounts, education content"
12939,64,8,11581.8,3,5,5,13,355,Promising,1,VIP Champions,"Loyalty rewards, referral programs, exclusive early access"
12940,55,2,913.54,3,2,3,8,323,Need Attention,2,Loyal Regulars,"Upsell campaigns, early access to new products, cross-sell"
12942,131,3,683.9,2,3,3,8,233,At Risk,2,Loyal Regulars,"Upsell campaigns, early access to new products, cross-sell"
12944,36,2,604.51,3,2,3,8,323,Need Attention,0,New Potentials,"Welcome series, onboarding discounts, education content"
12945,288,1,462.95,1,1,2,4,112,Lost,3,Lost Causes,Final reactivation attempt or remove from active campaigns
12947,144,6,1603.99,2,5,4,11,254,Can't Lose Them,2,Loyal Regulars,"Upsell campaigns, early access to new products, cross-sell"
12948,16,7,2064.95,4,5,5,14,455,Champions,1,VIP Champions,"Loyalty rewards, referral programs, exclusive early access"
12949,31,8,4167.22,4,5,5,14,455,Champions,1,VIP Champions,"Loyalty rewards, referral programs, exclusive early access"
12950,2,3,1843.0,5,3,4,12,534,Promising,0,New Potentials,"Welcome series, onboarding discounts, education content"
12951,9,6,1064.07,5,5,4,14,554,Champions,1,VIP Champions,"Loyalty rewards, referral programs, exclusive early access"
12952,6,4,1387.79,5,4,4,13,544,Champions,0,New Potentials,"Welcome series, onboarding discounts, education content"
12953,10,1,329.85,5,1,2,8,512,New Customers,0,New Potentials,"Welcome series, onboarding discounts, education content"
12955,1,11,4757.16,5,5,5,15,555,Champions,1,VIP Champions,"Loyalty rewards, referral programs, exclusive early access"
12956,306,1,108.07,1,1,1,3,111,Lost,3,Lost Causes,Final reactivation attempt or remove from active campaigns
12957,10,8,4017.54,5,5,5,15,555,Champions,1,VIP Champions,"Loyalty rewards, referral programs, exclusive early access"
12962,7,2,266.39,5,2,2,9,522,New Customers,0,New Potentials,"Welcome series, onboarding discounts, education content"
12963,8,8,1856.63,5,5,4,14,554,Champions,1,VIP Champions,"Loyalty rewards, referral programs, exclusive early access"
12965,89,1,771.91,2,1,3,6,213,Lost,3,Lost Causes,Final reactivation attempt or remove from active campaigns
12966,10,1,160.18,5,1,1,7,511,New Customers,0,New Potentials,"Welcome series, onboarding discounts, education content"
12967,358,2,1660.9,1,2,4,7,124,At Risk,2,Loyal Regulars,"Upsell campaigns, early access to new products, cross-sell"
12968,112,1,135.95,2,1,1,4,211,Lost,3,Lost Causes,Final reactivation attempt or remove from active campaigns
12970,7,4,452.24,5,4,2,11,542,Loyal Customers,0,New Potentials,"Welcome series, onboarding discounts, education content"
12971,4,86,11189.91,5,5,5,15,555,Champions,1,VIP Champions,"Loyalty rewards, referral programs, exclusive early access"
12974,198,1,144.8,1,1,1,3,111,Lost,3,Lost Causes,Final reactivation attempt or remove from active campaigns
12976,212,1,738.6,1,1,3,5,113,Lost,3,Lost Causes,Final reactivation attempt or remove from active campaigns
12977,156,1,39.24,2,1,1,4,211,Lost,3,Lost Causes,Final reactivation attempt or remove from active campaigns
12980,158,9,7374.900000000001,2,5,5,12,255,Can't Lose Them,2,Loyal Regulars,"Upsell campaigns, early access to new products, cross-sell"
12981,30,2,372.22,4,2,2,8,422,New Customers,0,New Potentials,"Welcome series, onboarding discounts, education content"
12982,243,1,390.54,1,1,2,4,112,Lost,3,Lost Causes,Final reactivation attempt or remove from active campaigns
12984,19,1,97.5,4,1,1,6,411,New Customers,0,New Potentials,"Welcome series, onboarding discounts, education content"
12985,1,2,1239.38,5,2,4,11,524,New Customers,0,New Potentials,"Welcome series, onboarding discounts, education content"
12987,74,2,558.7,2,2,3,7,223,At Risk,3,Lost Causes,Final reactivation attempt or remove from active campaigns
12988,292,1,535.32,1,1,3,5,113,Lost,3,Lost Causes,Final reactivation attempt or remove from active campaigns
12989,3,15,6924.11,5,5,5,15,555,Champions,1,VIP Champions,"Loyalty rewards, referral programs, exclusive early access"
12990,31,3,409.5,4,3,2,9,432,Promising,0,New Potentials,"Welcome series, onboarding discounts, education content"
12991,23,2,503.76,4,2,3,9,423,New Customers,0,New Potentials,"Welcome series, onboarding discounts, education content"
12993,23,4,414.76,4,4,2,10,442,Loyal Customers,0,New Potentials,"Welcome series, onboarding discounts, education content"
12994,4,3,974.42,5,3,4,12,534,Promising,0,New Potentials,"Welcome series, onboarding discounts, education content"
12995,85,1,211.32,2,1,1,4,211,Lost,3,Lost Causes,Final reactivation attempt or remove from active campaigns
12997,22,4,1226.89,4,4,4,12,444,Champions,2,Loyal Regulars,"Upsell campaigns, early access to new products, cross-sell"
12999,196,3,455.88,1,3,2,6,132,Need Attention,3,Lost Causes,Final reactivation attempt or remove from active campaigns
13000,107,3,534.85,2,3,3,8,233,At Risk,2,Loyal Regulars,"Upsell campaigns, early access to new products, cross-sell"
13001,4,13,9818.82,5,5,5,15,555,Champions,1,VIP Champions,"Loyalty rewards, referral programs, exclusive early access"
13002,318,1,120.95,1,1,1,3,111,Lost,3,Lost Causes,Final reactivation attempt or remove from active campaigns
13003,106,3,149.05,2,3,1,6,231,Need Attention,3,Lost Causes,Final reactivation attempt or remove from active campaigns
13004,12,18,5655.91,5,5,5,15,555,Champions,1,VIP Champions,"Loyalty rewards, referral programs, exclusive early access"
13005,174,2,513.7,2,2,3,7,223,At Risk,3,Lost Causes,Final reactivation attempt or remove from active campaigns
13006,56,1,81.57,3,1,1,5,311,Need Attention,3,Lost Causes,Final reactivation attempt or remove from active campaigns
13008,323,1,229.47,1,1,1,3,111,Lost,3,Lost Causes,Final reactivation attempt or remove from active campaigns
13011,372,1,50.55,1,1,1,3,111,Lost,3,Lost Causes,Final reactivation attempt or remove from active campaigns
13012,9,8,1661.84,5,5,4,14,554,Champions,1,VIP Champions,"Loyalty rewards, referral programs, exclusive early access"
13013,1,13,4810.9400000000005,5,5,5,15,555,Champions,1,VIP Champions,"Loyalty rewards, referral programs, exclusive early access"
13014,11,10,3466.28,5,5,5,15,555,Champions,1,VIP Champions,"Loyalty rewards, referral programs, exclusive early access"
13015,53,5,3346.28,3,4,5,12,345,Promising,2,Loyal Regulars,"Upsell campaigns, early access to new products, cross-sell"
13016,73,3,789.89,2,3,3,8,233,At Risk,2,Loyal Regulars,"Upsell campaigns, early access to new products, cross-sell"
13017,7,1,204.0,5,1,1,7,511,New Customers,0,New Potentials,"Welcome series, onboarding discounts, education content"
13018,16,28,7277.7,4,5,5,14,455,Champions,1,VIP Champions,"Loyalty rewards, referral programs, exclusive early access"
13021,4,9,2616.38,5,5,5,15,555,Champions,1,VIP Champions,"Loyalty rewards, referral programs, exclusive early access"
13023,64,2,689.9,3,2,3,8,323,Need Attention,2,Loyal Regulars,"Upsell campaigns, early access to new products, cross-sell"
13026,1,5,975.36,5,4,4,13,544,Champions,1,VIP Champions,"Loyalty rewards, referral programs, exclusive early access"
13027,114,6,6912.0,2,5,5,12,255,Can't Lose Them,2,Loyal Regulars,"Upsell campaigns, early access to new products, cross-sell"
13028,23,2,661.3199999999999,4,2,3,9,423,New Customers,0,New Potentials,"Welcome series, onboarding discounts, education content"
13029,31,3,1247.5,4,3,4,11,434,Promising,2,Loyal Regulars,"Upsell campaigns, early access to new products, cross-sell"
13030,11,2,799.48,5,2,3,10,523,New Customers,0,New Potentials,"Welcome series, onboarding discounts, education content"
13032,52,2,1010.18,3,2,4,9,324,Need Attention,2,Loyal Regulars,"Upsell campaigns, early access to new products, cross-sell"
13033,357,1,190.55,1,1,1,3,111,Lost,3,Lost Causes,Final reactivation attempt or remove from active campaigns
13034,55,2,642.77,3,2,3,8,323,Need Attention,2,Loyal Regulars,"Upsell campaigns, early access to new products, cross-sell"
13035,74,2,921.88,2,2,3,7,223,At Risk,2,Loyal Regulars,"Upsell campaigns, early access to new products, cross-sell"
13037,138,3,881.07,2,3,3,8,233,At Risk,2,Loyal Regulars,"Upsell campaigns, early access to new products, cross-sell"
13038,80,3,908.46,2,3,3,8,233,At Risk,2,Loyal Regulars,"Upsell campaigns, early access to new products, cross-sell"
13040,9,2,676.99,5,2,3,10,523,New Customers,0,New Potentials,"Welcome series, onboarding discounts, education content"
13043,273,1,516.42,1,1,3,5,113,Lost,3,Lost Causes,Final reactivation attempt or remove from active campaigns
13044,291,1,560.47,1,1,3,5,113,Lost,3,Lost Causes,Final reactivation attempt or remove from active campaigns
13045,99,1,305.28000000000003,2,1,2,5,212,Lost,3,Lost Causes,Final reactivation attempt or remove from active campaigns
13046,31,2,629.31,4,2,3,9,423,New Customers,0,New Potentials,"Welcome series, onboarding discounts, education content"
13047,32,10,3237.54,4,5,5,14,455,Champions,1,VIP Champions,"Loyalty rewards, referral programs, exclusive early access"
13048,14,4,1835.91,4,4,4,12,444,Champions,2,Loyal Regulars,"Upsell campaigns, early access to new products, cross-sell"
13049,64,2,656.6800000000001,3,2,3,8,323,Need Attention,2,Loyal Regulars,"Upsell campaigns, early access to new products, cross-sell"
13050,15,17,5836.86,4,5,5,14,455,Champions,1,VIP Champions,"Loyalty rewards, referral programs, exclusive early access"
13052,212,1,348.15000000000003,1,1,2,4,112,Lost,3,Lost Causes,Final reactivation attempt or remove from active campaigns
13055,78,3,1214.41,2,3,4,9,234,At Risk,2,Loyal Regulars,"Upsell campaigns, early access to new products, cross-sell"
13058,25,3,271.40000000000003,4,3,2,9,432,Promising,0,New Potentials,"Welcome series, onboarding discounts, education content"
13059,250,1,183.4,1,1,1,3,111,Lost,3,Lost Causes,Final reactivation attempt or remove from active campaigns
13060,254,1,307.53000000000003,1,1,2,4,112,Lost,3,Lost Causes,Final reactivation attempt or remove from active campaigns
13061,72,1,248.61,3,1,1,5,311,Need Attention,3,Lost Causes,Final reactivation attempt or remove from active campaigns
13062,191,1,346.98,1,1,2,4,112,Lost,3,Lost Causes,Final reactivation attempt or remove from active campaigns
13064,13,4,1119.49,5,4,4,13,544,Champions,2,Loyal Regulars,"Upsell campaigns, early access to new products, cross-sell"
13065,373,1,205.86,1,1,1,3,111,Lost,3,Lost Causes,Final reactivation attempt or remove from active campaigns
13066,24,2,470.8,4,2,2,8,422,New Customers,0,New Potentials,"Welcome series, onboarding discounts, education content"
13067,82,1,115.46,2,1,1,4,211,Lost,3,Lost Causes,Final reactivation attempt or remove from active campaigns
13068,10,2,344.0,5,2,2,9,522,New Customers,0,New Potentials,"Welcome series, onboarding discounts, education content"
13069,1,24,4436.12,5,5,5,15,555,Champions,1,VIP Champions,"Loyalty rewards, referral programs, exclusive early access"
13070,192,1,228.8,1,1,1,3,111,Lost,3,Lost Causes,Final reactivation attempt or remove from active campaigns
13072,267,1,177.15,1,1,1,3,111,Lost,3,Lost Causes,Final reactivation attempt or remove from active campaigns
13075,130,1,919.61,2,1,3,6,213,Lost,3,Lost Causes,Final reactivation attempt or remove from active campaigns
13077,1,4,729.27,5,4,3,12,543,Loyal Customers,0,New Potentials,"Welcome series, onboarding discounts, education content"
13078,3,26,12627.94,5,5,5,15,555,Champions,1,VIP Champions,"Loyalty rewards, referral programs, exclusive early access"
13079,4,5,220.1,5,4,1,10,541,Loyal Customers,0,New Potentials,"Welcome series, onboarding discounts, education content"
13080,179,1,58.08,2,1,1,4,211,Lost,3,Lost Causes,Final reactivation attempt or remove from active campaigns
13081,12,11,28337.38,5,5,5,15,555,Champions,1,VIP Champions,"Loyalty rewards, referral programs, exclusive early access"
13082,126,9,3613.63,2,5,5,12,255,Can't Lose Them,2,Loyal Regulars,"Upsell campaigns, early access to new products, cross-sell"
13083,4,2,303.75,5,2,2,9,522,New Customers,0,New Potentials,"Welcome series, onboarding discounts, education content"
13085,158,2,416.08,2,2,2,6,222,Lost,3,Lost Causes,Final reactivation attempt or remove from active campaigns
13089,3,97,58825.83,5,5,5,15,555,Champions,1,VIP Champions,"Loyalty rewards, referral programs, exclusive early access"
13090,9,14,8910.82,5,5,5,15,555,Champions,1,VIP Champions,"Loyalty rewards, referral programs, exclusive early access"
13091,28,1,345.82,4,1,2,7,412,New Customers,0,New Potentials,"Welcome series, onboarding discounts, education content"
13092,71,5,477.83,3,4,2,9,342,Promising,2,Loyal Regulars,"Upsell campaigns, early access to new products, cross-sell"
13093,276,8,7832.47,1,5,5,11,155,Can't Lose Them,2,Loyal Regulars,"Upsell campaigns, early access to new products, cross-sell"
13094,21,12,1927.32,4,5,4,13,454,Champions,1,VIP Champions,"Loyalty rewards, referral programs, exclusive early access"
13095,71,1,74.39999999999999,3,1,1,5,311,Need Attention,3,Lost Causes,Final reactivation attempt or remove from active campaigns
13097,33,10,6010.42,4,5,5,14,455,Champions,1,VIP Champions,"Loyalty rewards, referral programs, exclusive early access"
13098,1,28,28882.44,5,5,5,15,555,Champions,1,VIP Champions,"Loyalty rewards, referral programs, exclusive early access"
13099,99,1,207.36,2,1,1,4,211,Lost,3,Lost Causes,Final reactivation attempt or remove from active campaigns
13101,234,1,101.19,1,1,1,3,111,Lost,3,Lost Causes,Final reactivation attempt or remove from active campaigns
13102,1,24,6424.09,5,5,5,15,555,Champions,1,VIP Champions,"Loyalty rewards, referral programs, exclusive early access"
13103,40,1,243.94,3,1,1,5,311,Need Attention,3,Lost Causes,Final reactivation attempt or remove from active campaigns
13104,3,6,1098.48,5,5,4,14,554,Champions,1,VIP Champions,"Loyalty rewards, referral programs, exclusive early access"
13106,133,1,76.5,2,1,1,4,211,Lost,3,Lost Causes,Final reactivation attempt or remove from active campaigns
13107,44,4,1531.62,3,4,4,11,344,Promising,2,Loyal Regulars,"Upsell campaigns, early access to new products, cross-sell"
13108,373,1,350.06,1,1,2,4,112,Lost,3,Lost Causes,Final reactivation attempt or remove from active campaigns
13109,60,2,786.54,3,2,3,8,323,Need Attention,2,Loyal Regulars,"Upsell campaigns, early access to new products, cross-sell"
13110,31,7,1488.67,4,5,4,13,454,Champions,2,Loyal Regulars,"Upsell campaigns, early access to new products, cross-sell"
13113,1,24,12245.96,5,5,5,15,555,Champions,1,VIP Champions,"Loyalty rewards, referral programs, exclusive early access"
13115,12,4,2294.78,5,4,5,14,545,Champions,2,Loyal Regulars,"Upsell campaigns, early access to new products, cross-sell"
13116,138,1,501.14,2,1,3,6,213,Lost,3,Lost Causes,Final reactivation attempt or remove from active campaigns
13117,22,8,984.91,4,5,4,13,454,Champions,2,Loyal Regulars,"Upsell campaigns, early access to new products, cross-sell"
13118,20,5,1197.81,4,4,4,12,444,Champions,2,Loyal Regulars,"Upsell campaigns, early access to new products, cross-sell"
13120,239,1,30.6,1,1,1,3,111,Lost,3,Lost Causes,Final reactivation attempt or remove from active campaigns
13121,269,1,283.73,1,1,2,4,112,Lost,3,Lost Causes,Final reactivation attempt or remove from active campaigns
13122,94,2,922.39,2,2,3,7,223,At Risk,2,Loyal Regulars,"Upsell campaigns, early access to new products, cross-sell"
13124,90,3,3866.33,2,3,5,10,235,At Risk,2,Loyal Regulars,"Upsell campaigns, early access to new products, cross-sell"
13126,5,8,2099.64,5,5,5,15,555,Champions,1,VIP Champions,"Loyalty rewards, referral programs, exclusive early access"
13127,78,1,259.17,2,1,2,5,212,Lost,3,Lost Causes,Final reactivation attempt or remove from active campaigns
13130,94,1,64.0,2,1,1,4,211,Lost,3,Lost Causes,Final reactivation attempt or remove from active campaigns
13131,23,3,1073.3,4,3,4,11,434,Promising,2,Loyal Regulars,"Upsell campaigns, early access to new products, cross-sell"
13132,262,1,77.3,1,1,1,3,111,Lost,3,Lost Causes,Final reactivation attempt or remove from active campaigns
13133,274,2,109.8,1,2,1,4,121,Lost,3,Lost Causes,Final reactivation attempt or remove from active campaigns
13134,86,4,1793.58,2,4,4,10,244,Can't Lose Them,2,Loyal Regulars,"Upsell campaigns, early access to new products, cross-sell"
13135,197,1,3096.0,1,1,5,7,115,Lost,2,Loyal Regulars,"Upsell campaigns, early access to new products, cross-sell"
13136,56,5,2607.61,3,4,5,12,345,Promising,2,Loyal Regulars,"Upsell campaigns, early access to new products, cross-sell"
13137,11,8,3650.41,5,5,5,15,555,Champions,1,VIP Champions,"Loyalty rewards, referral programs, exclusive early access"
13138,22,6,962.39,4,5,4,13,454,Champions,2,Loyal Regulars,"Upsell campaigns, early access to new products, cross-sell"
13139,16,7,5064.9400000000005,4,5,5,14,455,Champions,1,VIP Champions,"Loyalty rewards, referral programs, exclusive early access"
13140,108,3,423.72,2,3,2,7,232,Need Attention,3,Lost Causes,Final reactivation attempt or remove from active campaigns
13141,85,5,2388.75,2,4,5,11,245,Can't Lose Them,2,Loyal Regulars,"Upsell campaigns, early access to new products, cross-sell"
13142,19,1,307.09000000000003,4,1,2,7,412,New Customers,0,New Potentials,"Welcome series, onboarding discounts, education content"
13144,333,1,110.95,1,1,1,3,111,Lost,3,Lost Causes,Final reactivation attempt or remove from active campaigns
13145,40,4,618.52,3,4,3,10,343,Promising,2,Loyal Regulars,"Upsell campaigns, early access to new products, cross-sell"
13146,26,1,228.91,4,1,1,6,411,New Customers,0,New Potentials,"Welcome series, onboarding discounts, education content"
13147,10,4,712.8,5,4,3,12,543,Loyal Customers,0,New Potentials,"Welcome series, onboarding discounts, education content"
13148,29,12,3707.12,4,5,5,14,455,Champions,1,VIP Champions,"Loyalty rewards, referral programs, exclusive early access"
13149,14,4,1676.06,4,4,4,12,444,Champions,2,Loyal Regulars,"Upsell campaigns, early access to new products, cross-sell"
13151,296,1,1257.87,1,1,4,6,114,Lost,3,Lost Causes,Final reactivation attempt or remove from active campaigns
13153,6,1,486.22,5,1,2,8,512,New Customers,0,New Potentials,"Welcome series, onboarding discounts, education content"
13155,33,4,971.76,4,4,4,12,444,Champions,2,Loyal Regulars,"Upsell campaigns, early access to new products, cross-sell"
13157,49,4,1741.22,3,4,4,11,344,Promising,2,Loyal Regulars,"Upsell campaigns, early access to new products, cross-sell"
13158,95,4,1201.06,2,4,4,10,244,Can't Lose Them,2,Loyal Regulars,"Upsell campaigns, early access to new products, cross-sell"
13159,9,4,1437.85,5,4,4,13,544,Champions,0,New Potentials,"Welcome series, onboarding discounts, education content"
13160,22,1,91.8,4,1,1,6,411,New Customers,0,New Potentials,"Welcome series, onboarding discounts, education content"
13161,313,1,112.75,1,1,1,3,111,Lost,3,Lost Causes,Final reactivation attempt or remove from active campaigns
13162,122,4,1688.29,2,4,4,10,244,Can't Lose Them,2,Loyal Regulars,"Upsell campaigns, early access to new products, cross-sell"
13165,46,2,1021.48,3,2,4,9,324,Need Attention,2,Loyal Regulars,"Upsell campaigns, early access to new products, cross-sell"
13166,283,1,417.2,1,1,2,4,112,Lost,3,Lost Causes,Final reactivation attempt or remove from active campaigns
13167,19,4,791.33,4,4,3,11,443,Loyal Customers,2,Loyal Regulars,"Upsell campaigns, early access to new products, cross-sell"
13168,36,4,1319.19,3,4,4,11,344,Promising,2,Loyal Regulars,"Upsell campaigns, early access to new products, cross-sell"
13169,64,2,712.88,3,2,3,8,323,Need Attention,2,Loyal Regulars,"Upsell campaigns, early access to new products, cross-sell"
13170,27,1,116.01,4,1,1,6,411,New Customers,0,New Potentials,"Welcome series, onboarding discounts, education content"
13171,22,3,468.41,4,3,2,9,432,Promising,0,New Potentials,"Welcome series, onboarding discounts, education content"
13173,4,2,353.65000000000003,5,2,2,9,522,New Customers,0,New Potentials,"Welcome series, onboarding discounts, education content"
13174,16,3,2817.03,4,3,5,12,435,Promising,2,Loyal Regulars,"Upsell campaigns, early access to new products, cross-sell"
13176,46,1,492.84,3,1,3,7,313,Need Attention,3,Lost Causes,Final reactivation attempt or remove from active campaigns
13177,65,1,282.45,3,1,2,6,312,Need Attention,3,Lost Causes,Final reactivation attempt or remove from active campaigns
13178,26,11,5725.47,4,5,5,14,455,Champions,1,VIP Champions,"Loyalty rewards, referral programs, exclusive early access"
13182,45,1,121.18,3,1,1,5,311,Need Attention,3,Lost Causes,Final reactivation attempt or remove from active campaigns
13183,8,9,3957.78,5,5,5,15,555,Champions,1,VIP Champions,"Loyalty rewards, referral programs, exclusive early access"
13184,15,10,1701.29,4,5,4,13,454,Champions,1,VIP Champions,"Loyalty rewards, referral programs, exclusive early access"
13185,268,1,71.4,1,1,1,3,111,Lost,3,Lost Causes,Final reactivation attempt or remove from active campaigns
13186,40,3,1575.89,3,3,4,10,334,Promising,2,Loyal Regulars,"Upsell campaigns, early access to new products, cross-sell"
13187,337,1,236.02,1,1,1,3,111,Lost,3,Lost Causes,Final reactivation attempt or remove from active campaigns
13188,11,1,114.6,5,1,1,7,511,New Customers,0,New Potentials,"Welcome series, onboarding discounts, education content"
13189,19,2,260.68,4,2,2,8,422,New Customers,0,New Potentials,"Welcome series, onboarding discounts, education content"
13192,95,2,911.94,2,2,3,7,223,At Risk,2,Loyal Regulars,"Upsell campaigns, early access to new products, cross-sell"
13193,61,1,117.88,3,1,1,5,311,Need Attention,3,Lost Causes,Final reactivation attempt or remove from active campaigns
13194,136,1,60.7,2,1,1,4,211,Lost,3,Lost Causes,Final reactivation attempt or remove from active campaigns
13196,11,4,1797.78,5,4,4,13,544,Champions,2,Loyal Regulars,"Upsell campaigns, early access to new products, cross-sell"
13198,10,6,3401.24,5,5,5,15,555,Champions,1,VIP Champions,"Loyalty rewards, referral programs, exclusive early access"
13199,4,38,9817.12,5,5,5,15,555,Champions,1,VIP Champions,"Loyalty rewards, referral programs, exclusive early access"
13200,19,4,870.09,4,4,3,11,443,Loyal Customers,2,Loyal Regulars,"Upsell campaigns, early access to new products, cross-sell"
13203,10,4,869.46,5,4,3,12,543,Loyal Customers,0,New Potentials,"Welcome series, onboarding discounts, education content"
13207,15,2,250.26,4,2,2,8,422,New Customers,0,New Potentials,"Welcome series, onboarding discounts, education content"
13208,59,6,1223.9,3,5,4,12,354,Promising,2,Loyal Regulars,"Upsell campaigns, early access to new products, cross-sell"
13209,30,8,5891.61,4,5,5,14,455,Champions,1,VIP Champions,"Loyalty rewards, referral programs, exclusive early access"
13210,94,1,353.48,2,1,2,5,212,Lost,3,Lost Causes,Final reactivation attempt or remove from active campaigns
13211,10,3,1197.42,5,3,4,12,534,Promising,0,New Potentials,"Welcome series, onboarding discounts, education content"
13212,20,3,788.08,4,3,3,10,433,Promising,0,New Potentials,"Welcome series, onboarding discounts, education content"
13213,57,5,1520.58,3,4,4,11,344,Promising,2,Loyal Regulars,"Upsell campaigns, early access to new products, cross-sell"
13216,268,1,333.74,1,1,2,4,112,Lost,3,Lost Causes,Final reactivation attempt or remove from active campaigns
13217,122,3,533.98,2,3,3,8,233,At Risk,2,Loyal Regulars,"Upsell campaigns, early access to new products, cross-sell"
13218,127,1,62.64,2,1,1,4,211,Lost,3,Lost Causes,Final reactivation attempt or remove from active campaigns
13220,78,4,819.2900000000001,2,4,3,9,243,Can't Lose Them,2,Loyal Regulars,"Upsell campaigns, early access to new products, cross-sell"
13221,240,2,847.41,1,2,3,6,123,At Risk,3,Lost Causes,Final reactivation attempt or remove from active campaigns
13223,200,2,163.2,1,2,1,4,121,Lost,3,Lost Causes,Final reactivation attempt or remove from active campaigns
13224,60,2,2155.95,3,2,5,10,325,Need Attention,2,Loyal Regulars,"Upsell campaigns, early access to new products, cross-sell"
13225,3,7,6463.84,5,5,5,15,555,Champions,1,VIP Champions,"Loyalty rewards, referral programs, exclusive early access"
13226,273,1,108.21,1,1,1,3,111,Lost,3,Lost Causes,Final reactivation attempt or remove from active campaigns
13227,202,1,257.7,1,1,2,4,112,Lost,3,Lost Causes,Final reactivation attempt or remove from active campaigns
13228,81,1,358.0,2,1,2,5,212,Lost,3,Lost Causes,Final reactivation attempt or remove from active campaigns
13229,226,1,160.95,1,1,1,3,111,Lost,3,Lost Causes,Final reactivation attempt or remove from active campaigns
13230,4,14,2806.97,5,5,5,15,555,Champions,1,VIP Champions,"Loyalty rewards, referral programs, exclusive early access"
13232,13,7,1357.6,5,5,4,14,554,Champions,1,VIP Champions,"Loyalty rewards, referral programs, exclusive early access"
13233,74,2,605.12,2,2,3,7,223,At Risk,3,Lost Causes,Final reactivation attempt or remove from active campaigns
13235,212,1,1031.07,1,1,4,6,114,Lost,3,Lost Causes,Final reactivation attempt or remove from active campaigns
13236,25,2,744.85,4,2,3,9,423,New Customers,0,New Potentials,"Welcome series, onboarding discounts, education content"
13238,17,4,700.73,4,4,3,11,443,Loyal Customers,0,New Potentials,"Welcome series, onboarding discounts, education content"
13239,262,1,329.56,1,1,2,4,112,Lost,3,Lost Causes,Final reactivation attempt or remove from active campaigns
13240,96,4,663.65,2,4,3,9,243,Can't Lose Them,2,Loyal Regulars,"Upsell campaigns, early access to new products, cross-sell"
13242,112,3,270.40000000000003,2,3,2,7,232,Need Attention,3,Lost Causes,Final reactivation attempt or remove from active campaigns
13243,203,1,600.07,1,1,3,5,113,Lost,3,Lost Causes,Final reactivation attempt or remove from active campaigns
13244,93,1,121.74,2,1,1,4,211,Lost,3,Lost Causes,Final reactivation attempt or remove from active campaigns
13245,51,1,430.5,3,1,2,6,312,Need Attention,3,Lost Causes,Final reactivation attempt or remove from active campaigns
13246,18,6,1987.3,4,5,4,13,454,Champions,2,Loyal Regulars,"Upsell campaigns, early access to new products, cross-sell"
13247,18,4,501.12,4,4,3,11,443,Loyal Customers,0,New Potentials,"Welcome series, onboarding discounts, education content"
13248,125,2,465.68,2,2,2,6,222,Lost,3,Lost Causes,Final reactivation attempt or remove from active campaigns
13249,92,3,711.41,2,3,3,8,233,At Risk,2,Loyal Regulars,"Upsell campaigns, early access to new products, cross-sell"
13253,157,2,1030.4,2,2,4,8,224,At Risk,2,Loyal Regulars,"Upsell campaigns, early access to new products, cross-sell"
13255,9,2,399.51,5,2,2,9,522,New Customers,0,New Potentials,"Welcome series, onboarding discounts, education content"
13258,12,3,698.5799999999999,5,3,3,11,533,Promising,0,New Potentials,"Welcome series, onboarding discounts, education content"
13259,62,1,292.32,3,1,2,6,312,Need Attention,3,Lost Causes,Final reactivation attempt or remove from active campaigns
13260,61,1,557.62,3,1,3,7,313,Need Attention,3,Lost Causes,Final reactivation attempt or remove from active campaigns
13261,269,2,944.1,1,2,4,7,124,At Risk,3,Lost Causes,Final reactivation attempt or remove from active campaigns
13262,263,1,200.29,1,1,1,3,111,Lost,3,Lost Causes,Final reactivation attempt or remove from active campaigns
13263,1,35,7454.07,5,5,5,15,555,Champions,1,VIP Champions,"Loyalty rewards, referral programs, exclusive early access"
13265,53,5,2107.66,3,4,5,12,345,Promising,2,Loyal Regulars,"Upsell campaigns, early access to new products, cross-sell"
13266,11,12,3834.26,5,5,5,15,555,Champions,1,VIP Champions,"Loyalty rewards, referral programs, exclusive early access"
13267,3,19,4521.49,5,5,5,15,555,Champions,1,VIP Champions,"Loyalty rewards, referral programs, exclusive early access"
13268,18,11,3214.69,4,5,5,14,455,Champions,1,VIP Champions,"Loyalty rewards, referral programs, exclusive early access"
13269,1,15,5346.2300000000005,5,5,5,15,555,Champions,1,VIP Champions,"Loyalty rewards, referral programs, exclusive early access"
13270,366,1,590.0,1,1,3,5,113,Lost,3,Lost Causes,Final reactivation attempt or remove from active campaigns
13271,37,1,217.38,3,1,1,5,311,Need Attention,3,Lost Causes,Final reactivation attempt or remove from active campaigns
13272,31,2,276.56,4,2,2,8,422,New Customers,0,New Potentials,"Welcome series, onboarding discounts, education content"
13273,113,1,138.98,2,1,1,4,211,Lost,3,Lost Causes,Final reactivation attempt or remove from active campaigns
13276,64,2,590.9300000000001,3,2,3,8,323,Need Attention,2,Loyal Regulars,"Upsell campaigns, early access to new products, cross-sell"
13277,16,4,258.4,4,4,2,10,442,Loyal Customers,0,New Potentials,"Welcome series, onboarding discounts, education content"
13278,41,1,542.73,3,1,3,7,313,Need Attention,0,New Potentials,"Welcome series, onboarding discounts, education content"
13279,78,1,137.75,2,1,1,4,211,Lost,3,Lost Causes,Final reactivation attempt or remove from active campaigns
13280,122,3,814.86,2,3,3,8,233,At Risk,2,Loyal Regulars,"Upsell campaigns, early access to new products, cross-sell"
13282,18,3,1132.14,4,3,4,11,434,Promising,2,Loyal Regulars,"Upsell campaigns, early access to new products, cross-sell"
13283,60,2,93.66,3,2,1,6,321,Need Attention,3,Lost Causes,Final reactivation attempt or remove from active campaigns
13284,331,1,201.19,1,1,1,3,111,Lost,3,Lost Causes,Final reactivation attempt or remove from active campaigns
13285,23,4,2709.12,4,4,5,13,445,Champions,2,Loyal Regulars,"Upsell campaigns, early access to new products, cross-sell"
13291,156,1,361.11,2,1,2,5,212,Lost,3,Lost Causes,Final reactivation attempt or remove from active campaigns
13292,39,2,578.94,3,2,3,8,323,Need Attention,0,New Potentials,"Welcome series, onboarding discounts, education content"
13294,190,2,873.74,1,2,3,6,123,At Risk,3,Lost Causes,Final reactivation attempt or remove from active campaigns
13295,360,1,201.2,1,1,1,3,111,Lost,3,Lost Causes,Final reactivation attempt or remove from active campaigns
13296,137,1,87.4,2,1,1,4,211,Lost,3,Lost Causes,Final reactivation attempt or remove from active campaigns
13297,8,4,2089.85,5,4,5,14,545,Champions,1,VIP Champions,"Loyalty rewards, referral programs, exclusive early access"
13298,1,1,360.0,5,1,2,8,512,New Customers,0,New Potentials,"Welcome series, onboarding discounts, education content"
13299,268,1,142.5,1,1,1,3,111,Lost,3,Lost Causes,Final reactivation attempt or remove from active campaigns
13300,169,1,371.89,2,1,2,5,212,Lost,3,Lost Causes,Final reactivation attempt or remove from active campaigns
13301,104,4,618.09,2,4,3,9,243,Can't Lose Them,2,Loyal Regulars,"Upsell campaigns, early access to new products, cross-sell"
13302,155,1,63.75,2,1,1,4,211,Lost,3,Lost Causes,Final reactivation attempt or remove from active campaigns
13304,351,1,300.42,1,1,2,4,112,Lost,3,Lost Causes,Final reactivation attempt or remove from active campaigns
13305,4,10,2000.86,5,5,4,14,554,Champions,1,VIP Champions,"Loyalty rewards, referral programs, exclusive early access"
13307,120,1,15.0,2,1,1,4,211,Lost,3,Lost Causes,Final reactivation attempt or remove from active campaigns
13308,23,3,1385.51,4,3,4,11,434,Promising,2,Loyal Regulars,"Upsell campaigns, early access to new products, cross-sell"
13309,7,5,1456.79,5,4,4,13,544,Champions,1,VIP Champions,"Loyalty rewards, referral programs, exclusive early access"
13310,28,3,1132.03,4,3,4,11,434,Promising,2,Loyal Regulars,"Upsell campaigns, early access to new products, cross-sell"
13311,4,2,598.57,5,2,3,10,523,New Customers,0,New Potentials,"Welcome series, onboarding discounts, education content"
13313,22,5,1555.3200000000002,4,4,4,12,444,Champions,2,Loyal Regulars,"Upsell campaigns, early access to new products, cross-sell"
13314,2,3,775.94,5,3,3,11,533,Promising,0,New Potentials,"Welcome series, onboarding discounts, education content"
13316,37,4,5977.73,3,4,5,12,345,Promising,2,Loyal Regulars,"Upsell campaigns, early access to new products, cross-sell"
13317,66,6,2273.68,3,5,5,13,355,Promising,2,Loyal Regulars,"Upsell campaigns, early access to new products, cross-sell"
13318,1,3,640.76,5,3,3,11,533,Promising,0,New Potentials,"Welcome series, onboarding discounts, education content"
13319,5,26,10845.55,5,5,5,15,555,Champions,1,VIP Champions,"Loyalty rewards, referral programs, exclusive early access"
13320,78,4,1548.7,2,4,4,10,244,Can't Lose Them,2,Loyal Regulars,"Upsell campaigns, early access to new products, cross-sell"
13321,72,2,567.36,3,2,3,8,323,Need Attention,3,Lost Causes,Final reactivation attempt or remove from active campaigns
13322,17,1,199.48,4,1,1,6,411,New Customers,0,New Potentials,"Welcome series, onboarding discounts, education content"
13323,3,5,787.85,5,4,3,12,543,Loyal Customers,0,New Potentials,"Welcome series, onboarding discounts, education content"
13324,36,10,7121.95,3,5,5,13,355,Promising,1,VIP Champions,"Loyalty rewards, referral programs, exclusive early access"
13325,82,1,675.3,2,1,3,6,213,Lost,3,Lost Causes,Final reactivation attempt or remove from active campaigns
13327,39,8,3627.77,3,5,5,13,355,Promising,1,VIP Champions,"Loyalty rewards, referral programs, exclusive early access"
13328,316,1,1308.48,1,1,4,6,114,Lost,3,Lost Causes,Final reactivation attempt or remove from active campaigns
13329,32,2,789.0,4,2,3,9,423,New Customers,0,New Potentials,"Welcome series, onboarding discounts, education content"
13330,93,3,1140.93,2,3,4,9,234,At Risk,2,Loyal Regulars,"Upsell campaigns, early access to new products, cross-sell"
13332,14,1,350.90000000000003,4,1,2,7,412,New Customers,0,New Potentials,"Welcome series, onboarding discounts, education content"
13334,82,3,3536.82,2,3,5,10,235,At Risk,2,Loyal Regulars,"Upsell campaigns, early access to new products, cross-sell"
13336,77,1,795.12,2,1,3,6,213,Lost,3,Lost Causes,Final reactivation attempt or remove from active campaigns
13338,158,1,487.02,2,1,2,5,212,Lost,3,Lost Causes,Final reactivation attempt or remove from active campaigns
13339,201,1,860.12,1,1,3,5,113,Lost,3,Lost Causes,Final reactivation attempt or remove from active campaigns
13340,45,7,10736.48,3,5,5,13,355,Promising,1,VIP Champions,"Loyalty rewards, referral programs, exclusive early access"
13341,261,1,775.85,1,1,3,5,113,Lost,3,Lost Causes,Final reactivation attempt or remove from active campaigns
13343,178,1,353.43,2,1,2,5,212,Lost,3,Lost Causes,Final reactivation attempt or remove from active campaigns
13344,68,3,2543.7200000000003,3,3,5,11,335,Promising,2,Loyal Regulars,"Upsell campaigns, early access to new products, cross-sell"
13345,288,1,389.5,1,1,2,4,112,Lost,3,Lost Causes,Final reactivation attempt or remove from active campaigns
13347,70,1,341.36,3,1,2,6,312,Need Attention,3,Lost Causes,Final reactivation attempt or remove from active campaigns
13348,64,1,233.76,3,1,1,5,311,Need Attention,3,Lost Causes,Final reactivation attempt or remove from active campaigns
13349,11,1,247.32,5,1,1,7,511,New Customers,0,New Potentials,"Welcome series, onboarding discounts, education content"
13350,16,2,979.12,4,2,4,10,424,New Customers,0,New Potentials,"Welcome series, onboarding discounts, education content"
13351,66,1,373.94,3,1,2,6,312,Need Attention,3,Lost Causes,Final reactivation attempt or remove from active campaigns
13352,60,1,397.98,3,1,2,6,312,Need Attention,3,Lost Causes,Final reactivation attempt or remove from active campaigns
13354,71,1,743.53,3,1,3,7,313,Need Attention,3,Lost Causes,Final reactivation attempt or remove from active campaigns
13355,122,1,674.7,2,1,3,6,213,Lost,3,Lost Causes,Final reactivation attempt or remove from active campaigns
13356,80,1,768.24,2,1,3,6,213,Lost,3,Lost Causes,Final reactivation attempt or remove from active campaigns
13357,257,1,609.95,1,1,3,5,113,Lost,3,Lost Causes,Final reactivation attempt or remove from active campaigns
13358,269,1,439.03,1,1,2,4,112,Lost,3,Lost Causes,Final reactivation attempt or remove from active campaigns
13359,64,1,439.56,3,1,2,6,312,Need Attention,3,Lost Causes,Final reactivation attempt or remove from active campaigns
13362,9,4,3090.74,5,4,5,14,545,Champions,1,VIP Champions,"Loyalty rewards, referral programs, exclusive early access"
13363,18,2,992.5,4,2,4,10,424,New Customers,0,New Potentials,"Welcome series, onboarding discounts, education content"
13364,71,1,134.96,3,1,1,5,311,Need Attention,3,Lost Causes,Final reactivation attempt or remove from active campaigns
13365,34,2,2225.37,3,2,5,10,325,Need Attention,2,Loyal Regulars,"Upsell campaigns, early access to new products, cross-sell"
13366,50,1,56.16,3,1,1,5,311,Need Attention,3,Lost Causes,Final reactivation attempt or remove from active campaigns
13368,257,2,623.4,1,2,3,6,123,At Risk,3,Lost Causes,Final reactivation attempt or remove from active campaigns
13369,366,1,308.28000000000003,1,1,2,4,112,Lost,3,Lost Causes,Final reactivation attempt or remove from active campaigns
13370,372,1,754.87,1,1,3,5,113,Lost,3,Lost Causes,Final reactivation attempt or remove from active campaigns
13372,90,1,378.64,2,1,2,5,212,Lost,3,Lost Causes,Final reactivation attempt or remove from active campaigns
13373,61,3,3312.25,3,3,5,11,335,Promising,2,Loyal Regulars,"Upsell campaigns, early access to new products, cross-sell"
13375,89,1,778.65,2,1,3,6,213,Lost,3,Lost Causes,Final reactivation attempt or remove from active campaigns
13376,99,3,1019.76,2,3,4,9,234,At Risk,2,Loyal Regulars,"Upsell campaigns, early access to new products, cross-sell"
13379,26,3,572.56,4,3,3,10,433,Promising,0,New Potentials,"Welcome series, onboarding discounts, education content"
13381,32,6,3639.31,4,5,5,14,455,Champions,2,Loyal Regulars,"Upsell campaigns, early access to new products, cross-sell"
13382,281,1,222.99,1,1,1,3,111,Lost,3,Lost Causes,Final reactivation attempt or remove from active campaigns
13384,31,7,4151.93,4,5,5,14,455,Champions,1,VIP Champions,"Loyalty rewards, referral programs, exclusive early access"
13385,330,1,534.57,1,1,3,5,113,Lost,3,Lost Causes,Final reactivation attempt or remove from active campaigns
13388,131,2,677.1,2,2,3,7,223,At Risk,3,Lost Causes,Final reactivation attempt or remove from active campaigns
13389,11,3,797.96,5,3,3,11,533,Promising,0,New Potentials,"Welcome series, onboarding discounts, education content"
13390,75,1,544.08,2,1,3,6,213,Lost,3,Lost Causes,Final reactivation attempt or remove from active campaigns
13391,204,1,59.8,1,1,1,3,111,Lost,3,Lost Causes,Final reactivation attempt or remove from active campaigns
13394,2,8,2520.02,5,5,5,15,555,Champions,1,VIP Champions,"Loyalty rewards, referral programs, exclusive early access"
13395,185,1,307.72,1,1,2,4,112,Lost,3,Lost Causes,Final reactivation attempt or remove from active campaigns
13396,29,2,1360.99,4,2,4,10,424,New Customers,2,Loyal Regulars,"Upsell campaigns, early access to new products, cross-sell"
13397,73,5,1544.13,2,4,4,10,244,Can't Lose Them,2,Loyal Regulars,"Upsell campaigns, early access to new products, cross-sell"
13398,192,1,457.34,1,1,2,4,112,Lost,3,Lost Causes,Final reactivation attempt or remove from active campaigns
13402,127,2,621.23,2,2,3,7,223,At Risk,3,Lost Causes,Final reactivation attempt or remove from active campaigns
13403,18,1,75.0,4,1,1,6,411,New Customers,0,New Potentials,"Welcome series, onboarding discounts, education content"
13404,1,2,252.49,5,2,2,9,522,New Customers,0,New Potentials,"Welcome series, onboarding discounts, education content"
13405,74,3,572.451,2,3,3,8,233,At Risk,2,Loyal Regulars,"Upsell campaigns, early access to new products, cross-sell"
13408,2,62,28117.04,5,5,5,15,555,Champions,1,VIP Champions,"Loyalty rewards, referral programs, exclusive early access"
13410,24,5,1003.06,4,4,4,12,444,Champions,2,Loyal Regulars,"Upsell campaigns, early access to new products, cross-sell"
13411,107,1,213.55,2,1,1,4,211,Lost,3,Lost Causes,Final reactivation attempt or remove from active campaigns
13414,134,3,1390.5,2,3,4,9,234,At Risk,2,Loyal Regulars,"Upsell campaigns, early access to new products, cross-sell"
13416,44,2,712.5,3,2,3,8,323,Need Attention,2,Loyal Regulars,"Upsell campaigns, early access to new products, cross-sell"
13417,5,2,640.83,5,2,3,10,523,New Customers,0,New Potentials,"Welcome series, onboarding discounts, education content"
13418,12,18,6127.43,5,5,5,15,555,Champions,1,VIP Champions,"Loyalty rewards, referral programs, exclusive early access"
13419,64,1,221.06,3,1,1,5,311,Need Attention,3,Lost Causes,Final reactivation attempt or remove from active campaigns
13420,150,2,159.85,2,2,1,5,221,Lost,3,Lost Causes,Final reactivation attempt or remove from active campaigns
13421,40,2,1851.08,3,2,4,9,324,Need Attention,2,Loyal Regulars,"Upsell campaigns, early access to new products, cross-sell"
13422,64,1,2626.3,3,1,5,9,315,Need Attention,2,Loyal Regulars,"Upsell campaigns, early access to new products, cross-sell"
13425,108,3,1624.21,2,3,4,9,234,At Risk,2,Loyal Regulars,"Upsell campaigns, early access to new products, cross-sell"
13426,1,10,3641.32,5,5,5,15,555,Champions,1,VIP Champions,"Loyalty rewards, referral programs, exclusive early access"
13427,19,3,582.6,4,3,3,10,433,Promising,0,New Potentials,"Welcome series, onboarding discounts, education content"
13428,10,1,218.47,5,1,1,7,511,New Customers,0,New Potentials,"Welcome series, onboarding discounts, education content"
13429,11,4,1006.8,5,4,4,13,544,Champions,0,New Potentials,"Welcome series, onboarding discounts, education content"
13430,19,2,679.45,4,2,3,9,423,New Customers,0,New Potentials,"Welcome series, onboarding discounts, education content"
13431,67,2,1269.1,3,2,4,9,324,Need Attention,2,Loyal Regulars,"Upsell campaigns, early access to new products, cross-sell"
13434,74,2,534.24,2,2,3,7,223,At Risk,3,Lost Causes,Final reactivation attempt or remove from active campaigns
13435,5,7,3809.89,5,5,5,15,555,Champions,1,VIP Champions,"Loyalty rewards, referral programs, exclusive early access"
13436,2,1,196.89,5,1,1,7,511,New Customers,0,New Potentials,"Welcome series, onboarding discounts, education content"
13437,14,7,3408.06,4,5,5,14,455,Champions,1,VIP Champions,"Loyalty rewards, referral programs, exclusive early access"
13439,255,1,283.71,1,1,2,4,112,Lost,3,Lost Causes,Final reactivation attempt or remove from active campaigns
13441,92,1,296.64,2,1,2,5,212,Lost,3,Lost Causes,Final reactivation attempt or remove from active campaigns
13447,23,3,1129.14,4,3,4,11,434,Promising,2,Loyal Regulars,"Upsell campaigns, early access to new products, cross-sell"
13448,17,6,3539.3700000000003,4,5,5,14,455,Champions,1,VIP Champions,"Loyalty rewards, referral programs, exclusive early access"
13449,24,1,291.88,4,1,2,7,412,New Customers,0,New Potentials,"Welcome series, onboarding discounts, education content"
13450,27,6,2043.72,4,5,4,13,454,Champions,2,Loyal Regulars,"Upsell campaigns, early access to new products, cross-sell"
13451,26,5,2976.15,4,4,5,13,445,Champions,2,Loyal Regulars,"Upsell campaigns, early access to new products, cross-sell"
13452,259,2,590.0,1,2,3,6,123,At Risk,3,Lost Causes,Final reactivation attempt or remove from active campaigns
13453,166,2,356.98,2,2,2,6,222,Lost,3,Lost Causes,Final reactivation attempt or remove from active campaigns
13455,25,2,1058.34,4,2,4,10,424,New Customers,0,New Potentials,"Welcome series, onboarding discounts, education content"
13456,18,6,1766.72,4,5,4,13,454,Champions,2,Loyal Regulars,"Upsell campaigns, early access to new products, cross-sell"
13458,7,14,9646.57,5,5,5,15,555,Champions,1,VIP Champions,"Loyalty rewards, referral programs, exclusive early access"
13460,29,2,183.44,4,2,1,7,421,New Customers,0,New Potentials,"Welcome series, onboarding discounts, education content"
13461,39,3,1445.0,3,3,4,10,334,Promising,2,Loyal Regulars,"Upsell campaigns, early access to new products, cross-sell"
13462,253,1,151.5,1,1,1,3,111,Lost,3,Lost Causes,Final reactivation attempt or remove from active campaigns
13464,58,1,674.68,3,1,3,7,313,Need Attention,3,Lost Causes,Final reactivation attempt or remove from active campaigns
13466,184,1,307.90000000000003,1,1,2,4,112,Lost,3,Lost Causes,Final reactivation attempt or remove from active campaigns
13467,11,2,1083.71,5,2,4,11,524,New Customers,0,New Potentials,"Welcome series, onboarding discounts, education content"
13468,2,37,5704.97,5,5,5,15,555,Champions,1,VIP Champions,"Loyalty rewards, referral programs, exclusive early access"
13470,99,2,165.0,2,2,1,5,221,Lost,3,Lost Causes,Final reactivation attempt or remove from active campaigns
13471,1,4,2531.58,5,4,5,14,545,Champions,1,VIP Champions,"Loyalty rewards, referral programs, exclusive early access"
13473,61,2,422.64,3,2,2,7,322,Need Attention,3,Lost Causes,Final reactivation attempt or remove from active campaigns
13474,236,1,229.59,1,1,1,3,111,Lost,3,Lost Causes,Final reactivation attempt or remove from active campaigns
13475,191,4,1431.78,1,4,4,9,144,Can't Lose Them,2,Loyal Regulars,"Upsell campaigns, early access to new products, cross-sell"
13476,179,2,1238.47,2,2,4,8,224,At Risk,2,Loyal Regulars,"Upsell campaigns, early access to new products, cross-sell"
13477,38,6,1454.58,3,5,4,12,354,Promising,2,Loyal Regulars,"Upsell campaigns, early access to new products, cross-sell"
13479,201,2,300.95,1,2,2,5,122,Lost,3,Lost Causes,Final reactivation attempt or remove from active campaigns
13481,46,5,1804.56,3,4,4,11,344,Promising,2,Loyal Regulars,"Upsell campaigns, early access to new products, cross-sell"
13482,232,1,184.64,1,1,1,3,111,Lost,3,Lost Causes,Final reactivation attempt or remove from active campaigns
13483,66,1,140.34,3,1,1,5,311,Need Attention,3,Lost Causes,Final reactivation attempt or remove from active campaigns
13484,241,1,313.8,1,1,2,4,112,Lost,3,Lost Causes,Final reactivation attempt or remove from active campaigns
13485,233,1,454.24,1,1,2,4,112,Lost,3,Lost Causes,Final reactivation attempt or remove from active campaigns
13486,78,3,1122.41,2,3,4,9,234,At Risk,2,Loyal Regulars,"Upsell campaigns, early access to new products, cross-sell"
13487,58,3,575.4,3,3,3,9,333,Promising,2,Loyal Regulars,"Upsell campaigns, early access to new products, cross-sell"
13488,17,13,8968.31,4,5,5,14,455,Champions,1,VIP Champions,"Loyalty rewards, referral programs, exclusive early access"
13489,105,4,449.52,2,4,2,8,242,Can't Lose Them,2,Loyal Regulars,"Upsell campaigns, early access to new products, cross-sell"
13491,52,10,1215.82,3,5,4,12,354,Promising,2,Loyal Regulars,"Upsell campaigns, early access to new products, cross-sell"
13492,136,3,1269.84,2,3,4,9,234,At Risk,2,Loyal Regulars,"Upsell campaigns, early access to new products, cross-sell"
13493,275,2,618.63,1,2,3,6,123,At Risk,3,Lost Causes,Final reactivation attempt or remove from active campaigns
13494,312,1,316.26000000000005,1,1,2,4,112,Lost,3,Lost Causes,Final reactivation attempt or remove from active campaigns
13495,8,5,2044.87,5,4,4,13,544,Champions,1,VIP Champions,"Loyalty rewards, referral programs, exclusive early access"
13496,11,2,653.33,5,2,3,10,523,New Customers,0,New Potentials,"Welcome series, onboarding discounts, education content"
13497,283,2,348.05,1,2,2,5,122,Lost,3,Lost Causes,Final reactivation attempt or remove from active campaigns
13499,18,5,1159.11,4,4,4,12,444,Champions,2,Loyal Regulars,"Upsell campaigns, early access to new products, cross-sell"
13500,23,3,1166.77,4,3,4,11,434,Promising,2,Loyal Regulars,"Upsell campaigns, early access to new products, cross-sell"
13501,288,1,1340.32,1,1,4,6,114,Lost,3,Lost Causes,Final reactivation attempt or remove from active campaigns
13502,17,3,292.0,4,3,2,9,432,Promising,0,New Potentials,"Welcome series, onboarding discounts, education content"
13503,71,1,216.85,3,1,1,5,311,Need Attention,3,Lost Causes,Final reactivation attempt or remove from active campaigns
13504,64,1,295.93,3,1,2,6,312,Need Attention,3,Lost Causes,Final reactivation attempt or remove from active campaigns
13505,73,4,4393.63,2,4,5,11,245,Can't Lose Them,2,Loyal Regulars,"Upsell campaigns, early access to new products, cross-sell"
13506,316,2,458.52,1,2,2,5,122,Lost,3,Lost Causes,Final reactivation attempt or remove from active campaigns
13507,3,4,2479.16,5,4,5,14,545,Champions,1,VIP Champions,"Loyalty rewards, referral programs, exclusive early access"
13508,244,1,110.97,1,1,1,3,111,Lost,3,Lost Causes,Final reactivation attempt or remove from active campaigns
13509,9,7,979.72,5,5,4,14,554,Champions,1,VIP Champions,"Loyalty rewards, referral programs, exclusive early access"
13510,1,4,1791.56,5,4,4,13,544,Champions,1,VIP Champions,"Loyalty rewards, referral programs, exclusive early access"
13512,261,1,251.21,1,1,2,4,112,Lost,3,Lost Causes,Final reactivation attempt or remove from active campaigns
13513,127,1,205.1,2,1,1,4,211,Lost,3,Lost Causes,Final reactivation attempt or remove from active campaigns
13514,74,1,152.20000000000002,2,1,1,4,211,Lost,3,Lost Causes,Final reactivation attempt or remove from active campaigns
13515,73,4,891.12,2,4,3,9,243,Can't Lose Them,2,Loyal Regulars,"Upsell campaigns, early access to new products, cross-sell"
13516,21,3,1389.41,4,3,4,11,434,Promising,2,Loyal Regulars,"Upsell campaigns, early access to new products, cross-sell"
13517,60,3,2128.42,3,3,5,11,335,Promising,2,Loyal Regulars,"Upsell campaigns, early access to new products, cross-sell"
13518,86,1,659.44,2,1,3,6,213,Lost,3,Lost Causes,Final reactivation attempt or remove from active campaigns
13519,78,1,122.75,2,1,1,4,211,Lost,3,Lost Causes,Final reactivation attempt or remove from active campaigns
13520,59,6,3624.35,3,5,5,13,355,Promising,2,Loyal Regulars,"Upsell campaigns, early access to new products, cross-sell"
13521,1,3,1093.65,5,3,4,12,534,Promising,0,New Potentials,"Welcome series, onboarding discounts, education content"
13522,30,1,125.8,4,1,1,6,411,New Customers,0,New Potentials,"Welcome series, onboarding discounts, education content"
13523,33,5,3964.88,4,4,5,13,445,Champions,2,Loyal Regulars,"Upsell campaigns, early access to new products, cross-sell"
13524,41,5,680.1800000000001,3,4,3,10,343,Promising,2,Loyal Regulars,"Upsell campaigns, early access to new products, cross-sell"
13525,15,2,628.78,4,2,3,9,423,New Customers,0,New Potentials,"Welcome series, onboarding discounts, education content"
13527,34,7,2287.51,3,5,5,13,355,Promising,2,Loyal Regulars,"Upsell campaigns, early access to new products, cross-sell"
13529,79,2,307.76,2,2,2,6,222,Lost,3,Lost Causes,Final reactivation attempt or remove from active campaigns
13531,205,2,483.8,1,2,2,5,122,Lost,3,Lost Causes,Final reactivation attempt or remove from active campaigns
13532,34,1,210.31,3,1,1,5,311,Need Attention,0,New Potentials,"Welcome series, onboarding discounts, education content"
13533,183,3,270.79,1,3,2,6,132,Need Attention,3,Lost Causes,Final reactivation attempt or remove from active campaigns
13534,2,25,5870.08,5,5,5,15,555,Champions,1,VIP Champions,"Loyalty rewards, referral programs, exclusive early access"
13536,1,7,3448.29,5,5,5,15,555,Champions,1,VIP Champions,"Loyalty rewards, referral programs, exclusive early access"
13538,43,7,1280.85,3,5,4,12,354,Promising,2,Loyal Regulars,"Upsell campaigns, early access to new products, cross-sell"
13539,86,3,631.34,2,3,3,8,233,At Risk,2,Loyal Regulars,"Upsell campaigns, early access to new products, cross-sell"
13544,40,2,291.41,3,2,2,7,322,Need Attention,0,New Potentials,"Welcome series, onboarding discounts, education content"
13546,12,3,626.99,5,3,3,11,533,Promising,0,New Potentials,"Welcome series, onboarding discounts, education content"
13548,96,2,682.41,2,2,3,7,223,At Risk,3,Lost Causes,Final reactivation attempt or remove from active campaigns
13549,26,7,918.2,4,5,3,12,453,Loyal Customers,2,Loyal Regulars,"Upsell campaigns, early access to new products, cross-sell"
13551,319,1,91.8,1,1,1,3,111,Lost,3,Lost Causes,Final reactivation attempt or remove from active campaigns
13552,66,12,3740.07,3,5,5,13,355,Promising,1,VIP Champions,"Loyalty rewards, referral programs, exclusive early access"
13555,74,4,4149.28,2,4,5,11,245,Can't Lose Them,2,Loyal Regulars,"Upsell campaigns, early access to new products, cross-sell"
13557,28,2,584.0600000000001,4,2,3,9,423,New Customers,0,New Potentials,"Welcome series, onboarding discounts, education content"
13558,6,4,605.06,5,4,3,12,543,Loyal Customers,0,New Potentials,"Welcome series, onboarding discounts, education content"
13560,7,1,174.37,5,1,1,7,511,New Customers,0,New Potentials,"Welcome series, onboarding discounts, education content"
13561,216,1,141.86,1,1,1,3,111,Lost,3,Lost Causes,Final reactivation attempt or remove from active campaigns
13562,82,3,1799.3300000000002,2,3,4,9,234,At Risk,2,Loyal Regulars,"Upsell campaigns, early access to new products, cross-sell"
13563,84,2,777.53,2,2,3,7,223,At Risk,2,Loyal Regulars,"Upsell campaigns, early access to new products, cross-sell"
13564,144,3,1749.02,2,3,4,9,234,At Risk,2,Loyal Regulars,"Upsell campaigns, early access to new products, cross-sell"
13565,19,2,240.22,4,2,1,7,421,New Customers,0,New Potentials,"Welcome series, onboarding discounts, education content"
13566,41,2,874.71,3,2,3,8,323,Need Attention,2,Loyal Regulars,"Upsell campaigns, early access to new products, cross-sell"
13568,173,1,192.85,2,1,1,4,211,Lost,3,Lost Causes,Final reactivation attempt or remove from active campaigns
13569,17,2,373.75,4,2,2,8,422,New Customers,0,New Potentials,"Welcome series, onboarding discounts, education content"
13570,243,1,239.49,1,1,1,3,111,Lost,3,Lost Causes,Final reactivation attempt or remove from active campaigns
13571,13,12,2092.32,5,5,5,15,555,Champions,1,VIP Champions,"Loyalty rewards, referral programs, exclusive early access"
13572,206,1,1384.25,1,1,4,6,114,Lost,3,Lost Causes,Final reactivation attempt or remove from active campaigns
13573,50,2,294.40000000000003,3,2,2,7,322,Need Attention,3,Lost Causes,Final reactivation attempt or remove from active campaigns
13575,23,5,732.07,4,4,3,11,443,Loyal Customers,2,Loyal Regulars,"Upsell campaigns, early access to new products, cross-sell"
13576,10,18,6717.34,5,5,5,15,555,Champions,1,VIP Champions,"Loyalty rewards, referral programs, exclusive early access"
13577,25,4,1687.6,4,4,4,12,444,Champions,2,Loyal Regulars,"Upsell campaigns, early access to new products, cross-sell"
13579,15,2,467.04,4,2,2,8,422,New Customers,0,New Potentials,"Welcome series, onboarding discounts, education content"
13581,309,1,118.0,1,1,1,3,111,Lost,3,Lost Causes,Final reactivation attempt or remove from active campaigns
13583,156,1,781.03,2,1,3,6,213,Lost,3,Lost Causes,Final reactivation attempt or remove from active campaigns
13584,307,1,142.4,1,1,1,3,111,Lost,3,Lost Causes,Final reactivation attempt or remove from active campaigns
13587,64,1,712.4,3,1,3,7,313,Need Attention,3,Lost Causes,Final reactivation attempt or remove from active campaigns
13588,16,9,2478.95,4,5,5,14,455,Champions,1,VIP Champions,"Loyalty rewards, referral programs, exclusive early access"
13589,15,2,379.65,4,2,2,8,422,New Customers,0,New Potentials,"Welcome series, onboarding discounts, education content"
13590,11,6,1981.92,5,5,4,14,554,Champions,1,VIP Champions,"Loyalty rewards, referral programs, exclusive early access"
13591,65,3,1117.13,3,3,4,10,334,Promising,2,Loyal Regulars,"Upsell campaigns, early access to new products, cross-sell"
13592,36,4,247.96,3,4,1,8,341,Promising,0,New Potentials,"Welcome series, onboarding discounts, education content"
13593,108,5,2037.08,2,4,4,10,244,Can't Lose Them,2,Loyal Regulars,"Upsell campaigns, early access to new products, cross-sell"
13594,53,1,396.97,3,1,2,6,312,Need Attention,3,Lost Causes,Final reactivation attempt or remove from active campaigns
13596,6,2,697.04,5,2,3,10,523,New Customers,0,New Potentials,"Welcome series, onboarding discounts, education content"
13598,47,1,180.17,3,1,1,5,311,Need Attention,3,Lost Causes,Final reactivation attempt or remove from active campaigns
13599,1,21,5153.67,5,5,5,15,555,Champions,1,VIP Champions,"Loyalty rewards, referral programs, exclusive early access"
13600,312,1,219.52,1,1,1,3,111,Lost,3,Lost Causes,Final reactivation attempt or remove from active campaigns
13601,45,2,693.32,3,2,3,8,323,Need Attention,2,Loyal Regulars,"Upsell campaigns, early access to new products, cross-sell"
13602,65,1,428.89,3,1,2,6,312,Need Attention,3,Lost Causes,Final reactivation attempt or remove from active campaigns
13603,26,1,164.34,4,1,1,6,411,New Customers,0,New Potentials,"Welcome series, onboarding discounts, education content"
13606,29,3,280.54,4,3,2,9,432,Promising,0,New Potentials,"Welcome series, onboarding discounts, education content"
13607,40,1,678.01,3,1,3,7,313,Need Attention,0,New Potentials,"Welcome series, onboarding discounts, education content"
13610,12,7,1131.88,5,5,4,14,554,Champions,1,VIP Champions,"Loyalty rewards, referral programs, exclusive early access"
13611,89,3,1171.8,2,3,4,9,234,At Risk,2,Loyal Regulars,"Upsell campaigns, early access to new products, cross-sell"
13614,24,4,1610.46,4,4,4,12,444,Champions,2,Loyal Regulars,"Upsell campaigns, early access to new products, cross-sell"
13615,319,1,417.69,1,1,2,4,112,Lost,3,Lost Causes,Final reactivation attempt or remove from active campaigns
13617,40,3,544.18,3,3,3,9,333,Promising,2,Loyal Regulars,"Upsell campaigns, early access to new products, cross-sell"
13618,174,1,177.34,2,1,1,4,211,Lost,3,Lost Causes,Final reactivation attempt or remove from active campaigns
13621,117,1,213.85,2,1,1,4,211,Lost,3,Lost Causes,Final reactivation attempt or remove from active campaigns
13623,31,5,747.78,4,4,3,11,443,Loyal Customers,2,Loyal Regulars,"Upsell campaigns, early access to new products, cross-sell"
13626,253,1,257.23,1,1,2,4,112,Lost,3,Lost Causes,Final reactivation attempt or remove from active campaigns
13627,59,5,1638.47,3,4,4,11,344,Promising,2,Loyal Regulars,"Upsell campaigns, early access to new products, cross-sell"
13629,23,11,7792.36,4,5,5,14,455,Champions,1,VIP Champions,"Loyalty rewards, referral programs, exclusive early access"
13630,5,7,2031.78,5,5,4,14,554,Champions,1,VIP Champions,"Loyalty rewards, referral programs, exclusive early access"
13631,100,11,3070.42,2,5,5,12,255,Can't Lose Them,2,Loyal Regulars,"Upsell campaigns, early access to new products, cross-sell"
13632,25,5,2121.27,4,4,5,13,445,Champions,2,Loyal Regulars,"Upsell campaigns, early access to new products, cross-sell"
13634,33,5,1575.16,4,4,4,12,444,Champions,2,Loyal Regulars,"Upsell campaigns, early access to new products, cross-sell"
13635,68,1,1071.03,3,1,4,8,314,Need Attention,3,Lost Causes,Final reactivation attempt or remove from active campaigns
13636,37,5,949.12,3,4,4,11,344,Promising,2,Loyal Regulars,"Upsell campaigns, early access to new products, cross-sell"
13637,52,3,810.5,3,3,3,9,333,Promising,2,Loyal Regulars,"Upsell campaigns, early access to new products, cross-sell"
13638,16,1,122.64,4,1,1,6,411,New Customers,0,New Potentials,"Welcome series, onboarding discounts, education content"
13639,74,1,1033.34,2,1,4,7,214,Lost,3,Lost Causes,Final reactivation attempt or remove from active campaigns
13642,216,1,354.8,1,1,2,4,112,Lost,3,Lost Causes,Final reactivation attempt or remove from active campaigns
13643,31,3,519.44,4,3,3,10,433,Promising,0,New Potentials,"Welcome series, onboarding discounts, education content"
13644,16,4,2624.26,4,4,5,13,445,Champions,2,Loyal Regulars,"Upsell campaigns, early access to new products, cross-sell"
13645,120,1,252.1,2,1,2,5,212,Lost,3,Lost Causes,Final reactivation attempt or remove from active campaigns
13647,10,4,1678.12,5,4,4,13,544,Champions,2,Loyal Regulars,"Upsell campaigns, early access to new products, cross-sell"
13649,257,2,346.6,1,2,2,5,122,Lost,3,Lost Causes,Final reactivation attempt or remove from active campaigns
13650,17,6,1836.34,4,5,4,13,454,Champions,2,Loyal Regulars,"Upsell campaigns, early access to new products, cross-sell"
13651,35,2,94.2,3,2,1,6,321,Need Attention,0,New Potentials,"Welcome series, onboarding discounts, education content"
13652,46,3,1095.08,3,3,4,10,334,Promising,2,Loyal Regulars,"Upsell campaigns, early access to new products, cross-sell"
13654,43,6,2707.33,3,5,5,13,355,Promising,2,Loyal Regulars,"Upsell campaigns, early access to new products, cross-sell"
13655,114,2,932.97,2,2,3,7,223,At Risk,2,Loyal Regulars,"Upsell campaigns, early access to new products, cross-sell"
13656,165,2,379.65,2,2,2,6,222,Lost,3,Lost Causes,Final reactivation attempt or remove from active campaigns
13657,11,2,382.14,5,2,2,9,522,New Customers,0,New Potentials,"Welcome series, onboarding discounts, education content"
13658,10,5,2639.17,5,4,5,14,545,Champions,1,VIP Champions,"Loyalty rewards, referral programs, exclusive early access"
13659,206,2,1573.2,1,2,4,7,124,At Risk,2,Loyal Regulars,"Upsell campaigns, early access to new products, cross-sell"
13662,86,3,897.76,2,3,3,8,233,At Risk,2,Loyal Regulars,"Upsell campaigns, early access to new products, cross-sell"
13663,179,1,189.47,2,1,1,4,211,Lost,3,Lost Causes,Final reactivation attempt or remove from active campaigns
13666,60,3,84.65,3,3,1,7,331,Promising,3,Lost Causes,Final reactivation attempt or remove from active campaigns
13667,149,1,305.02,2,1,2,5,212,Lost,3,Lost Causes,Final reactivation attempt or remove from active campaigns
13668,3,21,6363.59,5,5,5,15,555,Champions,1,VIP Champions,"Loyalty rewards, referral programs, exclusive early access"
13669,51,2,218.55,3,2,1,6,321,Need Attention,3,Lost Causes,Final reactivation attempt or remove from active campaigns
13670,75,1,349.7,2,1,2,5,212,Lost,3,Lost Causes,Final reactivation attempt or remove from active campaigns
13672,301,2,186.39,1,2,1,4,121,Lost,3,Lost Causes,Final reactivation attempt or remove from active campaigns
13673,19,2,396.92,4,2,2,8,422,New Customers,0,New Potentials,"Welcome series, onboarding discounts, education content"
13675,151,2,486.8200000000001,2,2,2,6,222,Lost,3,Lost Causes,Final reactivation attempt or remove from active campaigns
13678,152,1,232.6,2,1,1,4,211,Lost,3,Lost Causes,Final reactivation attempt or remove from active campaigns
13680,1,4,3722.42,5,4,5,14,545,Champions,1,VIP Champions,"Loyalty rewards, referral programs, exclusive early access"
13681,18,4,827.83,4,4,3,11,443,Loyal Customers,2,Loyal Regulars,"Upsell campaigns, early access to new products, cross-sell"
13682,187,1,59.5,1,1,1,3,111,Lost,3,Lost Causes,Final reactivation attempt or remove from active campaigns
13684,286,1,67.23,1,1,1,3,111,Lost,3,Lost Causes,Final reactivation attempt or remove from active campaigns
13685,3,7,3119.44,5,5,5,15,555,Champions,1,VIP Champions,"Loyalty rewards, referral programs, exclusive early access"
13686,183,1,72.0,1,1,1,3,111,Lost,3,Lost Causes,Final reactivation attempt or remove from active campaigns
13689,63,1,910.0,3,1,3,7,313,Need Attention,3,Lost Causes,Final reactivation attempt or remove from active campaigns
13690,59,1,172.25,3,1,1,5,311,Need Attention,3,Lost Causes,Final reactivation attempt or remove from active campaigns
13692,25,3,1488.32,4,3,4,11,434,Promising,2,Loyal Regulars,"Upsell campaigns, early access to new products, cross-sell"
13694,4,50,65039.62,5,5,5,15,555,Champions,1,VIP Champions,"Loyalty rewards, referral programs, exclusive early access"
13695,31,15,2504.13,4,5,5,14,455,Champions,1,VIP Champions,"Loyalty rewards, referral programs, exclusive early access"
13697,39,1,151.3,3,1,1,5,311,Need Attention,3,Lost Causes,Final reactivation attempt or remove from active campaigns
13699,155,1,308.58000000000004,2,1,2,5,212,Lost,3,Lost Causes,Final reactivation attempt or remove from active campaigns
13700,26,10,2265.12,4,5,5,14,455,Champions,1,VIP Champions,"Loyalty rewards, referral programs, exclusive early access"
13703,318,1,99.5,1,1,1,3,111,Lost,3,Lost Causes,Final reactivation attempt or remove from active campaigns
13704,5,9,2308.06,5,5,5,15,555,Champions,1,VIP Champions,"Loyalty rewards, referral programs, exclusive early access"
13705,8,3,711.86,5,3,3,11,533,Promising,0,New Potentials,"Welcome series, onboarding discounts, education content"
13706,303,1,330.79,1,1,2,4,112,Lost,3,Lost Causes,Final reactivation attempt or remove from active campaigns
13707,267,2,806.41,1,2,3,6,123,At Risk,3,Lost Causes,Final reactivation attempt or remove from active campaigns
13708,271,1,296.88,1,1,2,4,112,Lost,3,Lost Causes,Final reactivation attempt or remove from active campaigns
13709,4,13,6328.05,5,5,5,15,555,Champions,1,VIP Champions,"Loyalty rewards, referral programs, exclusive early access"
13710,32,1,180.48,4,1,1,6,411,New Customers,0,New Potentials,"Welcome series, onboarding discounts, education content"
13711,219,2,252.06,1,2,2,5,122,Lost,3,Lost Causes,Final reactivation attempt or remove from active campaigns
13712,247,1,228.84,1,1,1,3,111,Lost,3,Lost Causes,Final reactivation attempt or remove from active campaigns
13715,281,5,1079.34,1,4,4,9,144,Can't Lose Them,2,Loyal Regulars,"Upsell campaigns, early access to new products, cross-sell"
13716,269,1,138.28,1,1,1,3,111,Lost,3,Lost Causes,Final reactivation attempt or remove from active campaigns
13717,32,6,1445.01,4,5,4,13,454,Champions,2,Loyal Regulars,"Upsell campaigns, early access to new products, cross-sell"
13718,246,2,306.55,1,2,2,5,122,Lost,3,Lost Causes,Final reactivation attempt or remove from active campaigns
13719,15,5,1041.68,4,4,4,12,444,Champions,2,Loyal Regulars,"Upsell campaigns, early access to new products, cross-sell"
13720,117,4,799.9,2,4,3,9,243,Can't Lose Them,2,Loyal Regulars,"Upsell campaigns, early access to new products, cross-sell"
13721,36,1,524.14,3,1,3,7,313,Need Attention,0,New Potentials,"Welcome series, onboarding discounts, education content"
13722,132,3,2375.41,2,3,5,10,235,At Risk,2,Loyal Regulars,"Upsell campaigns, early access to new products, cross-sell"
13723,217,1,199.85,1,1,1,3,111,Lost,3,Lost Causes,Final reactivation attempt or remove from active campaigns
13725,50,8,1980.56,3,5,4,12,354,Promising,2,Loyal Regulars,"Upsell campaigns, early access to new products, cross-sell"
13726,39,2,1079.66,3,2,4,9,324,Need Attention,2,Loyal Regulars,"Upsell campaigns, early access to new products, cross-sell"
13727,29,2,333.48,4,2,2,8,422,New Customers,0,New Potentials,"Welcome series, onboarding discounts, education content"
13728,37,6,1016.14,3,5,4,12,354,Promising,2,Loyal Regulars,"Upsell campaigns, early access to new products, cross-sell"
13730,136,2,752.6,2,2,3,7,223,At Risk,3,Lost Causes,Final reactivation attempt or remove from active campaigns
13731,219,2,610.59,1,2,3,6,123,At Risk,3,Lost Causes,Final reactivation attempt or remove from active campaigns
13732,28,1,491.86,4,1,3,8,413,New Customers,0,New Potentials,"Welcome series, onboarding discounts, education content"
13735,25,4,2885.24,4,4,5,13,445,Champions,2,Loyal Regulars,"Upsell campaigns, early access to new products, cross-sell"
13736,5,2,731.9,5,2,3,10,523,New Customers,0,New Potentials,"Welcome series, onboarding discounts, education content"
13737,200,1,339.6,1,1,2,4,112,Lost,3,Lost Causes,Final reactivation attempt or remove from active campaigns
13739,18,1,216.9,4,1,1,6,411,New Customers,0,New Potentials,"Welcome series, onboarding discounts, education content"
13740,241,1,350.75,1,1,2,4,112,Lost,3,Lost Causes,Final reactivation attempt or remove from active campaigns
13741,72,3,668.4300000000001,3,3,3,9,333,Promising,2,Loyal Regulars,"Upsell campaigns, early access to new products, cross-sell"
13742,17,12,3131.02,4,5,5,14,455,Champions,1,VIP Champions,"Loyalty rewards, referral programs, exclusive early access"
13743,3,7,1341.6,5,5,4,14,554,Champions,1,VIP Champions,"Loyalty rewards, referral programs, exclusive early access"
13744,95,2,1156.36,2,2,4,8,224,At Risk,2,Loyal Regulars,"Upsell campaigns, early access to new products, cross-sell"
13745,162,1,300.04,2,1,2,5,212,Lost,3,Lost Causes,Final reactivation attempt or remove from active campaigns
13747,374,1,79.6,1,1,1,3,111,Lost,3,Lost Causes,Final reactivation attempt or remove from active campaigns
13748,96,5,948.25,2,4,4,10,244,Can't Lose Them,2,Loyal Regulars,"Upsell campaigns, early access to new products, cross-sell"
13750,54,5,1647.26,3,4,4,11,344,Promising,2,Loyal Regulars,"Upsell campaigns, early access to new products, cross-sell"
13751,288,1,296.25,1,1,2,4,112,Lost,3,Lost Causes,Final reactivation attempt or remove from active campaigns
13752,124,6,1186.28,2,5,4,11,254,Can't Lose Them,2,Loyal Regulars,"Upsell campaigns, early access to new products, cross-sell"
13753,288,1,741.26,1,1,3,5,113,Lost,3,Lost Causes,Final reactivation attempt or remove from active campaigns
13754,152,2,282.6,2,2,2,6,222,Lost,3,Lost Causes,Final reactivation attempt or remove from active campaigns
13755,4,9,2161.35,5,5,5,15,555,Champions,1,VIP Champions,"Loyalty rewards, referral programs, exclusive early access"
13756,2,14,5189.52,5,5,5,15,555,Champions,1,VIP Champions,"Loyalty rewards, referral programs, exclusive early access"
13758,12,7,3190.55,5,5,5,15,555,Champions,1,VIP Champions,"Loyalty rewards, referral programs, exclusive early access"
13759,33,2,659.4100000000001,4,2,3,9,423,New Customers,0,New Potentials,"Welcome series, onboarding discounts, education content"
13760,54,2,286.79,3,2,2,7,322,Need Attention,3,Lost Causes,Final reactivation attempt or remove from active campaigns
13761,50,2,1070.65,3,2,4,9,324,Need Attention,2,Loyal Regulars,"Upsell campaigns, early access to new products, cross-sell"
13762,219,1,306.72,1,1,2,4,112,Lost,3,Lost Causes,Final reactivation attempt or remove from active campaigns
13763,63,1,1714.96,3,1,4,8,314,Need Attention,2,Loyal Regulars,"Upsell campaigns, early access to new products, cross-sell"
13764,71,3,1521.76,3,3,4,10,334,Promising,2,Loyal Regulars,"Upsell campaigns, early access to new products, cross-sell"
13767,2,37,17220.36,5,5,5,15,555,Champions,1,VIP Champions,"Loyalty rewards, referral programs, exclusive early access"
13769,2,10,2796.51,5,5,5,15,555,Champions,1,VIP Champions,"Loyalty rewards, referral programs, exclusive early access"
13771,64,4,2634.45,3,4,5,12,345,Promising,2,Loyal Regulars,"Upsell campaigns, early access to new products, cross-sell"
13772,34,3,1132.13,3,3,4,10,334,Promising,2,Loyal Regulars,"Upsell campaigns, early access to new products, cross-sell"
13774,82,1,345.0,2,1,2,5,212,Lost,3,Lost Causes,Final reactivation attempt or remove from active campaigns
13777,1,33,25977.16,5,5,5,15,555,Champions,1,VIP Champions,"Loyalty rewards, referral programs, exclusive early access"
13778,103,1,178.7,2,1,1,4,211,Lost,3,Lost Causes,Final reactivation attempt or remove from active campaigns
13780,7,2,360.01,5,2,2,9,522,New Customers,0,New Potentials,"Welcome series, onboarding discounts, education content"
13781,251,1,127.84,1,1,1,3,111,Lost,3,Lost Causes,Final reactivation attempt or remove from active campaigns
13782,13,6,912.0,5,5,3,13,553,Loyal Customers,2,Loyal Regulars,"Upsell campaigns, early access to new products, cross-sell"
13784,10,11,2462.79,5,5,5,15,555,Champions,1,VIP Champions,"Loyalty rewards, referral programs, exclusive early access"
13786,367,1,230.4,1,1,1,3,111,Lost,3,Lost Causes,Final reactivation attempt or remove from active campaigns
13787,76,2,309.04,2,2,2,6,222,Lost,3,Lost Causes,Final reactivation attempt or remove from active campaigns
13790,4,1,348.79999999999995,5,1,2,8,512,New Customers,0,New Potentials,"Welcome series, onboarding discounts, education content"
13791,128,2,1516.0,2,2,4,8,224,At Risk,2,Loyal Regulars,"Upsell campaigns, early access to new products, cross-sell"
13792,66,2,195.55,3,2,1,6,321,Need Attention,3,Lost Causes,Final reactivation attempt or remove from active campaigns
13798,1,57,37153.85,5,5,5,15,555,Champions,1,VIP Champions,"Loyalty rewards, referral programs, exclusive early access"
13799,117,2,688.86,2,2,3,7,223,At Risk,3,Lost Causes,Final reactivation attempt or remove from active campaigns
13800,310,1,558.32,1,1,3,5,113,Lost,3,Lost Causes,Final reactivation attempt or remove from active campaigns
13801,67,1,324.8,3,1,2,6,312,Need Attention,3,Lost Causes,Final reactivation attempt or remove from active campaigns
13802,139,3,4599.42,2,3,5,10,235,At Risk,2,Loyal Regulars,"Upsell campaigns, early access to new products, cross-sell"
13803,255,1,277.07,1,1,2,4,112,Lost,3,Lost Causes,Final reactivation attempt or remove from active campaigns
13804,31,7,2635.79,4,5,5,14,455,Champions,2,Loyal Regulars,"Upsell campaigns, early access to new products, cross-sell"
13805,52,2,924.6,3,2,3,8,323,Need Attention,2,Loyal Regulars,"Upsell campaigns, early access to new products, cross-sell"
13806,64,1,256.38,3,1,2,6,312,Need Attention,3,Lost Causes,Final reactivation attempt or remove from active campaigns
13807,367,1,112.6,1,1,1,3,111,Lost,3,Lost Causes,Final reactivation attempt or remove from active campaigns
13808,6,5,1747.66,5,4,4,13,544,Champions,1,VIP Champions,"Loyalty rewards, referral programs, exclusive early access"
13809,305,1,155.05,1,1,1,3,111,Lost,3,Lost Causes,Final reactivation attempt or remove from active campaigns
13810,29,3,1499.01,4,3,4,11,434,Promising,2,Loyal Regulars,"Upsell campaigns, early access to new products, cross-sell"
13811,184,3,814.5,1,3,3,7,133,At Risk,2,Loyal Regulars,"Upsell campaigns, early access to new products, cross-sell"
13812,42,3,539.0,3,3,3,9,333,Promising,2,Loyal Regulars,"Upsell campaigns, early access to new products, cross-sell"
13813,40,4,1366.86,3,4,4,11,344,Promising,2,Loyal Regulars,"Upsell campaigns, early access to new products, cross-sell"
13814,92,2,1579.12,2,2,4,8,224,At Risk,2,Loyal Regulars,"Upsell campaigns, early access to new products, cross-sell"
13815,22,4,4027.36,4,4,5,13,445,Champions,2,Loyal Regulars,"Upsell campaigns, early access to new products, cross-sell"
13816,24,2,571.6700000000001,4,2,3,9,423,New Customers,0,New Potentials,"Welcome series, onboarding discounts, education content"
13817,29,2,382.98,4,2,2,8,422,New Customers,0,New Potentials,"Welcome series, onboarding discounts, education content"
13819,302,3,1140.35,1,3,4,8,134,At Risk,2,Loyal Regulars,"Upsell campaigns, early access to new products, cross-sell"
13821,145,2,385.64,2,2,2,6,222,Lost,3,Lost Causes,Final reactivation attempt or remove from active campaigns
13822,6,2,632.0,5,2,3,10,523,New Customers,0,New Potentials,"Welcome series, onboarding discounts, education content"
13823,19,2,957.66,4,2,4,10,424,New Customers,0,New Potentials,"Welcome series, onboarding discounts, education content"
13824,33,5,1698.94,4,4,4,12,444,Champions,2,Loyal Regulars,"Upsell campaigns, early access to new products, cross-sell"
13826,176,1,189.5,2,1,1,4,211,Lost,3,Lost Causes,Final reactivation attempt or remove from active campaigns
13827,58,3,412.05,3,3,2,8,332,Promising,2,Loyal Regulars,"Upsell campaigns, early access to new products, cross-sell"
13828,22,1,209.49,4,1,1,6,411,New Customers,0,New Potentials,"Welcome series, onboarding discounts, education content"
13831,16,6,2202.99,4,5,5,14,455,Champions,1,VIP Champions,"Loyalty rewards, referral programs, exclusive early access"
13832,19,1,52.2,4,1,1,6,411,New Customers,0,New Potentials,"Welcome series, onboarding discounts, education content"
13833,159,1,384.8,2,1,2,5,212,Lost,3,Lost Causes,Final reactivation attempt or remove from active campaigns
13835,25,4,834.57,4,4,3,11,443,Loyal Customers,2,Loyal Regulars,"Upsell campaigns, early access to new products, cross-sell"
13837,212,2,271.24,1,2,2,5,122,Lost,3,Lost Causes,Final reactivation attempt or remove from active campaigns
13838,6,4,691.73,5,4,3,12,543,Loyal Customers,0,New Potentials,"Welcome series, onboarding discounts, education content"
13841,253,1,85.0,1,1,1,3,111,Lost,3,Lost Causes,Final reactivation attempt or remove from active campaigns
13842,59,9,3385.62,3,5,5,13,355,Promising,2,Loyal Regulars,"Upsell campaigns, early access to new products, cross-sell"
13844,11,1,361.62,5,1,2,8,512,New Customers,0,New Potentials,"Welcome series, onboarding discounts, education content"
13845,65,1,312.98,3,1,2,6,312,Need Attention,3,Lost Causes,Final reactivation attempt or remove from active campaigns
13846,25,3,865.0600000000001,4,3,3,10,433,Promising,2,Loyal Regulars,"Upsell campaigns, early access to new products, cross-sell"
13848,92,3,1255.0,2,3,4,9,234,At Risk,2,Loyal Regulars,"Upsell campaigns, early access to new products, cross-sell"
13849,52,2,1537.95,3,2,4,9,324,Need Attention,2,Loyal Regulars,"Upsell campaigns, early access to new products, cross-sell"
13850,129,1,1595.48,2,1,4,7,214,Lost,2,Loyal Regulars,"Upsell campaigns, early access to new products, cross-sell"
13851,96,3,2651.46,2,3,5,10,235,At Risk,2,Loyal Regulars,"Upsell campaigns, early access to new products, cross-sell"
13853,57,1,1090.14,3,1,4,8,314,Need Attention,2,Loyal Regulars,"Upsell campaigns, early access to new products, cross-sell"
13854,9,25,8109.519999999999,5,5,5,15,555,Champions,1,VIP Champions,"Loyalty rewards, referral programs, exclusive early access"
13856,169,3,388.5,2,3,2,7,232,Need Attention,3,Lost Causes,Final reactivation attempt or remove from active campaigns
13858,57,1,216.17,3,1,1,5,311,Need Attention,3,Lost Causes,Final reactivation attempt or remove from active campaigns
13859,326,1,201.16,1,1,1,3,111,Lost,3,Lost Causes,Final reactivation attempt or remove from active campaigns
13860,1,5,1245.9,5,4,4,13,544,Champions,1,VIP Champions,"Loyalty rewards, referral programs, exclusive early access"
13862,18,8,2209.36,4,5,5,14,455,Champions,1,VIP Champions,"Loyalty rewards, referral programs, exclusive early access"
13863,248,1,305.78,1,1,2,4,112,Lost,3,Lost Causes,Final reactivation attempt or remove from active campaigns
13865,58,4,501.56,3,4,3,10,343,Promising,2,Loyal Regulars,"Upsell campaigns, early access to new products, cross-sell"
13866,74,1,145.67,2,1,1,4,211,Lost,3,Lost Causes,Final reactivation attempt or remove from active campaigns
13867,31,3,1015.29,4,3,4,11,434,Promising,2,Loyal Regulars,"Upsell campaigns, early access to new products, cross-sell"
13868,7,2,3192.54,5,2,5,12,525,New Customers,0,New Potentials,"Welcome series, onboarding discounts, education content"
13869,123,4,3104.9500000000003,2,4,5,11,245,Can't Lose Them,2,Loyal Regulars,"Upsell campaigns, early access to new products, cross-sell"
13870,2,8,2770.94,5,5,5,15,555,Champions,1,VIP Champions,"Loyalty rewards, referral programs, exclusive early access"
13871,23,13,6403.25,4,5,5,14,455,Champions,1,VIP Champions,"Loyalty rewards, referral programs, exclusive early access"
13873,120,3,389.6,2,3,2,7,232,Need Attention,3,Lost Causes,Final reactivation attempt or remove from active campaigns
13874,358,1,540.45,1,1,3,5,113,Lost,3,Lost Causes,Final reactivation attempt or remove from active campaigns
13875,54,5,1786.79,3,4,4,11,344,Promising,2,Loyal Regulars,"Upsell campaigns, early access to new products, cross-sell"
13876,64,1,122.7,3,1,1,5,311,Need Attention,3,Lost Causes,Final reactivation attempt or remove from active campaigns
13877,86,1,117.24,2,1,1,4,211,Lost,3,Lost Causes,Final reactivation attempt or remove from active campaigns
13878,55,1,1281.53,3,1,4,8,314,Need Attention,2,Loyal Regulars,"Upsell campaigns, early access to new products, cross-sell"
13880,21,13,3219.77,4,5,5,14,455,Champions,1,VIP Champions,"Loyalty rewards, referral programs, exclusive early access"
13881,4,20,17159.52,5,5,5,15,555,Champions,1,VIP Champions,"Loyalty rewards, referral programs, exclusive early access"
13882,3,5,1191.13,5,4,4,13,544,Champions,1,VIP Champions,"Loyalty rewards, referral programs, exclusive early access"
13883,11,5,2674.48,5,4,5,14,545,Champions,1,VIP Champions,"Loyalty rewards, referral programs, exclusive early access"
13884,7,5,787.6,5,4,3,12,543,Loyal Customers,0,New Potentials,"Welcome series, onboarding discounts, education content"
13885,189,2,506.8,1,2,3,6,123,At Risk,3,Lost Causes,Final reactivation attempt or remove from active campaigns
13886,71,1,243.56,3,1,1,5,311,Need Attention,3,Lost Causes,Final reactivation attempt or remove from active campaigns
13887,204,1,349.55,1,1,2,4,112,Lost,3,Lost Causes,Final reactivation attempt or remove from active campaigns
13888,120,2,605.63,2,2,3,7,223,At Risk,3,Lost Causes,Final reactivation attempt or remove from active campaigns
13889,93,1,416.9,2,1,2,5,212,Lost,3,Lost Causes,Final reactivation attempt or remove from active campaigns
13890,1,10,1883.81,5,5,4,14,554,Champions,1,VIP Champions,"Loyalty rewards, referral programs, exclusive early access"
13892,27,4,632.97,4,4,3,11,443,Loyal Customers,2,Loyal Regulars,"Upsell campaigns, early access to new products, cross-sell"
13893,298,1,821.1,1,1,3,5,113,Lost,3,Lost Causes,Final reactivation attempt or remove from active campaigns
13894,24,3,564.62,4,3,3,10,433,Promising,0,New Potentials,"Welcome series, onboarding discounts, education content"
13895,28,4,2593.07,4,4,5,13,445,Champions,2,Loyal Regulars,"Upsell campaigns, early access to new products, cross-sell"
13897,50,1,311.16,3,1,2,6,312,Need Attention,3,Lost Causes,Final reactivation attempt or remove from active campaigns
13898,326,1,155.93,1,1,1,3,111,Lost,3,Lost Causes,Final reactivation attempt or remove from active campaigns
13899,16,2,388.52,4,2,2,8,422,New Customers,0,New Potentials,"Welcome series, onboarding discounts, education content"
13900,183,3,740.95,1,3,3,7,133,At Risk,2,Loyal Regulars,"Upsell campaigns, early access to new products, cross-sell"
13901,72,5,2867.2000000000003,3,4,5,12,345,Promising,2,Loyal Regulars,"Upsell campaigns, early access to new products, cross-sell"
13904,37,2,332.64,3,2,2,7,322,Need Attention,0,New Potentials,"Welcome series, onboarding discounts, education content"
13908,80,4,2369.55,2,4,5,11,245,Can't Lose Them,2,Loyal Regulars,"Upsell campaigns, early access to new products, cross-sell"
13911,57,9,2580.91,3,5,5,13,355,Promising,2,Loyal Regulars,"Upsell campaigns, early access to new products, cross-sell"
13914,12,2,626.45,5,2,3,10,523,New Customers,0,New Potentials,"Welcome series, onboarding discounts, education content"
13917,50,2,272.04,3,2,2,7,322,Need Attention,3,Lost Causes,Final reactivation attempt or remove from active campaigns
13918,50,2,1212.84,3,2,4,9,324,Need Attention,2,Loyal Regulars,"Upsell campaigns, early access to new products, cross-sell"
13919,59,2,384.81,3,2,2,7,322,Need Attention,3,Lost Causes,Final reactivation attempt or remove from active campaigns
13922,352,1,172.25,1,1,1,3,111,Lost,3,Lost Causes,Final reactivation attempt or remove from active campaigns
13923,54,1,351.13,3,1,2,6,312,Need Attention,3,Lost Causes,Final reactivation attempt or remove from active campaigns
13924,2,6,1838.85,5,5,4,14,554,Champions,1,VIP Champions,"Loyalty rewards, referral programs, exclusive early access"
13925,93,4,678.25,2,4,3,9,243,Can't Lose Them,2,Loyal Regulars,"Upsell campaigns, early access to new products, cross-sell"
13926,23,1,223.85,4,1,1,6,411,New Customers,0,New Potentials,"Welcome series, onboarding discounts, education content"
13927,75,1,348.99,2,1,2,5,212,Lost,3,Lost Causes,Final reactivation attempt or remove from active campaigns
13928,11,4,464.57,5,4,2,11,542,Loyal Customers,0,New Potentials,"Welcome series, onboarding discounts, education content"
13929,169,2,842.65,2,2,3,7,223,At Risk,3,Lost Causes,Final reactivation attempt or remove from active campaigns
13930,58,2,337.34,3,2,2,7,322,Need Attention,3,Lost Causes,Final reactivation attempt or remove from active campaigns
13931,96,2,1237.53,2,2,4,8,224,At Risk,2,Loyal Regulars,"Upsell campaigns, early access to new products, cross-sell"
13932,295,1,307.4,1,1,2,4,112,Lost,3,Lost Causes,Final reactivation attempt or remove from active campaigns
13933,109,2,608.79,2,2,3,7,223,At Risk,3,Lost Causes,Final reactivation attempt or remove from active campaigns
13934,264,1,922.1,1,1,3,5,113,Lost,3,Lost Causes,Final reactivation attempt or remove from active campaigns
13936,180,1,376.58,1,1,2,4,112,Lost,3,Lost Causes,Final reactivation attempt or remove from active campaigns
13937,169,1,158.85,2,1,1,4,211,Lost,3,Lost Causes,Final reactivation attempt or remove from active campaigns
13938,35,1,71.66,3,1,1,5,311,Need Attention,3,Lost Causes,Final reactivation attempt or remove from active campaigns
13939,23,3,568.55,4,3,3,10,433,Promising,0,New Potentials,"Welcome series, onboarding discounts, education content"
13940,17,4,839.14,4,4,3,11,443,Loyal Customers,0,New Potentials,"Welcome series, onboarding discounts, education content"
13941,22,5,5112.96,4,4,5,13,445,Champions,1,VIP Champions,"Loyalty rewards, referral programs, exclusive early access"
13946,79,3,561.57,2,3,3,8,233,At Risk,2,Loyal Regulars,"Upsell campaigns, early access to new products, cross-sell"
13947,65,1,90.6,3,1,1,5,311,Need Attention,3,Lost Causes,Final reactivation attempt or remove from active campaigns
13948,361,1,102.0,1,1,1,3,111,Lost,3,Lost Causes,Final reactivation attempt or remove from active campaigns
13949,3,6,2427.32,5,5,5,15,555,Champions,1,VIP Champions,"Loyalty rewards, referral programs, exclusive early access"
13950,11,4,745.0600000000001,5,4,3,12,543,Loyal Customers,0,New Potentials,"Welcome series, onboarding discounts, education content"
13951,176,3,674.45,2,3,3,8,233,At Risk,2,Loyal Regulars,"Upsell campaigns, early access to new products, cross-sell"
13952,218,2,3251.071,1,2,5,8,125,At Risk,2,Loyal Regulars,"Upsell campaigns, early access to new products, cross-sell"
13953,7,7,3515.68,5,5,5,15,555,Champions,1,VIP Champions,"Loyalty rewards, referral programs, exclusive early access"
13954,2,2,439.92,5,3,2,10,532,Promising,0,New Potentials,"Welcome series, onboarding discounts, education content"
13955,154,2,322.96,2,3,2,7,232,Need Attention,3,Lost Causes,Final reactivation attempt or remove from active campaigns
13956,5,5,1026.42,5,4,4,13,544,Champions,0,New Potentials,"Welcome series, onboarding discounts, education content"
13959,79,3,598.2,2,3,3,8,233,At Risk,2,Loyal Regulars,"Upsell campaigns, early access to new products, cross-sell"
13960,21,2,230.22,4,3,1,8,431,Promising,0,New Potentials,"Welcome series, onboarding discounts, education content"
13962,22,2,169.54999999999998,4,3,1,8,431,Promising,0,New Potentials,"Welcome series, onboarding discounts, education content"
13963,308,4,664.54,1,4,3,8,143,Can't Lose Them,2,Loyal Regulars,"Upsell campaigns, early access to new products, cross-sell"
13967,146,1,80.7,2,1,1,4,211,Lost,3,Lost Causes,Final reactivation attempt or remove from active campaigns
13969,7,18,9053.94,5,5,5,15,555,Champions,1,VIP Champions,"Loyalty rewards, referral programs, exclusive early access"
13971,19,8,2758.26,4,5,5,14,455,Champions,1,VIP Champions,"Loyalty rewards, referral programs, exclusive early access"
13972,71,2,190.25,3,3,1,7,331,Promising,3,Lost Causes,Final reactivation attempt or remove from active campaigns
13973,287,1,264.7,1,1,2,4,112,Lost,3,Lost Causes,Final reactivation attempt or remove from active campaigns
13974,49,1,413.59,3,1,2,6,312,Need Attention,3,Lost Causes,Final reactivation attempt or remove from active campaigns
13975,31,6,2526.28,4,5,5,14,455,Champions,2,Loyal Regulars,"Upsell campaigns, early access to new products, cross-sell"
13976,207,1,357.98,1,1,2,4,112,Lost,3,Lost Causes,Final reactivation attempt or remove from active campaigns
13978,15,2,196.79,4,3,1,8,431,Promising,0,New Potentials,"Welcome series, onboarding discounts, education content"
13979,73,1,869.87,2,1,3,6,213,Lost,3,Lost Causes,Final reactivation attempt or remove from active campaigns
13980,60,1,200.14,3,1,1,5,311,Need Attention,3,Lost Causes,Final reactivation attempt or remove from active campaigns
13982,39,4,1871.81,3,4,4,11,344,Promising,2,Loyal Regulars,"Upsell campaigns, early access to new products, cross-sell"
13983,30,12,2603.43,4,5,5,14,455,Champions,1,VIP Champions,"Loyalty rewards, referral programs, exclusive early access"
13984,27,5,920.51,4,4,3,11,443,Loyal Customers,2,Loyal Regulars,"Upsell campaigns, early access to new products, cross-sell"
13985,4,15,7060.13,5,5,5,15,555,Champions,1,VIP Champions,"Loyalty rewards, referral programs, exclusive early access"
13986,17,1,320.46,4,1,2,7,412,New Customers,0,New Potentials,"Welcome series, onboarding discounts, education content"
13988,20,6,4147.96,4,5,5,14,455,Champions,1,VIP Champions,"Loyalty rewards, referral programs, exclusive early access"
13989,66,2,1266.08,3,3,4,10,334,Promising,2,Loyal Regulars,"Upsell campaigns, early access to new products, cross-sell"
13990,213,1,311.3,1,1,2,4,112,Lost,3,Lost Causes,Final reactivation attempt or remove from active campaigns
13991,12,6,855.97,5,5,3,13,553,Loyal Customers,2,Loyal Regulars,"Upsell campaigns, early access to new products, cross-sell"
13992,30,1,76.8,4,1,1,6,411,New Customers,3,Lost Causes,Final reactivation attempt or remove from active campaigns
13993,43,9,3466.36,3,5,5,13,355,Promising,1,VIP Champions,"Loyalty rewards, referral programs, exclusive early access"
13994,4,6,2313.14,5,5,5,15,555,Champions,1,VIP Champions,"Loyalty rewards, referral programs, exclusive early access"
13995,15,5,1393.69,4,4,4,12,444,Champions,2,Loyal Regulars,"Upsell campaigns, early access to new products, cross-sell"
13999,10,12,3901.81,5,5,5,15,555,Champions,1,VIP Champions,"Loyalty rewards, referral programs, exclusive early access"
14000,211,1,635.66,1,1,3,5,113,Lost,3,Lost Causes,Final reactivation attempt or remove from active campaigns
14001,46,3,2043.08,3,3,4,10,334,Promising,2,Loyal Regulars,"Upsell campaigns, early access to new products, cross-sell"
14002,134,2,529.73,2,3,3,8,233,At Risk,3,Lost Causes,Final reactivation attempt or remove from active campaigns
14004,43,7,4582.64,3,5,5,13,355,Promising,2,Loyal Regulars,"Upsell campaigns, early access to new products, cross-sell"
14005,10,5,2874.72,5,4,5,14,545,Champions,1,VIP Champions,"Loyalty rewards, referral programs, exclusive early access"
14006,116,3,962.19,2,3,4,9,234,At Risk,2,Loyal Regulars,"Upsell campaigns, early access to new products, cross-sell"
14009,198,2,695.61,1,3,3,7,133,At Risk,3,Lost Causes,Final reactivation attempt or remove from active campaigns
14012,278,1,328.8,1,1,2,4,112,Lost,3,Lost Causes,Final reactivation attempt or remove from active campaigns
14013,110,3,473.02,2,3,2,7,232,Need Attention,3,Lost Causes,Final reactivation attempt or remove from active campaigns
14014,77,1,505.18,2,1,3,6,213,Lost,3,Lost Causes,Final reactivation attempt or remove from active campaigns
14015,53,1,917.34,3,1,3,7,313,Need Attention,3,Lost Causes,Final reactivation attempt or remove from active campaigns
14016,162,4,4341.21,2,4,5,11,245,Can't Lose Them,2,Loyal Regulars,"Upsell campaigns, early access to new products, cross-sell"
14019,47,3,1421.61,3,3,4,10,334,Promising,2,Loyal Regulars,"Upsell campaigns, early access to new products, cross-sell"
14020,17,2,642.8,4,3,3,10,433,Promising,0,New Potentials,"Welcome series, onboarding discounts, education content"
14021,155,3,631.9,2,3,3,8,233,At Risk,2,Loyal Regulars,"Upsell campaigns, early access to new products, cross-sell"
14022,225,1,440.0,1,1,2,4,112,Lost,3,Lost Causes,Final reactivation attempt or remove from active campaigns
14023,7,2,584.07,5,3,3,11,533,Promising,0,New Potentials,"Welcome series, onboarding discounts, education content"
14024,122,2,327.7,2,3,2,7,232,Need Attention,3,Lost Causes,Final reactivation attempt or remove from active campaigns
14027,61,1,104.82,3,1,1,5,311,Need Attention,3,Lost Causes,Final reactivation attempt or remove from active campaigns
14029,63,2,467.66,3,3,2,8,332,Promising,3,Lost Causes,Final reactivation attempt or remove from active campaigns
14030,18,8,2360.09,4,5,5,14,455,Champions,1,VIP Champions,"Loyalty rewards, referral programs, exclusive early access"
14031,7,19,17286.86,5,5,5,15,555,Champions,1,VIP Champions,"Loyalty rewards, referral programs, exclusive early access"
14032,2,11,2975.59,5,5,5,15,555,Champions,1,VIP Champions,"Loyalty rewards, referral programs, exclusive early access"
14034,22,3,651.8199999999999,4,3,3,10,433,Promising,0,New Potentials,"Welcome series, onboarding discounts, education content"
14035,29,5,1428.02,4,4,4,12,444,Champions,2,Loyal Regulars,"Upsell campaigns, early access to new products, cross-sell"
14036,285,1,626.65,1,1,3,5,113,Lost,3,Lost Causes,Final reactivation attempt or remove from active campaigns
14037,176,2,147.20000000000002,2,3,1,6,231,Need Attention,3,Lost Causes,Final reactivation attempt or remove from active campaigns
14038,78,3,1560.38,2,3,4,9,234,At Risk,2,Loyal Regulars,"Upsell campaigns, early access to new products, cross-sell"
14039,33,1,152.2,4,1,1,6,411,New Customers,0,New Potentials,"Welcome series, onboarding discounts, education content"
14040,41,12,3614.92,3,5,5,13,355,Promising,1,VIP Champions,"Loyalty rewards, referral programs, exclusive early access"
14041,266,1,141.41,1,1,1,3,111,Lost,3,Lost Causes,Final reactivation attempt or remove from active campaigns
14044,27,4,652.82,4,4,3,11,443,Loyal Customers,2,Loyal Regulars,"Upsell campaigns, early access to new products, cross-sell"
14045,109,4,1659.75,2,4,4,10,244,Can't Lose Them,2,Loyal Regulars,"Upsell campaigns, early access to new products, cross-sell"
14046,284,1,154.99,1,1,1,3,111,Lost,3,Lost Causes,Final reactivation attempt or remove from active campaigns
14047,9,5,1308.61,5,4,4,13,544,Champions,2,Loyal Regulars,"Upsell campaigns, early access to new products, cross-sell"
14048,305,1,409.93,1,1,2,4,112,Lost,3,Lost Causes,Final reactivation attempt or remove from active campaigns
14049,17,4,5681.72,4,4,5,13,445,Champions,2,Loyal Regulars,"Upsell campaigns, early access to new products, cross-sell"
14050,32,2,746.36,4,3,3,10,433,Promising,0,New Potentials,"Welcome series, onboarding discounts, education content"
14051,1,23,15610.39,5,5,5,15,555,Champions,1,VIP Champions,"Loyalty rewards, referral programs, exclusive early access"
14052,20,1,225.36,4,1,1,6,411,New Customers,0,New Potentials,"Welcome series, onboarding discounts, education content"
14053,124,2,260.25,2,3,2,7,232,Need Attention,3,Lost Causes,Final reactivation attempt or remove from active campaigns
14054,65,1,92.46,3,1,1,5,311,Need Attention,3,Lost Causes,Final reactivation attempt or remove from active campaigns
14055,106,1,725.6400000000001,2,1,3,6,213,Lost,3,Lost Causes,Final reactivation attempt or remove from active campaigns
14056,1,23,8214.65,5,5,5,15,555,Champions,1,VIP Champions,"Loyalty rewards, referral programs, exclusive early access"
14057,24,17,6217.96,4,5,5,14,455,Champions,1,VIP Champions,"Loyalty rewards, referral programs, exclusive early access"
14059,267,1,183.6,1,1,1,3,111,Lost,3,Lost Causes,Final reactivation attempt or remove from active campaigns
14060,5,19,6140.42,5,5,5,15,555,Champions,1,VIP Champions,"Loyalty rewards, referral programs, exclusive early access"
14062,10,12,10464.85,5,5,5,15,555,Champions,1,VIP Champions,"Loyalty rewards, referral programs, exclusive early access"
14064,29,5,1353.74,4,4,4,12,444,Champions,2,Loyal Regulars,"Upsell campaigns, early access to new products, cross-sell"
14066,267,1,152.55,1,1,1,3,111,Lost,3,Lost Causes,Final reactivation attempt or remove from active campaigns
14067,64,2,374.7,3,3,2,8,332,Promising,3,Lost Causes,Final reactivation attempt or remove from active campaigns
14068,320,1,265.85,1,1,2,4,112,Lost,3,Lost Causes,Final reactivation attempt or remove from active campaigns
14071,4,8,1438.82,5,5,4,14,554,Champions,1,VIP Champions,"Loyalty rewards, referral programs, exclusive early access"
14073,32,1,151.04,4,1,1,6,411,New Customers,0,New Potentials,"Welcome series, onboarding discounts, education content"
14075,5,3,942.26,5,3,3,11,533,Promising,0,New Potentials,"Welcome series, onboarding discounts, education content"
14076,129,1,122.47,2,1,1,4,211,Lost,3,Lost Causes,Final reactivation attempt or remove from active campaigns
14077,41,5,499.42,3,4,3,10,343,Promising,2,Loyal Regulars,"Upsell campaigns, early access to new products, cross-sell"
14078,102,6,1049.37,2,5,4,11,254,Can't Lose Them,2,Loyal Regulars,"Upsell campaigns, early access to new products, cross-sell"
14079,125,1,375.1,2,1,2,5,212,Lost,3,Lost Causes,Final reactivation attempt or remove from active campaigns
14080,33,1,45.6,4,1,1,6,411,New Customers,3,Lost Causes,Final reactivation attempt or remove from active campaigns
14081,302,2,934.52,1,3,3,7,133,At Risk,3,Lost Causes,Final reactivation attempt or remove from active campaigns
14082,365,1,182.25,1,1,1,3,111,Lost,3,Lost Causes,Final reactivation attempt or remove from active campaigns
14083,4,9,1018.43,5,5,4,14,554,Champions,1,VIP Champions,"Loyalty rewards, referral programs, exclusive early access"
14085,2,18,4448.54,5,5,5,15,555,Champions,1,VIP Champions,"Loyalty rewards, referral programs, exclusive early access"
14087,3,1,194.42,5,1,1,7,511,New Customers,0,New Potentials,"Welcome series, onboarding discounts, education content"
14088,10,13,50491.81,5,5,5,15,555,Champions,1,VIP Champions,"Loyalty rewards, referral programs, exclusive early access"
14089,57,1,161.0,3,1,1,5,311,Need Attention,3,Lost Causes,Final reactivation attempt or remove from active campaigns
14090,325,1,76.32000000000001,1,1,1,3,111,Lost,3,Lost Causes,Final reactivation attempt or remove from active campaigns
14092,8,14,4076.91,5,5,5,15,555,Champions,1,VIP Champions,"Loyalty rewards, referral programs, exclusive early access"
14093,12,1,442.85,5,1,2,8,512,New Customers,0,New Potentials,"Welcome series, onboarding discounts, education content"
14096,4,17,65164.79,5,5,5,15,555,Champions,1,VIP Champions,"Loyalty rewards, referral programs, exclusive early access"
14098,37,1,147.35,3,1,1,5,311,Need Attention,3,Lost Causes,Final reactivation attempt or remove from active campaigns
14099,16,11,3104.17,4,5,5,14,455,Champions,1,VIP Champions,"Loyalty rewards, referral programs, exclusive early access"
14100,138,1,194.9,2,1,1,4,211,Lost,3,Lost Causes,Final reactivation attempt or remove from active campaigns
14101,74,6,5976.79,2,5,5,12,255,Can't Lose Them,2,Loyal Regulars,"Upsell campaigns, early access to new products, cross-sell"
14102,5,5,1360.28,5,4,4,13,544,Champions,1,VIP Champions,"Loyalty rewards, referral programs, exclusive early access"
14104,155,2,216.21,2,3,1,6,231,Need Attention,3,Lost Causes,Final reactivation attempt or remove from active campaigns
14105,239,1,1266.23,1,1,4,6,114,Lost,3,Lost Causes,Final reactivation attempt or remove from active campaigns
14107,52,7,2703.23,3,5,5,13,355,Promising,2,Loyal Regulars,"Upsell campaigns, early access to new products, cross-sell"
14108,31,2,597.91,4,3,3,10,433,Promising,0,New Potentials,"Welcome series, onboarding discounts, education content"
14109,73,1,144.2,2,1,1,4,211,Lost,3,Lost Causes,Final reactivation attempt or remove from active campaigns
14110,4,12,5683.15,5,5,5,15,555,Champions,1,VIP Champions,"Loyalty rewards, referral programs, exclusive early access"
14111,14,4,692.85,4,4,3,11,443,Loyal Customers,0,New Potentials,"Welcome series, onboarding discounts, education content"
14112,23,7,2915.15,4,5,5,14,455,Champions,1,VIP Champions,"Loyalty rewards, referral programs, exclusive early access"
14113,4,4,1840.42,5,4,4,13,544,Champions,1,VIP Champions,"Loyalty rewards, referral programs, exclusive early access"
14114,274,2,386.53,1,3,2,6,132,Need Attention,3,Lost Causes,Final reactivation attempt or remove from active campaigns
14116,20,5,1382.74,4,4,4,12,444,Champions,2,Loyal Regulars,"Upsell campaigns, early access to new products, cross-sell"
14117,144,1,90.0,2,1,1,4,211,Lost,3,Lost Causes,Final reactivation attempt or remove from active campaigns
14121,4,4,2780.15,5,4,5,14,545,Champions,1,VIP Champions,"Loyalty rewards, referral programs, exclusive early access"
14124,84,1,419.58,2,1,2,5,212,Lost,3,Lost Causes,Final reactivation attempt or remove from active campaigns
14125,11,3,2740.43,5,3,5,13,535,Promising,2,Loyal Regulars,"Upsell campaigns, early access to new products, cross-sell"
14126,8,3,706.1300000000001,5,3,3,11,533,Promising,0,New Potentials,"Welcome series, onboarding discounts, education content"
14127,123,3,709.71,2,3,3,8,233,At Risk,2,Loyal Regulars,"Upsell campaigns, early access to new products, cross-sell"
14128,61,2,637.5,3,3,3,9,333,Promising,2,Loyal Regulars,"Upsell campaigns, early access to new products, cross-sell"
14129,2,5,1123.86,5,4,4,13,544,Champions,1,VIP Champions,"Loyalty rewards, referral programs, exclusive early access"
14130,319,1,483.86,1,1,2,4,112,Lost,3,Lost Causes,Final reactivation attempt or remove from active campaigns
14132,2,11,3586.03,5,5,5,15,555,Champions,1,VIP Champions,"Loyalty rewards, referral programs, exclusive early access"
14133,130,3,605.64,2,3,3,8,233,At Risk,2,Loyal Regulars,"Upsell campaigns, early access to new products, cross-sell"
14135,2,15,4690.31,5,5,5,15,555,Champions,1,VIP Champions,"Loyalty rewards, referral programs, exclusive early access"
14138,2,2,982.38,5,3,4,12,534,Promising,0,New Potentials,"Welcome series, onboarding discounts, education content"
14139,46,1,415.82,3,1,2,6,312,Need Attention,3,Lost Causes,Final reactivation attempt or remove from active campaigns
14140,4,2,935.05,5,3,3,11,533,Promising,0,New Potentials,"Welcome series, onboarding discounts, education content"
14141,3,4,915.13,5,4,3,12,543,Loyal Customers,0,New Potentials,"Welcome series, onboarding discounts, education content"
14142,373,1,311.81,1,1,2,4,112,Lost,3,Lost Causes,Final reactivation attempt or remove from active campaigns
14143,134,1,115.8,2,1,1,4,211,Lost,3,Lost Causes,Final reactivation attempt or remove from active campaigns
14145,47,4,3742.2,3,4,5,12,345,Promising,2,Loyal Regulars,"Upsell campaigns, early access to new products, cross-sell"
14146,9,5,4191.0,5,4,5,14,545,Champions,1,VIP Champions,"Loyalty rewards, referral programs, exclusive early access"
14147,78,2,483.4,2,3,2,7,232,Need Attention,3,Lost Causes,Final reactivation attempt or remove from active campaigns
14148,234,1,157.2,1,1,1,3,111,Lost,3,Lost Causes,Final reactivation attempt or remove from active campaigns
14149,221,1,446.62,1,1,2,4,112,Lost,3,Lost Causes,Final reactivation attempt or remove from active campaigns
14150,36,2,658.64,3,3,3,9,333,Promising,0,New Potentials,"Welcome series, onboarding discounts, education content"
14152,75,2,621.29,2,3,3,8,233,At Risk,3,Lost Causes,Final reactivation attempt or remove from active campaigns
14154,239,2,1345.62,1,3,4,8,134,At Risk,2,Loyal Regulars,"Upsell campaigns, early access to new products, cross-sell"
14155,266,1,118.75,1,1,1,3,111,Lost,3,Lost Causes,Final reactivation attempt or remove from active campaigns
14156,10,55,117379.63,5,5,5,15,555,Champions,1,VIP Champions,"Loyalty rewards, referral programs, exclusive early access"
14157,20,2,432.88,4,3,2,9,432,Promising,0,New Potentials,"Welcome series, onboarding discounts, education content"
14158,40,1,507.66,3,1,3,7,313,Need Attention,0,New Potentials,"Welcome series, onboarding discounts, education content"
14159,20,11,4693.01,4,5,5,14,455,Champions,1,VIP Champions,"Loyalty rewards, referral programs, exclusive early access"
14161,216,3,1110.52,1,3,4,8,134,At Risk,2,Loyal Regulars,"Upsell campaigns, early access to new products, cross-sell"
14162,174,2,289.36,2,3,2,7,232,Need Attention,3,Lost Causes,Final reactivation attempt or remove from active campaigns
14163,87,4,2445.91,2,4,5,11,245,Can't Lose Them,2,Loyal Regulars,"Upsell campaigns, early access to new products, cross-sell"
14164,71,2,1631.77,3,3,4,10,334,Promising,2,Loyal Regulars,"Upsell campaigns, early access to new products, cross-sell"
14165,276,1,122.54,1,1,1,3,111,Lost,3,Lost Causes,Final reactivation attempt or remove from active campaigns
14167,39,4,574.84,3,4,3,10,343,Promising,2,Loyal Regulars,"Upsell campaigns, early access to new products, cross-sell"
14171,98,1,363.79,2,1,2,5,212,Lost,3,Lost Causes,Final reactivation attempt or remove from active campaigns
14173,11,4,450.84,5,4,2,11,542,Loyal Customers,0,New Potentials,"Welcome series, onboarding discounts, education content"
14174,33,1,134.46,4,1,1,6,411,New Customers,3,Lost Causes,Final reactivation attempt or remove from active campaigns
14175,60,3,3222.3,3,3,5,11,335,Promising,2,Loyal Regulars,"Upsell campaigns, early access to new products, cross-sell"
14176,297,4,576.9000000000001,1,4,3,8,143,Can't Lose Them,3,Lost Causes,Final reactivation attempt or remove from active campaigns
14177,86,4,559.41,2,4,3,9,243,Can't Lose Them,2,Loyal Regulars,"Upsell campaigns, early access to new products, cross-sell"
14178,9,7,1620.93,5,5,4,14,554,Champions,1,VIP Champions,"Loyalty rewards, referral programs, exclusive early access"
14179,41,2,719.78,3,3,3,9,333,Promising,0,New Potentials,"Welcome series, onboarding discounts, education content"
14180,11,25,4748.52,5,5,5,15,555,Champions,1,VIP Champions,"Loyalty rewards, referral programs, exclusive early access"
14184,67,1,452.89,3,1,2,6,312,Need Attention,3,Lost Causes,Final reactivation attempt or remove from active campaigns
14185,331,1,197.65,1,1,1,3,111,Lost,3,Lost Causes,Final reactivation attempt or remove from active campaigns
14188,31,6,2054.36,4,5,4,13,454,Champions,2,Loyal Regulars,"Upsell campaigns, early access to new products, cross-sell"
14189,2,15,4654.08,5,5,5,15,555,Champions,1,VIP Champions,"Loyalty rewards, referral programs, exclusive early access"
14191,2,13,4684.76,5,5,5,15,555,Champions,1,VIP Champions,"Loyalty rewards, referral programs, exclusive early access"
14193,68,2,853.39,3,3,3,9,333,Promising,2,Loyal Regulars,"Upsell campaigns, early access to new products, cross-sell"
14194,5,21,11349.52,5,5,5,15,555,Champions,1,VIP Champions,"Loyalty rewards, referral programs, exclusive early access"
14195,202,2,1012.0,1,3,4,8,134,At Risk,3,Lost Causes,Final reactivation attempt or remove from active campaigns
14196,107,1,335.52,2,1,2,5,212,Lost,3,Lost Causes,Final reactivation attempt or remove from active campaigns
14198,18,4,701.4,4,4,3,11,443,Loyal Customers,0,New Potentials,"Welcome series, onboarding discounts, education content"
14199,218,1,185.4,1,1,1,3,111,Lost,3,Lost Causes,Final reactivation attempt or remove from active campaigns
14201,60,7,747.44,3,5,3,11,353,Promising,2,Loyal Regulars,"Upsell campaigns, early access to new products, cross-sell"
14204,2,1,161.03,5,1,1,7,511,New Customers,0,New Potentials,"Welcome series, onboarding discounts, education content"
14205,17,2,466.7,4,3,2,9,432,Promising,0,New Potentials,"Welcome series, onboarding discounts, education content"
14206,239,1,328.16,1,1,2,4,112,Lost,3,Lost Causes,Final reactivation attempt or remove from active campaigns
14208,95,1,151.74,2,1,1,4,211,Lost,3,Lost Causes,Final reactivation attempt or remove from active campaigns
14209,11,6,2073.43,5,5,5,15,555,Champions,1,VIP Champions,"Loyalty rewards, referral programs, exclusive early access"
14210,106,6,1905.84,2,5,4,11,254,Can't Lose Them,2,Loyal Regulars,"Upsell campaigns, early access to new products, cross-sell"
14211,53,9,2241.1,3,5,5,13,355,Promising,2,Loyal Regulars,"Upsell campaigns, early access to new products, cross-sell"
14212,90,1,1070.48,2,1,4,7,214,Lost,3,Lost Causes,Final reactivation attempt or remove from active campaigns
14214,31,5,1004.38,4,4,4,12,444,Champions,2,Loyal Regulars,"Upsell campaigns, early access to new products, cross-sell"
14215,12,6,1789.72,5,5,4,14,554,Champions,1,VIP Champions,"Loyalty rewards, referral programs, exclusive early access"
14216,3,4,1839.3,5,4,4,13,544,Champions,1,VIP Champions,"Loyalty rewards, referral programs, exclusive early access"
14217,2,17,2004.98,5,5,4,14,554,Champions,1,VIP Champions,"Loyalty rewards, referral programs, exclusive early access"
14218,43,1,169.48000000000002,3,1,1,5,311,Need Attention,3,Lost Causes,Final reactivation attempt or remove from active campaigns
14219,4,1,89.94,5,1,1,7,511,New Customers,0,New Potentials,"Welcome series, onboarding discounts, education content"
14220,247,2,632.4000000000001,1,3,3,7,133,At Risk,3,Lost Causes,Final reactivation attempt or remove from active campaigns
14221,42,9,3432.8,3,5,5,13,355,Promising,1,VIP Champions,"Loyalty rewards, referral programs, exclusive early access"
14222,177,1,683.17,2,1,3,6,213,Lost,3,Lost Causes,Final reactivation attempt or remove from active campaigns
14223,92,3,991.13,2,3,4,9,234,At Risk,2,Loyal Regulars,"Upsell campaigns, early access to new products, cross-sell"
14224,110,4,1050.12,2,4,4,10,244,Can't Lose Them,2,Loyal Regulars,"Upsell campaigns, early access to new products, cross-sell"
14226,29,5,2232.19,4,4,5,13,445,Champions,2,Loyal Regulars,"Upsell campaigns, early access to new products, cross-sell"
14227,26,10,3350.96,4,5,5,14,455,Champions,1,VIP Champions,"Loyalty rewards, referral programs, exclusive early access"
14229,52,3,1547.2,3,3,4,10,334,Promising,2,Loyal Regulars,"Upsell campaigns, early access to new products, cross-sell"
14231,184,3,925.71,1,3,3,7,133,At Risk,2,Loyal Regulars,"Upsell campaigns, early access to new products, cross-sell"
14232,43,5,2048.07,3,4,4,11,344,Promising,2,Loyal Regulars,"Upsell campaigns, early access to new products, cross-sell"
14233,49,4,1462.72,3,4,4,11,344,Promising,2,Loyal Regulars,"Upsell campaigns, early access to new products, cross-sell"
14234,22,4,775.46,4,4,3,11,443,Loyal Customers,2,Loyal Regulars,"Upsell campaigns, early access to new products, cross-sell"
14235,75,5,3144.86,2,4,5,11,245,Can't Lose Them,2,Loyal Regulars,"Upsell campaigns, early access to new products, cross-sell"
14236,81,2,490.86,2,3,3,8,233,At Risk,3,Lost Causes,Final reactivation attempt or remove from active campaigns
14237,373,1,161.0,1,1,1,3,111,Lost,3,Lost Causes,Final reactivation attempt or remove from active campaigns
14238,326,1,146.85,1,1,1,3,111,Lost,3,Lost Causes,Final reactivation attempt or remove from active campaigns
14239,43,11,2380.85,3,5,5,13,355,Promising,1,VIP Champions,"Loyalty rewards, referral programs, exclusive early access"
14240,30,2,890.34,4,3,3,10,433,Promising,0,New Potentials,"Welcome series, onboarding discounts, education content"
14241,184,1,213.7,1,1,1,3,111,Lost,3,Lost Causes,Final reactivation attempt or remove from active campaigns
14242,235,2,280.55,1,3,2,6,132,Need Attention,3,Lost Causes,Final reactivation attempt or remove from active campaigns
14243,9,10,2588.77,5,5,5,15,555,Champions,1,VIP Champions,"Loyalty rewards, referral programs, exclusive early access"
14245,220,2,1693.45,1,3,4,8,134,At Risk,2,Loyal Regulars,"Upsell campaigns, early access to new products, cross-sell"
14246,111,3,1474.06,2,3,4,9,234,At Risk,2,Loyal Regulars,"Upsell campaigns, early access to new products, cross-sell"
14247,278,1,136.77,1,1,1,3,111,Lost,3,Lost Causes,Final reactivation attempt or remove from active campaigns
14248,318,1,302.58,1,1,2,4,112,Lost,3,Lost Causes,Final reactivation attempt or remove from active campaigns
14250,7,3,1904.05,5,3,4,12,534,Promising,0,New Potentials,"Welcome series, onboarding discounts, education content"
14251,2,5,2879.7000000000003,5,4,5,14,545,Champions,1,VIP Champions,"Loyalty rewards, referral programs, exclusive early access"
14256,260,2,969.06,1,3,4,8,134,At Risk,3,Lost Causes,Final reactivation attempt or remove from active campaigns
14257,64,5,3099.7200000000003,3,4,5,12,345,Promising,2,Loyal Regulars,"Upsell campaigns, early access to new products, cross-sell"
14258,9,9,12669.98,5,5,5,15,555,Champions,1,VIP Champions,"Loyalty rewards, referral programs, exclusive early access"
14259,142,1,120.0,2,1,1,4,211,Lost,3,Lost Causes,Final reactivation attempt or remove from active campaigns
14261,51,2,1163.45,3,3,4,10,334,Promising,2,Loyal Regulars,"Upsell campaigns, early access to new products, cross-sell"
14262,8,8,2618.23,5,5,5,15,555,Champions,1,VIP Champions,"Loyalty rewards, referral programs, exclusive early access"
14264,155,2,333.97,2,3,2,7,232,Need Attention,3,Lost Causes,Final reactivation attempt or remove from active campaigns
14265,109,2,530.18,2,3,3,8,233,At Risk,3,Lost Causes,Final reactivation attempt or remove from active campaigns
14267,163,3,1516.24,2,3,4,9,234,At Risk,2,Loyal Regulars,"Upsell campaigns, early access to new products, cross-sell"
14270,332,1,492.65,1,1,3,5,113,Lost,3,Lost Causes,Final reactivation attempt or remove from active campaigns
14271,226,1,112.32,1,1,1,3,111,Lost,3,Lost Causes,Final reactivation attempt or remove from active campaigns
14272,74,2,437.96,2,3,2,7,232,Need Attention,3,Lost Causes,Final reactivation attempt or remove from active campaigns
14273,51,4,559.97,3,4,3,10,343,Promising,2,Loyal Regulars,"Upsell campaigns, early access to new products, cross-sell"
14276,99,3,1119.74,2,3,4,9,234,At Risk,2,Loyal Regulars,"Upsell campaigns, early access to new products, cross-sell"
14277,15,3,4216.2,4,3,5,12,435,Promising,2,Loyal Regulars,"Upsell campaigns, early access to new products, cross-sell"
14280,197,1,134.04,1,1,1,3,111,Lost,3,Lost Causes,Final reactivation attempt or remove from active campaigns
14282,3,15,3729.34,5,5,5,15,555,Champions,1,VIP Champions,"Loyalty rewards, referral programs, exclusive early access"
14284,31,2,595.25,4,3,3,10,433,Promising,0,New Potentials,"Welcome series, onboarding discounts, education content"
14285,21,4,1910.01,4,4,4,12,444,Champions,2,Loyal Regulars,"Upsell campaigns, early access to new products, cross-sell"
14286,24,3,4628.75,4,3,5,12,435,Promising,2,Loyal Regulars,"Upsell campaigns, early access to new products, cross-sell"
14287,8,3,176.63,5,3,1,9,531,Promising,0,New Potentials,"Welcome series, onboarding discounts, education content"
14288,213,1,426.6,1,1,2,4,112,Lost,3,Lost Causes,Final reactivation attempt or remove from active campaigns
14289,9,6,911.26,5,5,3,13,553,Loyal Customers,0,New Potentials,"Welcome series, onboarding discounts, education content"
14290,11,5,2314.65,5,4,5,14,545,Champions,1,VIP Champions,"Loyalty rewards, referral programs, exclusive early access"
14291,2,11,3883.25,5,5,5,15,555,Champions,1,VIP Champions,"Loyalty rewards, referral programs, exclusive early access"
14292,8,9,4871.93,5,5,5,15,555,Champions,1,VIP Champions,"Loyalty rewards, referral programs, exclusive early access"
14293,3,4,1046.56,5,4,4,13,544,Champions,0,New Potentials,"Welcome series, onboarding discounts, education content"
14295,40,1,166.20000000000002,3,1,1,5,311,Need Attention,3,Lost Causes,Final reactivation attempt or remove from active campaigns
14297,18,4,1305.33,4,4,4,12,444,Champions,2,Loyal Regulars,"Upsell campaigns, early access to new products, cross-sell"
14298,8,44,51527.3,5,5,5,15,555,Champions,1,VIP Champions,"Loyalty rewards, referral programs, exclusive early access"
14299,8,9,3965.62,5,5,5,15,555,Champions,1,VIP Champions,"Loyalty rewards, referral programs, exclusive early access"
14300,19,1,43.2,4,1,1,6,411,New Customers,0,New Potentials,"Welcome series, onboarding discounts, education content"
14301,117,1,640.14,2,1,3,6,213,Lost,3,Lost Causes,Final reactivation attempt or remove from active campaigns
14304,223,1,383.45,1,1,2,4,112,Lost,3,Lost Causes,Final reactivation attempt or remove from active campaigns
14305,71,3,1858.96,3,3,4,10,334,Promising,2,Loyal Regulars,"Upsell campaigns, early access to new products, cross-sell"
14306,51,2,2093.32,3,3,5,11,335,Promising,2,Loyal Regulars,"Upsell campaigns, early access to new products, cross-sell"
14307,89,6,2995.7200000000003,2,5,5,12,255,Can't Lose Them,2,Loyal Regulars,"Upsell campaigns, early access to new products, cross-sell"
14309,8,9,2352.53,5,5,5,15,555,Champions,1,VIP Champions,"Loyalty rewards, referral programs, exclusive early access"
14311,243,1,310.26,1,1,2,4,112,Lost,3,Lost Causes,Final reactivation attempt or remove from active campaigns
14312,47,6,1611.59,3,5,4,12,354,Promising,2,Loyal Regulars,"Upsell campaigns, early access to new products, cross-sell"
14314,107,1,120.0,2,1,1,4,211,Lost,3,Lost Causes,Final reactivation attempt or remove from active campaigns
14315,45,6,2481.13,3,5,5,13,355,Promising,2,Loyal Regulars,"Upsell campaigns, early access to new products, cross-sell"
14317,65,1,508.58,3,1,3,7,313,Need Attention,3,Lost Causes,Final reactivation attempt or remove from active campaigns
14320,207,2,477.79,1,3,2,6,132,Need Attention,3,Lost Causes,Final reactivation attempt or remove from active campaigns
14321,11,5,1530.75,5,4,4,13,544,Champions,2,Loyal Regulars,"Upsell campaigns, early access to new products, cross-sell"
14323,115,2,605.0600000000001,2,3,3,8,233,At Risk,3,Lost Causes,Final reactivation attempt or remove from active campaigns
14326,242,1,183.85,1,1,1,3,111,Lost,3,Lost Causes,Final reactivation attempt or remove from active campaigns
14327,163,1,311.65000000000003,2,1,2,5,212,Lost,3,Lost Causes,Final reactivation attempt or remove from active campaigns
14329,17,7,5014.84,4,5,5,14,455,Champions,1,VIP Champions,"Loyalty rewards, referral programs, exclusive early access"
14331,124,2,462.66,2,3,2,7,232,Need Attention,3,Lost Causes,Final reactivation attempt or remove from active campaigns
14332,23,3,866.3100000000001,4,3,3,10,433,Promising,0,New Potentials,"Welcome series, onboarding discounts, education content"
14333,68,1,415.2,3,1,2,6,312,Need Attention,3,Lost Causes,Final reactivation attempt or remove from active campaigns
14334,17,8,2552.21,4,5,5,14,455,Champions,1,VIP Champions,"Loyalty rewards, referral programs, exclusive early access"
14335,16,2,468.26,4,3,2,9,432,Promising,0,New Potentials,"Welcome series, onboarding discounts, education content"
14336,17,4,1614.91,4,4,4,12,444,Champions,2,Loyal Regulars,"Upsell campaigns, early access to new products, cross-sell"
14338,161,2,588.22,2,3,3,8,233,At Risk,3,Lost Causes,Final reactivation attempt or remove from active campaigns
14339,243,1,309.52000000000004,1,1,2,4,112,Lost,3,Lost Causes,Final reactivation attempt or remove from active campaigns
14340,219,1,134.7,1,1,1,3,111,Lost,3,Lost Causes,Final reactivation attempt or remove from active campaigns
14341,45,8,2182.28,3,5,5,13,355,Promising,2,Loyal Regulars,"Upsell campaigns, early access to new products, cross-sell"
14342,21,4,668.5600000000001,4,4,3,11,443,Loyal Customers,0,New Potentials,"Welcome series, onboarding discounts, education content"
14344,127,8,889.9300000000001,2,5,3,10,253,Can't Lose Them,2,Loyal Regulars,"Upsell campaigns, early access to new products, cross-sell"
14345,39,1,108.98,3,1,1,5,311,Need Attention,3,Lost Causes,Final reactivation attempt or remove from active campaigns
14346,121,2,1021.58,2,3,4,9,234,At Risk,2,Loyal Regulars,"Upsell campaigns, early access to new products, cross-sell"
14348,260,1,409.57,1,1,2,4,112,Lost,3,Lost Causes,Final reactivation attempt or remove from active campaigns
14349,10,1,133.5,5,1,1,7,511,New Customers,0,New Potentials,"Welcome series, onboarding discounts, education content"
14350,274,1,282.93,1,1,2,4,112,Lost,3,Lost Causes,Final reactivation attempt or remove from active campaigns
14351,165,1,51.0,2,1,1,4,211,Lost,3,Lost Causes,Final reactivation attempt or remove from active campaigns
14352,157,4,1078.96,2,4,4,10,244,Can't Lose Them,2,Loyal Regulars,"Upsell campaigns, early access to new products, cross-sell"
14353,215,1,90.6,1,1,1,3,111,Lost,3,Lost Causes,Final reactivation attempt or remove from active campaigns
14354,6,2,163.62,5,3,1,9,531,Promising,0,New Potentials,"Welcome series, onboarding discounts, education content"
14355,366,1,174.4,1,1,1,3,111,Lost,3,Lost Causes,Final reactivation attempt or remove from active campaigns
14356,80,2,701.23,2,3,3,8,233,At Risk,2,Loyal Regulars,"Upsell campaigns, early access to new products, cross-sell"
14357,43,1,225.77,3,1,1,5,311,Need Attention,3,Lost Causes,Final reactivation attempt or remove from active campaigns
14359,19,3,912.18,4,3,3,10,433,Promising,0,New Potentials,"Welcome series, onboarding discounts, education content"
14360,32,4,2128.23,4,4,5,13,445,Champions,2,Loyal Regulars,"Upsell campaigns, early access to new products, cross-sell"
14362,22,1,161.2,4,1,1,6,411,New Customers,0,New Potentials,"Welcome series, onboarding discounts, education content"
14364,109,8,3717.35,2,5,5,12,255,Can't Lose Them,2,Loyal Regulars,"Upsell campaigns, early access to new products, cross-sell"
14367,8,16,9261.52,5,5,5,15,555,Champions,1,VIP Champions,"Loyalty rewards, referral programs, exclusive early access"
14368,320,1,155.0,1,1,1,3,111,Lost,3,Lost Causes,Final reactivation attempt or remove from active campaigns
14371,295,1,100.5,1,1,1,3,111,Lost,3,Lost Causes,Final reactivation attempt or remove from active campaigns
14373,358,1,76.55,1,1,1,3,111,Lost,3,Lost Causes,Final reactivation attempt or remove from active campaigns
14375,185,1,257.68,1,1,2,4,112,Lost,3,Lost Causes,Final reactivation attempt or remove from active campaigns
14377,191,2,617.05,1,3,3,7,133,At Risk,3,Lost Causes,Final reactivation attempt or remove from active campaigns
14379,44,2,348.1,3,3,2,8,332,Promising,0,New Potentials,"Welcome series, onboarding discounts, education content"
14381,52,1,202.68,3,1,1,5,311,Need Attention,3,Lost Causes,Final reactivation attempt or remove from active campaigns
14382,26,1,626.07,4,1,3,8,413,New Customers,0,New Potentials,"Welcome series, onboarding discounts, education content"
14383,38,3,1247.69,3,3,4,10,334,Promising,2,Loyal Regulars,"Upsell campaigns, early access to new products, cross-sell"
14385,9,3,202.11,5,3,1,9,531,Promising,0,New Potentials,"Welcome series, onboarding discounts, education content"
14386,297,1,142.4,1,1,1,3,111,Lost,3,Lost Causes,Final reactivation attempt or remove from active campaigns
14387,33,3,1770.56,4,3,4,11,434,Promising,2,Loyal Regulars,"Upsell campaigns, early access to new products, cross-sell"
14388,10,8,3212.84,5,5,5,15,555,Champions,1,VIP Champions,"Loyalty rewards, referral programs, exclusive early access"
14389,65,2,1043.46,3,3,4,10,334,Promising,2,Loyal Regulars,"Upsell campaigns, early access to new products, cross-sell"
14390,10,9,4652.82,5,5,5,15,555,Champions,1,VIP Champions,"Loyalty rewards, referral programs, exclusive early access"
14393,218,1,67.95,1,1,1,3,111,Lost,3,Lost Causes,Final reactivation attempt or remove from active campaigns
14395,2,9,3507.71,5,5,5,15,555,Champions,1,VIP Champions,"Loyalty rewards, referral programs, exclusive early access"
14396,65,2,487.99,3,3,2,8,332,Promising,3,Lost Causes,Final reactivation attempt or remove from active campaigns
14397,3,19,2612.96,5,5,5,15,555,Champions,1,VIP Champions,"Loyalty rewards, referral programs, exclusive early access"
14400,149,1,574.7,2,1,3,6,213,Lost,3,Lost Causes,Final reactivation attempt or remove from active campaigns
14401,4,13,4051.48,5,5,5,15,555,Champions,1,VIP Champions,"Loyalty rewards, referral programs, exclusive early access"
14403,130,4,1475.81,2,4,4,10,244,Can't Lose Them,2,Loyal Regulars,"Upsell campaigns, early access to new products, cross-sell"
14404,34,6,1474.32,3,5,4,12,354,Promising,2,Loyal Regulars,"Upsell campaigns, early access to new products, cross-sell"
14406,119,1,156.75,2,1,1,4,211,Lost,3,Lost Causes,Final reactivation attempt or remove from active campaigns
14407,107,6,2157.73,2,5,5,12,255,Can't Lose Them,2,Loyal Regulars,"Upsell campaigns, early access to new products, cross-sell"
14408,11,7,2606.53,5,5,5,15,555,Champions,1,VIP Champions,"Loyalty rewards, referral programs, exclusive early access"
14409,71,6,2059.4500000000003,3,5,5,13,355,Promising,2,Loyal Regulars,"Upsell campaigns, early access to new products, cross-sell"
14410,92,9,1105.07,2,5,4,11,254,Can't Lose Them,2,Loyal Regulars,"Upsell campaigns, early access to new products, cross-sell"
14411,311,1,1063.0,1,1,4,6,114,Lost,3,Lost Causes,Final reactivation attempt or remove from active campaigns
14412,43,2,770.03,3,3,3,9,333,Promising,2,Loyal Regulars,"Upsell campaigns, early access to new products, cross-sell"
14413,362,1,122.7,1,1,1,3,111,Lost,3,Lost Causes,Final reactivation attempt or remove from active campaigns
14414,92,7,1496.98,2,5,4,11,254,Can't Lose Them,2,Loyal Regulars,"Upsell campaigns, early access to new products, cross-sell"
14415,1,13,5900.28,5,5,5,15,555,Champions,1,VIP Champions,"Loyalty rewards, referral programs, exclusive early access"
14416,22,2,490.22,4,3,3,10,433,Promising,0,New Potentials,"Welcome series, onboarding discounts, education content"
14418,4,3,1937.25,5,3,4,12,534,Promising,0,New Potentials,"Welcome series, onboarding discounts, education content"
14419,11,6,1058.06,5,5,4,14,554,Champions,2,Loyal Regulars,"Upsell campaigns, early access to new products, cross-sell"
14420,99,1,387.52,2,1,2,5,212,Lost,3,Lost Causes,Final reactivation attempt or remove from active campaigns
14421,57,2,813.11,3,3,3,9,333,Promising,2,Loyal Regulars,"Upsell campaigns, early access to new products, cross-sell"
14422,1,6,4263.64,5,5,5,15,555,Champions,1,VIP Champions,"Loyalty rewards, referral programs, exclusive early access"
14423,218,1,265.2,1,1,2,4,112,Lost,3,Lost Causes,Final reactivation attempt or remove from active campaigns
14424,18,1,322.08,4,1,2,7,412,New Customers,0,New Potentials,"Welcome series, onboarding discounts, education content"
14426,24,10,4481.67,4,5,5,14,455,Champions,1,VIP Champions,"Loyalty rewards, referral programs, exclusive early access"
14427,50,2,363.34,3,3,2,8,332,Promising,0,New Potentials,"Welcome series, onboarding discounts, education content"
14428,7,5,1244.83,5,4,4,13,544,Champions,0,New Potentials,"Welcome series, onboarding discounts, education content"
14431,303,1,470.36,1,1,2,4,112,Lost,3,Lost Causes,Final reactivation attempt or remove from active campaigns
14432,10,6,2255.51,5,5,5,15,555,Champions,1,VIP Champions,"Loyalty rewards, referral programs, exclusive early access"
14434,22,6,1372.8,4,5,4,13,454,Champions,2,Loyal Regulars,"Upsell campaigns, early access to new products, cross-sell"
14436,99,1,89.06,2,1,1,4,211,Lost,3,Lost Causes,Final reactivation attempt or remove from active campaigns
14437,366,1,63.0,1,1,1,3,111,Lost,3,Lost Causes,Final reactivation attempt or remove from active campaigns
14438,306,1,131.9,1,1,1,3,111,Lost,3,Lost Causes,Final reactivation attempt or remove from active campaigns
14439,320,1,2661.24,1,1,5,7,115,Lost,2,Loyal Regulars,"Upsell campaigns, early access to new products, cross-sell"
14440,8,5,2357.68,5,4,5,14,545,Champions,1,VIP Champions,"Loyalty rewards, referral programs, exclusive early access"
14441,1,4,1712.89,5,4,4,13,544,Champions,1,VIP Champions,"Loyalty rewards, referral programs, exclusive early access"
14442,205,2,1589.82,1,3,4,8,134,At Risk,2,Loyal Regulars,"Upsell campaigns, early access to new products, cross-sell"
14443,54,4,1420.2,3,4,4,11,344,Promising,2,Loyal Regulars,"Upsell campaigns, early access to new products, cross-sell"
14446,1,4,1039.58,5,4,4,13,544,Champions,0,New Potentials,"Welcome series, onboarding discounts, education content"
14447,19,5,1163.23,4,4,4,12,444,Champions,2,Loyal Regulars,"Upsell campaigns, early access to new products, cross-sell"
14448,9,2,375.35,5,3,2,10,532,Promising,0,New Potentials,"Welcome series, onboarding discounts, education content"
14449,19,4,907.1,4,4,3,11,443,Loyal Customers,2,Loyal Regulars,"Upsell campaigns, early access to new products, cross-sell"
14450,181,3,483.25,1,3,2,6,132,Need Attention,3,Lost Causes,Final reactivation attempt or remove from active campaigns
14451,60,2,662.59,3,3,3,9,333,Promising,2,Loyal Regulars,"Upsell campaigns, early access to new products, cross-sell"
14452,11,2,264.44,5,3,2,10,532,Promising,0,New Potentials,"Welcome series, onboarding discounts, education content"
14453,190,1,119.93,1,1,1,3,111,Lost,3,Lost Causes,Final reactivation attempt or remove from active campaigns
14456,5,9,3062.4,5,5,5,15,555,Champions,1,VIP Champions,"Loyalty rewards, referral programs, exclusive early access"
14457,311,1,113.64,1,1,1,3,111,Lost,3,Lost Causes,Final reactivation attempt or remove from active campaigns
14459,155,1,1837.92,2,1,4,7,214,Lost,2,Loyal Regulars,"Upsell campaigns, early access to new products, cross-sell"
14460,110,3,434.34,2,3,2,7,232,Need Attention,3,Lost Causes,Final reactivation attempt or remove from active campaigns
14461,148,3,2103.06,2,3,5,10,235,At Risk,2,Loyal Regulars,"Upsell campaigns, early access to new products, cross-sell"
14462,66,11,2004.02,3,5,4,12,354,Promising,2,Loyal Regulars,"Upsell campaigns, early access to new products, cross-sell"
14463,98,3,529.62,2,3,3,8,233,At Risk,2,Loyal Regulars,"Upsell campaigns, early access to new products, cross-sell"
14465,247,3,1058.62,1,3,4,8,134,At Risk,2,Loyal Regulars,"Upsell campaigns, early access to new products, cross-sell"
14466,29,7,2272.4,4,5,5,14,455,Champions,2,Loyal Regulars,"Upsell campaigns, early access to new products, cross-sell"
14467,18,4,598.76,4,4,3,11,443,Loyal Customers,0,New Potentials,"Welcome series, onboarding discounts, education content"
14470,12,2,461.19,5,3,2,10,532,Promising,0,New Potentials,"Welcome series, onboarding discounts, education content"
14472,104,8,1936.84,2,5,4,11,254,Can't Lose Them,2,Loyal Regulars,"Upsell campaigns, early access to new products, cross-sell"
14473,74,2,234.34,2,3,1,6,231,Need Attention,3,Lost Causes,Final reactivation attempt or remove from active campaigns
14474,46,1,547.66,3,1,3,7,313,Need Attention,0,New Potentials,"Welcome series, onboarding discounts, education content"
14475,72,3,925.85,3,3,3,9,333,Promising,2,Loyal Regulars,"Upsell campaigns, early access to new products, cross-sell"
14476,257,1,215.7,1,1,1,3,111,Lost,3,Lost Causes,Final reactivation attempt or remove from active campaigns
14477,20,4,1309.6,4,4,4,12,444,Champions,2,Loyal Regulars,"Upsell campaigns, early access to new products, cross-sell"
14479,254,2,316.25,1,3,2,6,132,Need Attention,3,Lost Causes,Final reactivation attempt or remove from active campaigns
14480,11,1,279.05,5,1,2,8,512,New Customers,0,New Potentials,"Welcome series, onboarding discounts, education content"
14481,165,2,636.51,2,3,3,8,233,At Risk,3,Lost Causes,Final reactivation attempt or remove from active campaigns
14482,18,6,2068.15,4,5,5,14,455,Champions,2,Loyal Regulars,"Upsell campaigns, early access to new products, cross-sell"
14483,282,1,137.1,1,1,1,3,111,Lost,3,Lost Causes,Final reactivation attempt or remove from active campaigns
14484,50,1,321.92,3,1,2,6,312,Need Attention,3,Lost Causes,Final reactivation attempt or remove from active campaigns
14485,39,1,165.75,3,1,1,5,311,Need Attention,3,Lost Causes,Final reactivation attempt or remove from active campaigns
14487,27,6,1196.33,4,5,4,13,454,Champions,2,Loyal Regulars,"Upsell campaigns, early access to new products, cross-sell"
14488,68,1,1064.28,3,1,4,8,314,Need Attention,3,Lost Causes,Final reactivation attempt or remove from active campaigns
14489,207,1,463.38,1,1,2,4,112,Lost,3,Lost Causes,Final reactivation attempt or remove from active campaigns
14491,175,2,340.93,2,3,2,7,232,Need Attention,3,Lost Causes,Final reactivation attempt or remove from active campaigns
14493,7,5,2383.24,5,4,5,14,545,Champions,1,VIP Champions,"Loyalty rewards, referral programs, exclusive early access"
14494,26,1,139.56,4,1,1,6,411,New Customers,0,New Potentials,"Welcome series, onboarding discounts, education content"
14495,51,2,123.8,3,3,1,7,331,Promising,3,Lost Causes,Final reactivation attempt or remove from active campaigns
14496,312,2,538.8100000000001,1,3,3,7,133,At Risk,3,Lost Causes,Final reactivation attempt or remove from active campaigns
14497,309,1,475.37,1,1,2,4,112,Lost,3,Lost Causes,Final reactivation attempt or remove from active campaigns
14498,43,5,1957.32,3,4,4,11,344,Promising,2,Loyal Regulars,"Upsell campaigns, early access to new products, cross-sell"
14499,26,3,815.32,4,3,3,10,433,Promising,2,Loyal Regulars,"Upsell campaigns, early access to new products, cross-sell"
14500,88,3,356.85,2,3,2,7,232,Need Attention,3,Lost Causes,Final reactivation attempt or remove from active campaigns
14501,184,2,251.21,1,3,2,6,132,Need Attention,3,Lost Causes,Final reactivation attempt or remove from active campaigns
14502,20,11,2470.67,4,5,5,14,455,Champions,1,VIP Champions,"Loyalty rewards, referral programs, exclusive early access"
14503,3,6,3543.26,5,5,5,15,555,Champions,1,VIP Champions,"Loyalty rewards, referral programs, exclusive early access"
14504,47,4,673.26,3,4,3,10,343,Promising,2,Loyal Regulars,"Upsell campaigns, early access to new products, cross-sell"
14505,17,8,5905.64,4,5,5,14,455,Champions,1,VIP Champions,"Loyalty rewards, referral programs, exclusive early access"
14506,17,5,2012.17,4,4,4,12,444,Champions,2,Loyal Regulars,"Upsell campaigns, early access to new products, cross-sell"
14507,24,6,1383.18,4,5,4,13,454,Champions,2,Loyal Regulars,"Upsell campaigns, early access to new products, cross-sell"
14508,22,2,276.42,4,3,2,9,432,Promising,0,New Potentials,"Welcome series, onboarding discounts, education content"
14511,11,5,1314.81,5,4,4,13,544,Champions,2,Loyal Regulars,"Upsell campaigns, early access to new products, cross-sell"
14512,188,2,275.28,1,3,2,6,132,Need Attention,3,Lost Causes,Final reactivation attempt or remove from active campaigns
14513,101,3,455.59,2,3,2,7,232,Need Attention,3,Lost Causes,Final reactivation attempt or remove from active campaigns
14514,61,3,1055.35,3,3,4,10,334,Promising,2,Loyal Regulars,"Upsell campaigns, early access to new products, cross-sell"
14515,18,6,2102.09,4,5,5,14,455,Champions,2,Loyal Regulars,"Upsell campaigns, early access to new products, cross-sell"
14517,33,2,330.45,4,3,2,9,432,Promising,0,New Potentials,"Welcome series, onboarding discounts, education content"
14518,64,1,174.37,3,1,1,5,311,Need Attention,3,Lost Causes,Final reactivation attempt or remove from active campaigns
14520,2,2,270.6,5,3,2,10,532,Promising,0,New Potentials,"Welcome series, onboarding discounts, education content"
14522,24,4,974.54,4,4,4,12,444,Champions,2,Loyal Regulars,"Upsell campaigns, early access to new products, cross-sell"
14523,108,1,241.09,2,1,1,4,211,Lost,3,Lost Causes,Final reactivation attempt or remove from active campaigns
14524,32,9,1867.68,4,5,4,13,454,Champions,2,Loyal Regulars,"Upsell campaigns, early access to new products, cross-sell"
14525,20,9,4332.2,4,5,5,14,455,Champions,1,VIP Champions,"Loyalty rewards, referral programs, exclusive early access"
14527,3,55,8508.82,5,5,5,15,555,Champions,1,VIP Champions,"Loyalty rewards, referral programs, exclusive early access"
14528,37,1,364.22,3,1,2,6,312,Need Attention,0,New Potentials,"Welcome series, onboarding discounts, education content"
14529,60,3,620.04,3,3,3,9,333,Promising,2,Loyal Regulars,"Upsell campaigns, early access to new products, cross-sell"
14530,26,6,2925.91,4,5,5,14,455,Champions,2,Loyal Regulars,"Upsell campaigns, early access to new products, cross-sell"
14532,236,4,932.85,1,4,3,8,143,Can't Lose Them,2,Loyal Regulars,"Upsell campaigns, early access to new products, cross-sell"
14533,25,7,1949.72,4,5,4,13,454,Champions,2,Loyal Regulars,"Upsell campaigns, early access to new products, cross-sell"
14534,3,18,4447.05,5,5,5,15,555,Champions,1,VIP Champions,"Loyalty rewards, referral programs, exclusive early access"
14535,60,3,2864.19,3,3,5,11,335,Promising,2,Loyal Regulars,"Upsell campaigns, early access to new products, cross-sell"
14536,260,1,171.8,1,1,1,3,111,Lost,3,Lost Causes,Final reactivation attempt or remove from active campaigns
14537,58,1,355.56,3,1,2,6,312,Need Attention,3,Lost Causes,Final reactivation attempt or remove from active campaigns
14538,65,2,388.25,3,3,2,8,332,Promising,3,Lost Causes,Final reactivation attempt or remove from active campaigns
14539,16,2,537.48,4,3,3,10,433,Promising,0,New Potentials,"Welcome series, onboarding discounts, education content"
14540,10,3,996.26,5,3,4,12,534,Promising,0,New Potentials,"Welcome series, onboarding discounts, education content"
14541,59,8,1461.65,3,5,4,12,354,Promising,2,Loyal Regulars,"Upsell campaigns, early access to new products, cross-sell"
14542,186,1,103.25,1,1,1,3,111,Lost,3,Lost Causes,Final reactivation attempt or remove from active campaigns
14543,29,16,3630.33,4,5,5,14,455,Champions,1,VIP Champions,"Loyalty rewards, referral programs, exclusive early access"
14544,24,2,2024.45,4,3,4,11,434,Promising,2,Loyal Regulars,"Upsell campaigns, early access to new products, cross-sell"
14546,5,5,2578.09,5,4,5,14,545,Champions,1,VIP Champions,"Loyalty rewards, referral programs, exclusive early access"
14547,4,8,4007.54,5,5,5,15,555,Champions,1,VIP Champions,"Loyalty rewards, referral programs, exclusive early access"
14548,151,2,652.8,2,3,3,8,233,At Risk,3,Lost Causes,Final reactivation attempt or remove from active campaigns
14549,311,1,289.24,1,1,2,4,112,Lost,3,Lost Causes,Final reactivation attempt or remove from active campaigns
14550,11,2,765.62,5,3,3,11,533,Promising,0,New Potentials,"Welcome series, onboarding discounts, education content"
14551,18,2,186.23,4,3,1,8,431,Promising,0,New Potentials,"Welcome series, onboarding discounts, education content"
14552,152,1,165.07,2,1,1,4,211,Lost,3,Lost Causes,Final reactivation attempt or remove from active campaigns
14553,19,5,859.27,4,4,3,11,443,Loyal Customers,2,Loyal Regulars,"Upsell campaigns, early access to new products, cross-sell"
14554,10,4,2381.04,5,4,5,14,545,Champions,2,Loyal Regulars,"Upsell campaigns, early access to new products, cross-sell"
14555,57,2,324.14,3,3,2,8,332,Promising,3,Lost Causes,Final reactivation attempt or remove from active campaigns
14557,85,1,788.38,2,1,3,6,213,Lost,3,Lost Causes,Final reactivation attempt or remove from active campaigns
14560,7,22,2237.77,5,5,5,15,555,Champions,1,VIP Champions,"Loyalty rewards, referral programs, exclusive early access"
14561,76,3,1080.76,2,3,4,9,234,At Risk,2,Loyal Regulars,"Upsell campaigns, early access to new products, cross-sell"
14562,4,18,5074.77,5,5,5,15,555,Champions,1,VIP Champions,"Loyalty rewards, referral programs, exclusive early access"
14565,96,4,3099.12,2,4,5,11,245,Can't Lose Them,2,Loyal Regulars,"Upsell campaigns, early access to new products, cross-sell"
14566,111,1,1432.0,2,1,4,7,214,Lost,3,Lost Causes,Final reactivation attempt or remove from active campaigns
14567,57,2,1530.36,3,3,4,10,334,Promising,2,Loyal Regulars,"Upsell campaigns, early access to new products, cross-sell"
14569,1,1,227.39,5,1,1,7,511,New Customers,0,New Potentials,"Welcome series, onboarding discounts, education content"
14570,281,2,218.06,1,3,1,5,131,Need Attention,3,Lost Causes,Final reactivation attempt or remove from active campaigns
14572,3,7,2832.84,5,5,5,15,555,Champions,1,VIP Champions,"Loyalty rewards, referral programs, exclusive early access"
14573,180,9,1653.42,1,5,4,10,154,Can't Lose Them,2,Loyal Regulars,"Upsell campaigns, early access to new products, cross-sell"
14576,372,1,35.400000000000006,1,1,1,3,111,Lost,3,Lost Causes,Final reactivation attempt or remove from active campaigns
14577,13,4,859.71,5,4,3,12,543,Loyal Customers,0,New Potentials,"Welcome series, onboarding discounts, education content"
14578,3,1,168.63,5,1,1,7,511,New Customers,0,New Potentials,"Welcome series, onboarding discounts, education content"
14581,17,1,138.6,4,1,1,6,411,New Customers,0,New Potentials,"Welcome series, onboarding discounts, education content"
14582,41,1,114.11,3,1,1,5,311,Need Attention,3,Lost Causes,Final reactivation attempt or remove from active campaigns
14583,6,5,1052.55,5,4,4,13,544,Champions,0,New Potentials,"Welcome series, onboarding discounts, education content"
14584,169,4,1042.26,2,4,4,10,244,Can't Lose Them,2,Loyal Regulars,"Upsell campaigns, early access to new products, cross-sell"
14585,50,1,157.05,3,1,1,5,311,Need Attention,3,Lost Causes,Final reactivation attempt or remove from active campaigns
14586,277,1,237.36,1,1,1,3,111,Lost,3,Lost Causes,Final reactivation attempt or remove from active campaigns
14587,19,9,1601.14,4,5,4,13,454,Champions,1,VIP Champions,"Loyalty rewards, referral programs, exclusive early access"
14589,372,1,39.75,1,1,1,3,111,Lost,3,Lost Causes,Final reactivation attempt or remove from active campaigns
14591,15,4,1447.14,4,4,4,12,444,Champions,2,Loyal Regulars,"Upsell campaigns, early access to new products, cross-sell"
14592,35,3,570.46,3,3,3,9,333,Promising,0,New Potentials,"Welcome series, onboarding discounts, education content"
14593,22,3,617.99,4,3,3,10,433,Promising,0,New Potentials,"Welcome series, onboarding discounts, education content"
14594,7,2,379.83,5,3,2,10,532,Promising,0,New Potentials,"Welcome series, onboarding discounts, education content"
14595,20,6,1740.6,4,5,4,13,454,Champions,2,Loyal Regulars,"Upsell campaigns, early access to new products, cross-sell"
14597,11,2,883.15,5,3,3,11,533,Promising,0,New Potentials,"Welcome series, onboarding discounts, education content"
14598,44,1,221.97,3,1,1,5,311,Need Attention,3,Lost Causes,Final reactivation attempt or remove from active campaigns
14600,306,1,393.33,1,1,2,4,112,Lost,3,Lost Causes,Final reactivation attempt or remove from active campaigns
14601,11,1,213.96,5,1,1,7,511,New Customers,0,New Potentials,"Welcome series, onboarding discounts, education content"
14603,275,1,660.0,1,1,3,5,113,Lost,3,Lost Causes,Final reactivation attempt or remove from active campaigns
14606,1,93,12156.65,5,5,5,15,555,Champions,1,VIP Champions,"Loyalty rewards, referral programs, exclusive early access"
14607,16,14,16569.5,4,5,5,14,455,Champions,1,VIP Champions,"Loyalty rewards, referral programs, exclusive early access"
14608,4,4,1785.15,5,4,4,13,544,Champions,1,VIP Champions,"Loyalty rewards, referral programs, exclusive early access"
14609,72,4,601.56,3,4,3,10,343,Promising,2,Loyal Regulars,"Upsell campaigns, early access to new products, cross-sell"
14616,243,3,406.08,1,3,2,6,132,Need Attention,3,Lost Causes,Final reactivation attempt or remove from active campaigns
14618,9,3,553.44,5,3,3,11,533,Promising,0,New Potentials,"Welcome series, onboarding discounts, education content"
14619,246,1,394.44,1,1,2,4,112,Lost,3,Lost Causes,Final reactivation attempt or remove from active campaigns
14620,206,2,412.78,1,3,2,6,132,Need Attention,3,Lost Causes,Final reactivation attempt or remove from active campaigns
14621,1,5,1788.36,5,4,4,13,544,Champions,1,VIP Champions,"Loyalty rewards, referral programs, exclusive early access"
14622,185,1,320.58000000000004,1,1,2,4,112,Lost,3,Lost Causes,Final reactivation attempt or remove from active campaigns
14623,32,5,889.25,4,4,3,11,443,Loyal Customers,2,Loyal Regulars,"Upsell campaigns, early access to new products, cross-sell"
14624,57,2,225.85,3,3,1,7,331,Promising,3,Lost Causes,Final reactivation attempt or remove from active campaigns
14625,196,2,899.63,1,3,3,7,133,At Risk,3,Lost Causes,Final reactivation attempt or remove from active campaigns
14626,24,4,2791.27,4,4,5,13,445,Champions,2,Loyal Regulars,"Upsell campaigns, early access to new products, cross-sell"
14628,91,2,671.96,2,3,3,8,233,At Risk,3,Lost Causes,Final reactivation attempt or remove from active campaigns
14629,4,2,959.01,5,3,4,12,534,Promising,0,New Potentials,"Welcome series, onboarding discounts, education content"
14631,51,3,1006.98,3,3,4,10,334,Promising,2,Loyal Regulars,"Upsell campaigns, early access to new products, cross-sell"
14632,263,1,114.56,1,1,1,3,111,Lost,3,Lost Causes,Final reactivation attempt or remove from active campaigns
14633,266,1,344.90000000000003,1,1,2,4,112,Lost,3,Lost Causes,Final reactivation attempt or remove from active campaigns
14636,36,2,609.85,3,3,3,9,333,Promising,0,New Potentials,"Welcome series, onboarding discounts, education content"
14638,51,1,443.6,3,1,2,6,312,Need Attention,3,Lost Causes,Final reactivation attempt or remove from active campaigns
14639,52,6,2984.49,3,5,5,13,355,Promising,2,Loyal Regulars,"Upsell campaigns, early access to new products, cross-sell"
14640,24,6,2125.08,4,5,5,14,455,Champions,2,Loyal Regulars,"Upsell campaigns, early access to new products, cross-sell"
14641,22,1,110.46,4,1,1,6,411,New Customers,0,New Potentials,"Welcome series, onboarding discounts, education content"
14642,59,1,96.12,3,1,1,5,311,Need Attention,3,Lost Causes,Final reactivation attempt or remove from active campaigns
14643,170,2,693.8100000000001,2,3,3,8,233,At Risk,3,Lost Causes,Final reactivation attempt or remove from active campaigns
14644,68,2,830.76,3,3,3,9,333,Promising,2,Loyal Regulars,"Upsell campaigns, early access to new products, cross-sell"
14645,157,2,597.09,2,3,3,8,233,At Risk,3,Lost Causes,Final reactivation attempt or remove from active campaigns
14646,2,73,280206.02,5,5,5,15,555,Champions,1,VIP Champions,"Loyalty rewards, referral programs, exclusive early access"
14647,201,1,243.22,1,1,1,3,111,Lost,3,Lost Causes,Final reactivation attempt or remove from active campaigns
14649,5,4,1417.29,5,4,4,13,544,Champions,0,New Potentials,"Welcome series, onboarding discounts, education content"
14651,67,2,654.6,3,3,3,9,333,Promising,2,Loyal Regulars,"Upsell campaigns, early access to new products, cross-sell"
14652,77,1,114.18,2,1,1,4,211,Lost,3,Lost Causes,Final reactivation attempt or remove from active campaigns
14653,1,7,1947.55,5,5,4,14,554,Champions,1,VIP Champions,"Loyalty rewards, referral programs, exclusive early access"
14655,8,4,1932.23,5,4,4,13,544,Champions,2,Loyal Regulars,"Upsell campaigns, early access to new products, cross-sell"
14656,169,2,291.05,2,3,2,7,232,Need Attention,3,Lost Causes,Final reactivation attempt or remove from active campaigns
14657,18,4,848.22,4,4,3,11,443,Loyal Customers,2,Loyal Regulars,"Upsell campaigns, early access to new products, cross-sell"
14658,5,2,247.15,5,3,1,9,531,Promising,0,New Potentials,"Welcome series, onboarding discounts, education content"
14659,9,9,2529.93,5,5,5,15,555,Champions,1,VIP Champions,"Loyalty rewards, referral programs, exclusive early access"
14660,87,2,285.74,2,3,2,7,232,Need Attention,3,Lost Causes,Final reactivation attempt or remove from active campaigns
14661,27,1,107.95,4,1,1,6,411,New Customers,0,New Potentials,"Welcome series, onboarding discounts, education content"
14662,29,4,771.17,4,4,3,11,443,Loyal Customers,2,Loyal Regulars,"Upsell campaigns, early access to new products, cross-sell"
14664,20,2,637.89,4,3,3,10,433,Promising,0,New Potentials,"Welcome series, onboarding discounts, education content"
14665,61,5,1835.7,3,4,4,11,344,Promising,2,Loyal Regulars,"Upsell campaigns, early access to new products, cross-sell"
14666,24,1,195.25,4,1,1,6,411,New Customers,0,New Potentials,"Welcome series, onboarding discounts, education content"
14667,11,25,9241.2,5,5,5,15,555,Champions,1,VIP Champions,"Loyalty rewards, referral programs, exclusive early access"
14669,242,3,1269.99,1,3,4,8,134,At Risk,2,Loyal Regulars,"Upsell campaigns, early access to new products, cross-sell"
14670,280,2,411.53,1,3,2,6,132,Need Attention,3,Lost Causes,Final reactivation attempt or remove from active campaigns
14672,235,2,765.5500000000001,1,3,3,7,133,At Risk,3,Lost Causes,Final reactivation attempt or remove from active campaigns
14673,3,5,1736.4,5,4,4,13,544,Champions,1,VIP Champions,"Loyalty rewards, referral programs, exclusive early access"
14675,16,1,604.75,4,1,3,8,413,New Customers,0,New Potentials,"Welcome series, onboarding discounts, education content"
14676,31,6,2548.24,4,5,5,14,455,Champions,2,Loyal Regulars,"Upsell campaigns, early access to new products, cross-sell"
14680,25,16,28754.11,4,5,5,14,455,Champions,1,VIP Champions,"Loyalty rewards, referral programs, exclusive early access"
14681,71,3,498.95,3,3,3,9,333,Promising,2,Loyal Regulars,"Upsell campaigns, early access to new products, cross-sell"
14682,188,2,52.0,1,3,1,5,131,Need Attention,3,Lost Causes,Final reactivation attempt or remove from active campaigns
14684,26,5,1236.28,4,4,4,12,444,Champions,2,Loyal Regulars,"Upsell campaigns, early access to new products, cross-sell"
14687,107,1,628.38,2,1,3,6,213,Lost,3,Lost Causes,Final reactivation attempt or remove from active campaigns
14688,8,21,5630.87,5,5,5,15,555,Champions,1,VIP Champions,"Loyalty rewards, referral programs, exclusive early access"
14689,209,1,112.8,1,1,1,3,111,Lost,3,Lost Causes,Final reactivation attempt or remove from active campaigns
14690,44,2,371.7,3,3,2,8,332,Promising,0,New Potentials,"Welcome series, onboarding discounts, education content"
14691,31,5,2114.33,4,4,5,13,445,Champions,2,Loyal Regulars,"Upsell campaigns, early access to new products, cross-sell"
14692,137,4,591.55,2,4,3,9,243,Can't Lose Them,2,Loyal Regulars,"Upsell campaigns, early access to new products, cross-sell"
14693,265,1,172.9,1,1,1,3,111,Lost,3,Lost Causes,Final reactivation attempt or remove from active campaigns
14696,4,7,2078.95,5,5,5,15,555,Champions,1,VIP Champions,"Loyalty rewards, referral programs, exclusive early access"
14697,218,2,188.61,1,3,1,5,131,Need Attention,3,Lost Causes,Final reactivation attempt or remove from active campaigns
14698,2,5,1250.76,5,4,4,13,544,Champions,1,VIP Champions,"Loyalty rewards, referral programs, exclusive early access"
14699,214,1,109.13,1,1,1,3,111,Lost,3,Lost Causes,Final reactivation attempt or remove from active campaigns
14700,32,3,2235.3,4,3,5,12,435,Promising,2,Loyal Regulars,"Upsell campaigns, early access to new products, cross-sell"
14701,11,9,2549.37,5,5,5,15,555,Champions,1,VIP Champions,"Loyalty rewards, referral programs, exclusive early access"
14702,1,17,3292.14,5,5,5,15,555,Champions,1,VIP Champions,"Loyalty rewards, referral programs, exclusive early access"
14703,15,1,318.17,4,1,2,7,412,New Customers,0,New Potentials,"Welcome series, onboarding discounts, education content"
14704,11,9,1546.91,5,5,4,14,554,Champions,1,VIP Champions,"Loyalty rewards, referral programs, exclusive early access"
14705,199,1,179.0,1,1,1,3,111,Lost,3,Lost Causes,Final reactivation attempt or remove from active campaigns
14708,3,3,1126.37,5,3,4,12,534,Promising,0,New Potentials,"Welcome series, onboarding discounts, education content"
14709,15,13,4921.04,4,5,5,14,455,Champions,1,VIP Champions,"Loyalty rewards, referral programs, exclusive early access"
14710,14,4,606.13,4,4,3,11,443,Loyal Customers,0,New Potentials,"Welcome series, onboarding discounts, education content"
14711,10,11,2868.8,5,5,5,15,555,Champions,1,VIP Champions,"Loyalty rewards, referral programs, exclusive early access"
14712,29,3,917.07,4,3,3,10,433,Promising,2,Loyal Regulars,"Upsell campaigns, early access to new products, cross-sell"
14713,9,11,2666.36,5,5,5,15,555,Champions,1,VIP Champions,"Loyalty rewards, referral programs, exclusive early access"
14714,24,1,160.19,4,1,1,6,411,New Customers,0,New Potentials,"Welcome series, onboarding discounts, education content"
14715,25,4,867.38,4,4,3,11,443,Loyal Customers,2,Loyal Regulars,"Upsell campaigns, early access to new products, cross-sell"
14716,43,2,329.68,3,3,2,8,332,Promising,0,New Potentials,"Welcome series, onboarding discounts, education content"
14719,2,5,1602.13,5,4,4,13,544,Champions,1,VIP Champions,"Loyalty rewards, referral programs, exclusive early access"
14720,6,3,663.81,5,3,3,11,533,Promising,0,New Potentials,"Welcome series, onboarding discounts, education content"
14722,147,1,187.92,2,1,1,4,211,Lost,3,Lost Causes,Final reactivation attempt or remove from active campaigns
14723,10,6,1158.3,5,5,4,14,554,Champions,1,VIP Champions,"Loyalty rewards, referral programs, exclusive early access"
14725,25,1,718.08,4,1,3,8,413,New Customers,0,New Potentials,"Welcome series, onboarding discounts, education content"
14727,274,1,268.58,1,1,2,4,112,Lost,3,Lost Causes,Final reactivation attempt or remove from active campaigns
14729,374,1,313.49,1,1,2,4,112,Lost,3,Lost Causes,Final reactivation attempt or remove from active campaigns
14730,1,8,2005.06,5,5,4,14,554,Champions,1,VIP Champions,"Loyalty rewards, referral programs, exclusive early access"
14731,47,3,380.02,3,3,2,8,332,Promising,0,New Potentials,"Welcome series, onboarding discounts, education content"
14732,8,8,2702.49,5,5,5,15,555,Champions,1,VIP Champions,"Loyalty rewards, referral programs, exclusive early access"
14733,16,12,9585.91,4,5,5,14,455,Champions,1,VIP Champions,"Loyalty rewards, referral programs, exclusive early access"
14735,4,32,6065.6900000000005,5,5,5,15,555,Champions,1,VIP Champions,"Loyalty rewards, referral programs, exclusive early access"
14737,4,3,1164.55,5,3,4,12,534,Promising,0,New Potentials,"Welcome series, onboarding discounts, education content"
14738,43,7,1314.45,3,5,4,12,354,Promising,2,Loyal Regulars,"Upsell campaigns, early access to new products, cross-sell"
14739,4,7,3902.28,5,5,5,15,555,Champions,1,VIP Champions,"Loyalty rewards, referral programs, exclusive early access"
14740,197,3,1448.21,1,3,4,8,134,At Risk,2,Loyal Regulars,"Upsell campaigns, early access to new products, cross-sell"
14741,12,6,1400.34,5,5,4,14,554,Champions,1,VIP Champions,"Loyalty rewards, referral programs, exclusive early access"
14744,16,7,1099.98,4,5,4,13,454,Champions,2,Loyal Regulars,"Upsell campaigns, early access to new products, cross-sell"
14745,113,5,1220.26,2,4,4,10,244,Can't Lose Them,2,Loyal Regulars,"Upsell campaigns, early access to new products, cross-sell"
14747,249,1,328.2,1,1,2,4,112,Lost,3,Lost Causes,Final reactivation attempt or remove from active campaigns
14748,29,5,1415.75,4,4,4,12,444,Champions,2,Loyal Regulars,"Upsell campaigns, early access to new products, cross-sell"
14752,44,1,389.64,3,1,2,6,312,Need Attention,3,Lost Causes,Final reactivation attempt or remove from active campaigns
14753,87,1,563.15,2,1,3,6,213,Lost,3,Lost Causes,Final reactivation attempt or remove from active campaigns
14754,45,2,638.05,3,3,3,9,333,Promising,0,New Potentials,"Welcome series, onboarding discounts, education content"
14755,10,11,5010.28,5,5,5,15,555,Champions,1,VIP Champions,"Loyalty rewards, referral programs, exclusive early access"
14756,15,1,738.96,4,1,3,8,413,New Customers,0,New Potentials,"Welcome series, onboarding discounts, education content"
14757,75,1,420.5,2,1,2,5,212,Lost,3,Lost Causes,Final reactivation attempt or remove from active campaigns
14758,145,4,1484.06,2,4,4,10,244,Can't Lose Them,2,Loyal Regulars,"Upsell campaigns, early access to new products, cross-sell"
14759,5,3,1625.97,5,3,4,12,534,Promising,0,New Potentials,"Welcome series, onboarding discounts, education content"
14760,297,1,89.2,1,1,1,3,111,Lost,3,Lost Causes,Final reactivation attempt or remove from active campaigns
14761,59,2,255.9,3,3,2,8,332,Promising,3,Lost Causes,Final reactivation attempt or remove from active campaigns
14762,264,1,300.52,1,1,2,4,112,Lost,3,Lost Causes,Final reactivation attempt or remove from active campaigns
14764,47,1,278.3,3,1,2,6,312,Need Attention,3,Lost Causes,Final reactivation attempt or remove from active campaigns
14765,29,3,254.11,4,3,2,9,432,Promising,0,New Potentials,"Welcome series, onboarding discounts, education content"
14766,8,6,2473.37,5,5,5,15,555,Champions,1,VIP Champions,"Loyalty rewards, referral programs, exclusive early access"
14768,17,2,192.6,4,3,1,8,431,Promising,0,New Potentials,"Welcome series, onboarding discounts, education content"
14769,3,8,10674.75,5,5,5,15,555,Champions,1,VIP Champions,"Loyalty rewards, referral programs, exclusive early access"
14770,232,2,876.4200000000001,1,3,3,7,133,At Risk,3,Lost Causes,Final reactivation attempt or remove from active campaigns
14772,112,1,139.26,2,1,1,4,211,Lost,3,Lost Causes,Final reactivation attempt or remove from active campaigns
14775,58,3,1011.9,3,3,4,10,334,Promising,2,Loyal Regulars,"Upsell campaigns, early access to new products, cross-sell"
14776,51,11,2538.3,3,5,5,13,355,Promising,1,VIP Champions,"Loyalty rewards, referral programs, exclusive early access"
14778,127,2,730.86,2,3,3,8,233,At Risk,3,Lost Causes,Final reactivation attempt or remove from active campaigns
14779,281,3,386.15,1,3,2,6,132,Need Attention,3,Lost Causes,Final reactivation attempt or remove from active campaigns
14780,55,2,447.68,3,3,2,8,332,Promising,3,Lost Causes,Final reactivation attempt or remove from active campaigns
14782,320,1,200.1,1,1,1,3,111,Lost,3,Lost Causes,Final reactivation attempt or remove from active campaigns
14784,26,2,289.99,4,3,2,9,432,Promising,0,New Potentials,"Welcome series, onboarding discounts, education content"
14785,10,2,77.4,5,3,1,9,531,Promising,0,New Potentials,"Welcome series, onboarding discounts, education content"
14788,7,2,679.44,5,3,3,11,533,Promising,0,New Potentials,"Welcome series, onboarding discounts, education content"
14789,29,1,197.64,4,1,1,6,411,New Customers,0,New Potentials,"Welcome series, onboarding discounts, education content"
14790,17,4,745.06,4,4,3,11,443,Loyal Customers,0,New Potentials,"Welcome series, onboarding discounts, education content"
14792,64,1,6.2,3,1,1,5,311,Need Attention,3,Lost Causes,Final reactivation attempt or remove from active campaigns
14793,21,1,228.99,4,1,1,6,411,New Customers,0,New Potentials,"Welcome series, onboarding discounts, education content"
14794,3,7,1319.91,5,5,4,14,554,Champions,1,VIP Champions,"Loyalty rewards, referral programs, exclusive early access"
14795,166,1,131.45000000000002,2,1,1,4,211,Lost,3,Lost Causes,Final reactivation attempt or remove from active campaigns
14796,1,17,8022.49,5,5,5,15,555,Champions,1,VIP Champions,"Loyalty rewards, referral programs, exclusive early access"
14798,53,3,173.74,3,3,1,7,331,Promising,3,Lost Causes,Final reactivation attempt or remove from active campaigns
14799,51,1,157.7,3,1,1,5,311,Need Attention,3,Lost Causes,Final reactivation attempt or remove from active campaigns
14800,48,12,4339.74,3,5,5,13,355,Promising,1,VIP Champions,"Loyalty rewards, referral programs, exclusive early access"
14801,61,1,193.14,3,1,1,5,311,Need Attention,3,Lost Causes,Final reactivation attempt or remove from active campaigns
14803,162,3,845.5500000000001,2,3,3,8,233,At Risk,2,Loyal Regulars,"Upsell campaigns, early access to new products, cross-sell"
14804,9,1,353.27,5,1,2,8,512,New Customers,0,New Potentials,"Welcome series, onboarding discounts, education content"
14805,15,4,554.65,4,4,3,11,443,Loyal Customers,0,New Potentials,"Welcome series, onboarding discounts, education content"
14806,75,1,193.39,2,1,1,4,211,Lost,3,Lost Causes,Final reactivation attempt or remove from active campaigns
14808,40,8,2741.17,3,5,5,13,355,Promising,2,Loyal Regulars,"Upsell campaigns, early access to new products, cross-sell"
14810,41,11,2087.88,3,5,5,13,355,Promising,1,VIP Champions,"Loyalty rewards, referral programs, exclusive early access"
14813,370,2,155.43,1,3,1,5,131,Need Attention,3,Lost Causes,Final reactivation attempt or remove from active campaigns
14815,37,2,778.5,3,3,3,9,333,Promising,0,New Potentials,"Welcome series, onboarding discounts, education content"
14816,197,1,271.85,1,1,2,4,112,Lost,3,Lost Causes,Final reactivation attempt or remove from active campaigns
14817,200,2,1110.34,1,3,4,8,134,At Risk,2,Loyal Regulars,"Upsell campaigns, early access to new products, cross-sell"
14818,74,3,657.8,2,3,3,8,233,At Risk,2,Loyal Regulars,"Upsell campaigns, early access to new products, cross-sell"
14819,64,2,272.07,3,3,2,8,332,Promising,3,Lost Causes,Final reactivation attempt or remove from active campaigns
14820,21,4,507.29,4,4,3,11,443,Loyal Customers,0,New Potentials,"Welcome series, onboarding discounts, education content"
14821,367,1,48.8,1,1,1,3,111,Lost,3,Lost Causes,Final reactivation attempt or remove from active campaigns
14823,180,3,321.43,1,3,2,6,132,Need Attention,3,Lost Causes,Final reactivation attempt or remove from active campaigns
14824,10,4,1127.71,5,4,4,13,544,Champions,0,New Potentials,"Welcome series, onboarding discounts, education content"
14825,4,12,2226.9100000000003,5,5,5,15,555,Champions,1,VIP Champions,"Loyalty rewards, referral programs, exclusive early access"
14828,197,3,2139.76,1,3,5,9,135,At Risk,2,Loyal Regulars,"Upsell campaigns, early access to new products, cross-sell"
14829,29,4,697.55,4,4,3,11,443,Loyal Customers,2,Loyal Regulars,"Upsell campaigns, early access to new products, cross-sell"
14830,53,1,197.13,3,1,1,5,311,Need Attention,3,Lost Causes,Final reactivation attempt or remove from active campaigns
14834,18,6,1720.3,4,5,4,13,454,Champions,2,Loyal Regulars,"Upsell campaigns, early access to new products, cross-sell"
14836,10,3,102.45,5,3,1,9,531,Promising,0,New Potentials,"Welcome series, onboarding discounts, education content"
14837,90,4,1649.5,2,4,4,10,244,Can't Lose Them,2,Loyal Regulars,"Upsell campaigns, early access to new products, cross-sell"
14840,268,1,62.85,1,1,1,3,111,Lost,3,Lost Causes,Final reactivation attempt or remove from active campaigns
14841,53,6,3295.76,3,5,5,13,355,Promising,2,Loyal Regulars,"Upsell campaigns, early access to new products, cross-sell"
14842,44,4,2824.69,3,4,5,12,345,Promising,2,Loyal Regulars,"Upsell campaigns, early access to new products, cross-sell"
14844,64,4,3189.81,3,4,5,12,345,Promising,2,Loyal Regulars,"Upsell campaigns, early access to new products, cross-sell"
14847,149,1,309.40000000000003,2,1,2,5,212,Lost,3,Lost Causes,Final reactivation attempt or remove from active campaigns
14849,22,25,7930.54,4,5,5,14,455,Champions,1,VIP Champions,"Loyalty rewards, referral programs, exclusive early access"
14850,312,1,325.75,1,1,2,4,112,Lost,3,Lost Causes,Final reactivation attempt or remove from active campaigns
14851,23,2,511.35,4,3,3,10,433,Promising,0,New Potentials,"Welcome series, onboarding discounts, education content"
14852,58,6,2836.69,3,5,5,13,355,Promising,2,Loyal Regulars,"Upsell campaigns, early access to new products, cross-sell"
14853,24,2,475.8,4,3,2,9,432,Promising,0,New Potentials,"Welcome series, onboarding discounts, education content"
14854,78,7,2759.83,2,5,5,12,255,Can't Lose Them,2,Loyal Regulars,"Upsell campaigns, early access to new products, cross-sell"
14855,119,2,645.65,2,3,3,8,233,At Risk,3,Lost Causes,Final reactivation attempt or remove from active campaigns
14856,36,3,1311.38,3,3,4,10,334,Promising,2,Loyal Regulars,"Upsell campaigns, early access to new products, cross-sell"
14857,60,2,1173.12,3,3,4,10,334,Promising,2,Loyal Regulars,"Upsell campaigns, early access to new products, cross-sell"
14859,13,4,1353.74,5,4,4,13,544,Champions,2,Loyal Regulars,"Upsell campaigns, early access to new products, cross-sell"
14860,19,1,170.32,4,1,1,6,411,New Customers,0,New Potentials,"Welcome series, onboarding discounts, education content"
14861,52,1,125.79,3,1,1,5,311,Need Attention,3,Lost Causes,Final reactivation attempt or remove from active campaigns
14862,26,2,841.2,4,3,3,10,433,Promising,0,New Potentials,"Welcome series, onboarding discounts, education content"
14863,29,1,266.76,4,1,2,7,412,New Customers,0,New Potentials,"Welcome series, onboarding discounts, education content"
14865,7,2,52.2,5,3,1,9,531,Promising,0,New Potentials,"Welcome series, onboarding discounts, education content"
14866,11,12,14389.9,5,5,5,15,555,Champions,1,VIP Champions,"Loyalty rewards, referral programs, exclusive early access"
14867,186,3,710.28,1,3,3,7,133,At Risk,2,Loyal Regulars,"Upsell campaigns, early access to new products, cross-sell"
14868,3,8,2953.59,5,5,5,15,555,Champions,1,VIP Champions,"Loyalty rewards, referral programs, exclusive early access"
14869,9,2,725.7,5,3,3,11,533,Promising,0,New Potentials,"Welcome series, onboarding discounts, education content"
14870,262,1,327.25,1,1,2,4,112,Lost,3,Lost Causes,Final reactivation attempt or remove from active campaigns
14871,3,4,522.38,5,4,3,12,543,Loyal Customers,0,New Potentials,"Welcome series, onboarding discounts, education content"
14873,210,1,519.68,1,1,3,5,113,Lost,3,Lost Causes,Final reactivation attempt or remove from active campaigns
14875,108,2,1465.32,2,3,4,9,234,At Risk,2,Loyal Regulars,"Upsell campaigns, early access to new products, cross-sell"
14878,13,9,1485.54,5,5,4,14,554,Champions,1,VIP Champions,"Loyalty rewards, referral programs, exclusive early access"
14880,77,3,706.19,2,3,3,8,233,At Risk,2,Loyal Regulars,"Upsell campaigns, early access to new products, cross-sell"
14881,20,1,255.4,4,1,2,7,412,New Customers,0,New Potentials,"Welcome series, onboarding discounts, education content"
14882,27,2,589.7,4,3,3,10,433,Promising,0,New Potentials,"Welcome series, onboarding discounts, education content"
14883,19,6,761.59,4,5,3,12,453,Loyal Customers,2,Loyal Regulars,"Upsell campaigns, early access to new products, cross-sell"
14885,132,1,765.3199999999999,2,1,3,6,213,Lost,3,Lost Causes,Final reactivation attempt or remove from active campaigns
14886,253,1,364.8,1,1,2,4,112,Lost,3,Lost Causes,Final reactivation attempt or remove from active campaigns
14887,79,1,1862.0,2,1,4,7,214,Lost,2,Loyal Regulars,"Upsell campaigns, early access to new products, cross-sell"
14888,207,1,369.2,1,1,2,4,112,Lost,3,Lost Causes,Final reactivation attempt or remove from active campaigns
14889,336,1,135.9,1,1,1,3,111,Lost,3,Lost Causes,Final reactivation attempt or remove from active campaigns
14890,254,1,125.65,1,1,1,3,111,Lost,3,Lost Causes,Final reactivation attempt or remove from active campaigns
14891,148,2,554.38,2,3,3,8,233,At Risk,3,Lost Causes,Final reactivation attempt or remove from active campaigns
14893,10,2,1237.85,5,3,4,12,534,Promising,0,New Potentials,"Welcome series, onboarding discounts, education content"
14894,85,1,655.75,2,1,3,6,213,Lost,3,Lost Causes,Final reactivation attempt or remove from active campaigns
14895,8,20,11138.71,5,5,5,15,555,Champions,1,VIP Champions,"Loyalty rewards, referral programs, exclusive early access"
14896,205,2,468.77,1,3,2,6,132,Need Attention,3,Lost Causes,Final reactivation attempt or remove from active campaigns
14897,8,4,1366.38,5,4,4,13,544,Champions,0,New Potentials,"Welcome series, onboarding discounts, education content"
14898,23,6,1303.52,4,5,4,13,454,Champions,2,Loyal Regulars,"Upsell campaigns, early access to new products, cross-sell"
14901,11,9,1421.29,5,5,4,14,554,Champions,1,VIP Champions,"Loyalty rewards, referral programs, exclusive early access"
14902,26,1,332.66,4,1,2,7,412,New Customers,0,New Potentials,"Welcome series, onboarding discounts, education content"
14903,21,5,2810.63,4,4,5,13,445,Champions,2,Loyal Regulars,"Upsell campaigns, early access to new products, cross-sell"
14904,2,2,1025.44,5,3,4,12,534,Promising,0,New Potentials,"Welcome series, onboarding discounts, education content"
14905,158,2,616.15,2,3,3,8,233,At Risk,3,Lost Causes,Final reactivation attempt or remove from active campaigns
14907,3,7,3501.1,5,5,5,15,555,Champions,1,VIP Champions,"Loyalty rewards, referral programs, exclusive early access"
14908,74,1,277.8,2,1,2,5,212,Lost,3,Lost Causes,Final reactivation attempt or remove from active campaigns
14910,3,4,434.35,5,4,2,11,542,Loyal Customers,0,New Potentials,"Welcome series, onboarding discounts, education content"
14911,1,201,143825.06,5,5,5,15,555,Champions,1,VIP Champions,"Loyalty rewards, referral programs, exclusive early access"
14912,17,2,867.85,4,3,3,10,433,Promising,0,New Potentials,"Welcome series, onboarding discounts, education content"
14913,36,4,1227.43,3,4,4,11,344,Promising,2,Loyal Regulars,"Upsell campaigns, early access to new products, cross-sell"
14915,91,2,307.48,2,3,2,7,232,Need Attention,3,Lost Causes,Final reactivation attempt or remove from active campaigns
14916,71,4,1268.98,3,4,4,11,344,Promising,2,Loyal Regulars,"Upsell campaigns, early access to new products, cross-sell"
14918,116,2,1610.15,2,3,4,9,234,At Risk,2,Loyal Regulars,"Upsell campaigns, early access to new products, cross-sell"
14920,213,2,977.77,1,3,4,8,134,At Risk,3,Lost Causes,Final reactivation attempt or remove from active campaigns
14921,30,2,1316.07,4,3,4,11,434,Promising,2,Loyal Regulars,"Upsell campaigns, early access to new products, cross-sell"
14923,51,1,749.1,3,1,3,7,313,Need Attention,3,Lost Causes,Final reactivation attempt or remove from active campaigns
14924,246,1,310.05,1,1,2,4,112,Lost,3,Lost Causes,Final reactivation attempt or remove from active campaigns
14929,32,1,223.88,4,1,1,6,411,New Customers,0,New Potentials,"Welcome series, onboarding discounts, education content"
14930,109,3,2372.86,2,3,5,10,235,At Risk,2,Loyal Regulars,"Upsell campaigns, early access to new products, cross-sell"
14931,5,5,1257.68,5,4,4,13,544,Champions,1,VIP Champions,"Loyalty rewards, referral programs, exclusive early access"
14932,366,1,363.53,1,1,2,4,112,Lost,3,Lost Causes,Final reactivation attempt or remove from active campaigns
14934,82,2,1890.94,2,3,4,9,234,At Risk,2,Loyal Regulars,"Upsell campaigns, early access to new products, cross-sell"
14935,297,1,1784.71,1,1,4,6,114,Lost,3,Lost Causes,Final reactivation attempt or remove from active campaigns
14936,34,8,8137.02,3,5,5,13,355,Promising,1,VIP Champions,"Loyalty rewards, referral programs, exclusive early access"
14937,57,3,1621.88,3,3,4,10,334,Promising,2,Loyal Regulars,"Upsell campaigns, early access to new products, cross-sell"
14944,30,12,5900.25,4,5,5,14,455,Champions,1,VIP Champions,"Loyalty rewards, referral programs, exclusive early access"
14946,14,1,100.9,4,1,1,6,411,New Customers,0,New Potentials,"Welcome series, onboarding discounts, education content"
14947,72,2,290.82,3,3,2,8,332,Promising,3,Lost Causes,Final reactivation attempt or remove from active campaigns
14948,23,6,1101.97,4,5,4,13,454,Champions,2,Loyal Regulars,"Upsell campaigns, early access to new products, cross-sell"
14950,19,1,371.2,4,1,2,7,412,New Customers,0,New Potentials,"Welcome series, onboarding discounts, education content"
14951,79,1,311.69,2,1,2,5,212,Lost,3,Lost Causes,Final reactivation attempt or remove from active campaigns
14952,60,11,8099.49,3,5,5,13,355,Promising,1,VIP Champions,"Loyalty rewards, referral programs, exclusive early access"
14953,25,1,289.82,4,1,2,7,412,New Customers,0,New Potentials,"Welcome series, onboarding discounts, education content"
14954,12,1,336.17,5,1,2,8,512,New Customers,0,New Potentials,"Welcome series, onboarding discounts, education content"
14957,253,1,58.49,1,1,1,3,111,Lost,3,Lost Causes,Final reactivation attempt or remove from active campaigns
14958,147,3,499.68,2,3,3,8,233,At Risk,3,Lost Causes,Final reactivation attempt or remove from active campaigns
14959,64,4,695.42,3,4,3,10,343,Promising,2,Loyal Regulars,"Upsell campaigns, early access to new products, cross-sell"
14960,8,2,221.27,5,3,1,9,531,Promising,0,New Potentials,"Welcome series, onboarding discounts, education content"
14961,11,9,7044.68,5,5,5,15,555,Champions,1,VIP Champions,"Loyalty rewards, referral programs, exclusive early access"
14962,271,1,126.7,1,1,1,3,111,Lost,3,Lost Causes,Final reactivation attempt or remove from active campaigns
14963,10,5,1487.8,5,4,4,13,544,Champions,2,Loyal Regulars,"Upsell campaigns, early access to new products, cross-sell"
14964,247,1,206.21,1,1,1,3,111,Lost,3,Lost Causes,Final reactivation attempt or remove from active campaigns
14965,96,2,599.0,2,3,3,8,233,At Risk,3,Lost Causes,Final reactivation attempt or remove from active campaigns
14966,15,1,191.32,4,1,1,6,411,New Customers,0,New Potentials,"Welcome series, onboarding discounts, education content"
14967,50,1,463.8,3,1,2,6,312,Need Attention,3,Lost Causes,Final reactivation attempt or remove from active campaigns
14968,30,1,147.59,4,1,1,6,411,New Customers,0,New Potentials,"Welcome series, onboarding discounts, education content"
14970,68,4,1592.06,3,4,4,11,344,Promising,2,Loyal Regulars,"Upsell campaigns, early access to new products, cross-sell"
14971,35,3,1116.57,3,3,4,10,334,Promising,2,Loyal Regulars,"Upsell campaigns, early access to new products, cross-sell"
14972,128,1,114.77,2,1,1,4,211,Lost,3,Lost Causes,Final reactivation attempt or remove from active campaigns
14973,107,3,1314.45,2,3,4,9,234,At Risk,2,Loyal Regulars,"Upsell campaigns, early access to new products, cross-sell"
14974,37,1,114.39,3,1,1,5,311,Need Attention,3,Lost Causes,Final reactivation attempt or remove from active campaigns
14975,57,1,279.94,3,1,2,6,312,Need Attention,3,Lost Causes,Final reactivation attempt or remove from active campaigns
14976,57,7,790.86,3,5,3,11,353,Promising,2,Loyal Regulars,"Upsell campaigns, early access to new products, cross-sell"
14978,72,5,1931.42,3,4,4,11,344,Promising,2,Loyal Regulars,"Upsell campaigns, early access to new products, cross-sell"
14981,246,1,102.12,1,1,1,3,111,Lost,3,Lost Causes,Final reactivation attempt or remove from active campaigns
14984,19,2,213.27,4,3,1,8,431,Promising,0,New Potentials,"Welcome series, onboarding discounts, education content"
14985,198,2,296.75,1,3,2,6,132,Need Attention,3,Lost Causes,Final reactivation attempt or remove from active campaigns
14987,16,2,326.4,4,3,2,9,432,Promising,0,New Potentials,"Welcome series, onboarding discounts, education content"
14988,212,1,334.54,1,1,2,4,112,Lost,3,Lost Causes,Final reactivation attempt or remove from active campaigns
14995,39,2,233.23,3,3,1,7,331,Promising,0,New Potentials,"Welcome series, onboarding discounts, education content"
14997,46,3,546.1999999999999,3,3,3,9,333,Promising,2,Loyal Regulars,"Upsell campaigns, early access to new products, cross-sell"
14998,170,2,429.87,2,3,2,7,232,Need Attention,3,Lost Causes,Final reactivation attempt or remove from active campaigns
15000,48,1,490.52,3,1,3,7,313,Need Attention,3,Lost Causes,Final reactivation attempt or remove from active campaigns
15002,116,4,1641.76,2,4,4,10,244,Can't Lose Them,2,Loyal Regulars,"Upsell campaigns, early access to new products, cross-sell"
15004,147,1,1246.32,2,1,4,7,214,Lost,3,Lost Causes,Final reactivation attempt or remove from active campaigns
15005,16,28,6316.57,4,5,5,14,455,Champions,1,VIP Champions,"Loyalty rewards, referral programs, exclusive early access"
15006,51,1,502.09,3,1,3,7,313,Need Attention,3,Lost Causes,Final reactivation attempt or remove from active campaigns
15007,159,1,156.91,2,1,1,4,211,Lost,3,Lost Causes,Final reactivation attempt or remove from active campaigns
15009,12,3,1261.78,5,3,4,12,534,Promising,0,New Potentials,"Welcome series, onboarding discounts, education content"
15010,36,1,308.94,3,1,2,6,312,Need Attention,0,New Potentials,"Welcome series, onboarding discounts, education content"
15012,54,2,423.04,3,3,2,8,332,Promising,3,Lost Causes,Final reactivation attempt or remove from active campaigns
15014,43,2,260.17,3,3,2,8,332,Promising,0,New Potentials,"Welcome series, onboarding discounts, education content"
15016,173,1,170.04,2,1,1,4,211,Lost,3,Lost Causes,Final reactivation attempt or remove from active campaigns
15017,34,1,125.58,3,1,1,5,311,Need Attention,3,Lost Causes,Final reactivation attempt or remove from active campaigns
15018,39,3,496.21,3,3,3,9,333,Promising,0,New Potentials,"Welcome series, onboarding discounts, education content"
15019,267,1,266.0,1,1,2,4,112,Lost,3,Lost Causes,Final reactivation attempt or remove from active campaigns
15021,9,9,1914.82,5,5,4,14,554,Champions,1,VIP Champions,"Loyalty rewards, referral programs, exclusive early access"
15022,12,4,905.04,5,4,3,12,543,Loyal Customers,0,New Potentials,"Welcome series, onboarding discounts, education content"
15023,3,11,6802.76,5,5,5,15,555,Champions,1,VIP Champions,"Loyalty rewards, referral programs, exclusive early access"
15024,10,10,1661.33,5,5,4,14,554,Champions,1,VIP Champions,"Loyalty rewards, referral programs, exclusive early access"
15025,33,1,377.01,4,1,2,7,412,New Customers,0,New Potentials,"Welcome series, onboarding discounts, education content"
15026,80,3,469.0,2,3,2,7,232,Need Attention,2,Loyal Regulars,"Upsell campaigns, early access to new products, cross-sell"
15027,31,4,1066.15,4,4,4,12,444,Champions,2,Loyal Regulars,"Upsell campaigns, early access to new products, cross-sell"
15028,8,4,627.13,5,4,3,12,543,Loyal Customers,0,New Potentials,"Welcome series, onboarding discounts, education content"
15030,72,2,518.28,3,3,3,9,333,Promising,3,Lost Causes,Final reactivation attempt or remove from active campaigns
15031,4,4,668.14,5,4,3,12,543,Loyal Customers,0,New Potentials,"Welcome series, onboarding discounts, education content"
15032,256,3,4959.1,1,3,5,9,135,At Risk,2,Loyal Regulars,"Upsell campaigns, early access to new products, cross-sell"
15033,5,10,2586.67,5,5,5,15,555,Champions,1,VIP Champions,"Loyalty rewards, referral programs, exclusive early access"
15034,16,8,4308.61,4,5,5,14,455,Champions,1,VIP Champions,"Loyalty rewards, referral programs, exclusive early access"
15035,90,1,252.73,2,1,2,5,212,Lost,3,Lost Causes,Final reactivation attempt or remove from active campaigns
15036,72,3,465.55,3,3,2,8,332,Promising,2,Loyal Regulars,"Upsell campaigns, early access to new products, cross-sell"
15038,59,6,705.49,3,5,3,11,353,Promising,2,Loyal Regulars,"Upsell campaigns, early access to new products, cross-sell"
15039,10,47,19914.44,5,5,5,15,555,Champions,1,VIP Champions,"Loyalty rewards, referral programs, exclusive early access"
15041,170,1,180.35,2,1,1,4,211,Lost,3,Lost Causes,Final reactivation attempt or remove from active campaigns
15042,199,1,135.93,1,1,1,3,111,Lost,3,Lost Causes,Final reactivation attempt or remove from active campaigns
15043,31,1,537.0,4,1,3,8,413,New Customers,0,New Potentials,"Welcome series, onboarding discounts, education content"
15044,19,17,7700.23,4,5,5,14,455,Champions,1,VIP Champions,"Loyalty rewards, referral programs, exclusive early access"
15045,152,2,735.66,2,3,3,8,233,At Risk,3,Lost Causes,Final reactivation attempt or remove from active campaigns
15046,9,15,5213.77,5,5,5,15,555,Champions,1,VIP Champions,"Loyalty rewards, referral programs, exclusive early access"
15047,270,1,343.62,1,1,2,4,112,Lost,3,Lost Causes,Final reactivation attempt or remove from active campaigns
15048,65,4,384.05,3,4,2,9,342,Promising,2,Loyal Regulars,"Upsell campaigns, early access to new products, cross-sell"
15049,274,1,121.17000000000002,1,1,1,3,111,Lost,3,Lost Causes,Final reactivation attempt or remove from active campaigns
15050,25,3,1782.09,4,3,4,11,434,Promising,2,Loyal Regulars,"Upsell campaigns, early access to new products, cross-sell"
15051,23,3,1391.61,4,3,4,11,434,Promising,2,Loyal Regulars,"Upsell campaigns, early access to new products, cross-sell"
15052,319,1,215.78,1,1,1,3,111,Lost,3,Lost Causes,Final reactivation attempt or remove from active campaigns
15053,5,3,697.79,5,3,3,11,533,Promising,0,New Potentials,"Welcome series, onboarding discounts, education content"
15054,12,2,302.1,5,3,2,10,532,Promising,0,New Potentials,"Welcome series, onboarding discounts, education content"
15057,275,2,1489.5,1,3,4,8,134,At Risk,2,Loyal Regulars,"Upsell campaigns, early access to new products, cross-sell"
15058,25,11,2124.99,4,5,5,14,455,Champions,1,VIP Champions,"Loyalty rewards, referral programs, exclusive early access"
15059,41,9,1337.72,3,5,4,12,354,Promising,2,Loyal Regulars,"Upsell campaigns, early access to new products, cross-sell"
15060,8,4,303.09000000000003,5,4,2,11,542,Loyal Customers,0,New Potentials,"Welcome series, onboarding discounts, education content"
15061,4,48,54534.14,5,5,5,15,555,Champions,1,VIP Champions,"Loyalty rewards, referral programs, exclusive early access"
15062,71,4,987.86,3,4,4,11,344,Promising,2,Loyal Regulars,"Upsell campaigns, early access to new products, cross-sell"
15063,213,1,370.8,1,1,2,4,112,Lost,3,Lost Causes,Final reactivation attempt or remove from active campaigns
15065,38,4,3158.13,3,4,5,12,345,Promising,2,Loyal Regulars,"Upsell campaigns, early access to new products, cross-sell"
15066,53,1,893.59,3,1,3,7,313,Need Attention,3,Lost Causes,Final reactivation attempt or remove from active campaigns
15067,78,3,1744.76,2,3,4,9,234,At Risk,2,Loyal Regulars,"Upsell campaigns, early access to new products, cross-sell"
15068,46,2,553.36,3,3,3,9,333,Promising,0,New Potentials,"Welcome series, onboarding discounts, education content"
15069,179,1,1109.53,2,1,4,7,214,Lost,3,Lost Causes,Final reactivation attempt or remove from active campaigns
15070,373,1,106.2,1,1,1,3,111,Lost,3,Lost Causes,Final reactivation attempt or remove from active campaigns
15071,94,2,982.07,2,3,4,9,234,At Risk,2,Loyal Regulars,"Upsell campaigns, early access to new products, cross-sell"
15073,10,3,1043.41,5,3,4,12,534,Promising,0,New Potentials,"Welcome series, onboarding discounts, education content"
15074,105,1,748.87,2,1,3,6,213,Lost,3,Lost Causes,Final reactivation attempt or remove from active campaigns
15075,78,1,773.03,2,1,3,6,213,Lost,3,Lost Causes,Final reactivation attempt or remove from active campaigns
15076,173,1,880.85,2,1,3,6,213,Lost,3,Lost Causes,Final reactivation attempt or remove from active campaigns
15078,7,32,9743.11,5,5,5,15,555,Champions,1,VIP Champions,"Loyalty rewards, referral programs, exclusive early access"
15079,213,4,895.61,1,4,3,8,143,Can't Lose Them,2,Loyal Regulars,"Upsell campaigns, early access to new products, cross-sell"
15081,22,5,504.8,4,4,3,11,443,Loyal Customers,0,New Potentials,"Welcome series, onboarding discounts, education content"
15083,257,1,88.2,1,1,1,3,111,Lost,3,Lost Causes,Final reactivation attempt or remove from active campaigns
15087,282,1,306.94,1,1,2,4,112,Lost,3,Lost Causes,Final reactivation attempt or remove from active campaigns
15088,21,2,1160.07,4,3,4,11,434,Promising,0,New Potentials,"Welcome series, onboarding discounts, education content"
15089,10,6,2420.84,5,5,5,15,555,Champions,1,VIP Champions,"Loyalty rewards, referral programs, exclusive early access"
15090,308,1,381.32,1,1,2,4,112,Lost,3,Lost Causes,Final reactivation attempt or remove from active campaigns
15091,68,1,480.71,3,1,2,6,312,Need Attention,3,Lost Causes,Final reactivation attempt or remove from active campaigns
15092,215,2,457.81,1,3,2,6,132,Need Attention,3,Lost Causes,Final reactivation attempt or remove from active campaigns
15093,18,6,4597.02,4,5,5,14,455,Champions,1,VIP Champions,"Loyalty rewards, referral programs, exclusive early access"
15095,104,4,1370.6,2,4,4,10,244,Can't Lose Them,2,Loyal Regulars,"Upsell campaigns, early access to new products, cross-sell"
15096,43,1,219.39,3,1,1,5,311,Need Attention,3,Lost Causes,Final reactivation attempt or remove from active campaigns
15097,4,1,248.08,5,1,1,7,511,New Customers,0,New Potentials,"Welcome series, onboarding discounts, education content"
15098,182,3,39916.5,1,3,5,9,135,At Risk,2,Loyal Regulars,"Upsell campaigns, early access to new products, cross-sell"
15099,84,1,410.48,2,1,2,5,212,Lost,3,Lost Causes,Final reactivation attempt or remove from active campaigns
15100,334,3,876.0,1,3,3,7,133,At Risk,3,Lost Causes,Final reactivation attempt or remove from active campaigns
15101,9,2,317.53000000000003,5,3,2,10,532,Promising,0,New Potentials,"Welcome series, onboarding discounts, education content"
15103,31,2,703.36,4,3,3,10,433,Promising,0,New Potentials,"Welcome series, onboarding discounts, education content"
15104,197,2,1027.44,1,3,4,8,134,At Risk,3,Lost Causes,Final reactivation attempt or remove from active campaigns
15105,18,7,2298.93,4,5,5,14,455,Champions,1,VIP Champions,"Loyalty rewards, referral programs, exclusive early access"
15106,18,5,1422.52,4,4,4,12,444,Champions,2,Loyal Regulars,"Upsell campaigns, early access to new products, cross-sell"
15107,311,6,319.5,1,5,2,8,152,Can't Lose Them,3,Lost Causes,Final reactivation attempt or remove from active campaigns
15108,142,4,1300.25,2,4,4,10,244,Can't Lose Them,2,Loyal Regulars,"Upsell campaigns, early access to new products, cross-sell"
15109,246,1,484.95,1,1,2,4,112,Lost,3,Lost Causes,Final reactivation attempt or remove from active campaigns
15110,24,4,996.1,4,4,4,12,444,Champions,2,Loyal Regulars,"Upsell campaigns, early access to new products, cross-sell"
15111,29,3,1567.48,4,3,4,11,434,Promising,2,Loyal Regulars,"Upsell campaigns, early access to new products, cross-sell"
15113,10,3,3609.33,5,3,5,13,535,Promising,2,Loyal Regulars,"Upsell campaigns, early access to new products, cross-sell"
15114,30,10,2760.56,4,5,5,14,455,Champions,1,VIP Champions,"Loyalty rewards, referral programs, exclusive early access"
15115,18,1,340.11,4,1,2,7,412,New Customers,0,New Potentials,"Welcome series, onboarding discounts, education content"
15116,18,4,1352.75,4,4,4,12,444,Champions,2,Loyal Regulars,"Upsell campaigns, early access to new products, cross-sell"
15117,15,5,1551.78,4,4,4,12,444,Champions,2,Loyal Regulars,"Upsell campaigns, early access to new products, cross-sell"
15118,134,1,244.8,2,1,1,4,211,Lost,3,Lost Causes,Final reactivation attempt or remove from active campaigns
15119,246,1,266.4,1,1,2,4,112,Lost,3,Lost Causes,Final reactivation attempt or remove from active campaigns
15120,134,1,358.82,2,1,2,5,212,Lost,3,Lost Causes,Final reactivation attempt or remove from active campaigns
15121,50,2,457.72,3,3,2,8,332,Promising,0,New Potentials,"Welcome series, onboarding discounts, education content"
15122,114,3,1633.78,2,3,4,9,234,At Risk,2,Loyal Regulars,"Upsell campaigns, early access to new products, cross-sell"
15123,7,2,2199.31,5,3,5,13,535,Promising,0,New Potentials,"Welcome series, onboarding discounts, education content"
15124,23,2,184.19,4,3,1,8,431,Promising,0,New Potentials,"Welcome series, onboarding discounts, education content"
15125,25,15,11528.48,4,5,5,14,455,Champions,1,VIP Champions,"Loyalty rewards, referral programs, exclusive early access"
15127,66,1,406.53,3,1,2,6,312,Need Attention,3,Lost Causes,Final reactivation attempt or remove from active campaigns
15128,60,4,1471.0,3,4,4,11,344,Promising,2,Loyal Regulars,"Upsell campaigns, early access to new products, cross-sell"
15129,50,11,3447.4,3,5,5,13,355,Promising,1,VIP Champions,"Loyalty rewards, referral programs, exclusive early access"
15130,170,1,330.11,2,1,2,5,212,Lost,3,Lost Causes,Final reactivation attempt or remove from active campaigns
15132,18,5,977.93,4,4,4,12,444,Champions,2,Loyal Regulars,"Upsell campaigns, early access to new products, cross-sell"
15133,128,3,982.42,2,3,4,9,234,At Risk,2,Loyal Regulars,"Upsell campaigns, early access to new products, cross-sell"
15134,15,8,1387.99,4,5,4,13,454,Champions,1,VIP Champions,"Loyalty rewards, referral programs, exclusive early access"
15135,239,1,139.05,1,1,1,3,111,Lost,3,Lost Causes,Final reactivation attempt or remove from active campaigns
15136,3,4,1286.7,5,4,4,13,544,Champions,0,New Potentials,"Welcome series, onboarding discounts, education content"
15139,240,2,178.96,1,3,1,5,131,Need Attention,3,Lost Causes,Final reactivation attempt or remove from active campaigns
15140,52,7,2354.25,3,5,5,13,355,Promising,2,Loyal Regulars,"Upsell campaigns, early access to new products, cross-sell"
15142,46,1,498.74,3,1,3,7,313,Need Attention,3,Lost Causes,Final reactivation attempt or remove from active campaigns
15143,226,1,259.45,1,1,2,4,112,Lost,3,Lost Causes,Final reactivation attempt or remove from active campaigns
15144,8,17,6580.4400000000005,5,5,5,15,555,Champions,1,VIP Champions,"Loyalty rewards, referral programs, exclusive early access"
15145,4,4,1194.73,5,4,4,13,544,Champions,0,New Potentials,"Welcome series, onboarding discounts, education content"
15146,165,2,1327.16,2,3,4,9,234,At Risk,2,Loyal Regulars,"Upsell campaigns, early access to new products, cross-sell"
15147,240,1,623.5,1,1,3,5,113,Lost,3,Lost Causes,Final reactivation attempt or remove from active campaigns
15148,11,1,301.29,5,1,2,8,512,New Customers,0,New Potentials,"Welcome series, onboarding discounts, education content"
15149,134,1,520.8000000000001,2,1,3,6,213,Lost,3,Lost Causes,Final reactivation attempt or remove from active campaigns
15150,17,10,5314.47,4,5,5,14,455,Champions,1,VIP Champions,"Loyalty rewards, referral programs, exclusive early access"
15152,10,13,4745.69,5,5,5,15,555,Champions,1,VIP Champions,"Loyalty rewards, referral programs, exclusive early access"
15153,31,1,329.25,4,1,2,7,412,New Customers,0,New Potentials,"Welcome series, onboarding discounts, education content"
15154,75,1,296.42,2,1,2,5,212,Lost,3,Lost Causes,Final reactivation attempt or remove from active campaigns
15156,1,3,961.49,5,3,4,12,534,Promising,0,New Potentials,"Welcome series, onboarding discounts, education content"
15157,4,3,1936.07,5,3,4,12,534,Promising,0,New Potentials,"Welcome series, onboarding discounts, education content"
15158,45,1,401.4,3,1,2,6,312,Need Attention,3,Lost Causes,Final reactivation attempt or remove from active campaigns
15159,2,30,18641.01,5,5,5,15,555,Champions,1,VIP Champions,"Loyalty rewards, referral programs, exclusive early access"
15160,357,1,158.16,1,1,1,3,111,Lost,3,Lost Causes,Final reactivation attempt or remove from active campaigns
15163,18,2,304.47,4,3,2,9,432,Promising,0,New Potentials,"Welcome series, onboarding discounts, education content"
15164,69,3,843.05,3,3,3,9,333,Promising,2,Loyal Regulars,"Upsell campaigns, early access to new products, cross-sell"
15165,373,1,487.75,1,1,2,4,112,Lost,3,Lost Causes,Final reactivation attempt or remove from active campaigns
15167,321,1,163.0,1,1,1,3,111,Lost,3,Lost Causes,Final reactivation attempt or remove from active campaigns
15168,26,1,106.56,4,1,1,6,411,New Customers,0,New Potentials,"Welcome series, onboarding discounts, education content"
15171,331,1,1289.5,1,1,4,6,114,Lost,3,Lost Causes,Final reactivation attempt or remove from active campaigns
15172,9,5,1624.05,5,4,4,13,544,Champions,1,VIP Champions,"Loyalty rewards, referral programs, exclusive early access"
15174,323,1,135.75,1,1,1,3,111,Lost,3,Lost Causes,Final reactivation attempt or remove from active campaigns
15175,72,1,224.14,3,1,1,5,311,Need Attention,3,Lost Causes,Final reactivation attempt or remove from active campaigns
15178,260,1,40.5,1,1,1,3,111,Lost,3,Lost Causes,Final reactivation attempt or remove from active campaigns
15179,18,5,2206.9500000000003,4,4,5,13,445,Champions,2,Loyal Regulars,"Upsell campaigns, early access to new products, cross-sell"
15180,367,1,87.5,1,1,1,3,111,Lost,3,Lost Causes,Final reactivation attempt or remove from active campaigns
15181,66,3,689.48,3,3,3,9,333,Promising,2,Loyal Regulars,"Upsell campaigns, early access to new products, cross-sell"
15182,154,2,622.85,2,3,3,8,233,At Risk,3,Lost Causes,Final reactivation attempt or remove from active campaigns
15184,29,2,406.76,4,3,2,9,432,Promising,0,New Potentials,"Welcome series, onboarding discounts, education content"
15185,70,1,310.62,3,1,2,6,312,Need Attention,3,Lost Causes,Final reactivation attempt or remove from active campaigns
15186,14,2,411.41,4,3,2,9,432,Promising,0,New Potentials,"Welcome series, onboarding discounts, education content"
15187,2,16,4777.18,5,5,5,15,555,Champions,1,VIP Champions,"Loyalty rewards, referral programs, exclusive early access"
15189,1,41,16225.39,5,5,5,15,555,Champions,1,VIP Champions,"Loyalty rewards, referral programs, exclusive early access"
15192,120,3,1044.32,2,3,4,9,234,At Risk,2,Loyal Regulars,"Upsell campaigns, early access to new products, cross-sell"
15193,61,1,499.32,3,1,3,7,313,Need Attention,3,Lost Causes,Final reactivation attempt or remove from active campaigns
15194,3,15,7616.53,5,5,5,15,555,Champions,1,VIP Champions,"Loyalty rewards, referral programs, exclusive early access"
15195,3,1,3861.0,5,1,5,11,515,New Customers,0,New Potentials,"Welcome series, onboarding discounts, education content"
15197,11,3,1079.61,5,3,4,12,534,Promising,0,New Potentials,"Welcome series, onboarding discounts, education content"
15198,92,2,193.64,2,3,1,6,231,Need Attention,3,Lost Causes,Final reactivation attempt or remove from active campaigns
15199,59,4,1268.7,3,4,4,11,344,Promising,2,Loyal Regulars,"Upsell campaigns, early access to new products, cross-sell"
15201,87,5,1236.54,2,4,4,10,244,Can't Lose Them,2,Loyal Regulars,"Upsell campaigns, early access to new products, cross-sell"
15203,26,6,1827.8,4,5,4,13,454,Champions,2,Loyal Regulars,"Upsell campaigns, early access to new products, cross-sell"
15204,357,1,316.58,1,1,2,4,112,Lost,3,Lost Causes,Final reactivation attempt or remove from active campaigns
15205,85,2,653.24,2,3,3,8,233,At Risk,3,Lost Causes,Final reactivation attempt or remove from active campaigns
15206,10,4,420.3,5,4,2,11,542,Loyal Customers,0,New Potentials,"Welcome series, onboarding discounts, education content"
15208,1,5,870.12,5,4,3,12,543,Loyal Customers,0,New Potentials,"Welcome series, onboarding discounts, education content"
15210,225,1,331.18,1,1,2,4,112,Lost,3,Lost Causes,Final reactivation attempt or remove from active campaigns
15211,60,2,894.4100000000001,3,3,3,9,333,Promising,2,Loyal Regulars,"Upsell campaigns, early access to new products, cross-sell"
15212,241,1,101.8,1,1,1,3,111,Lost,3,Lost Causes,Final reactivation attempt or remove from active campaigns
15213,319,2,328.35,1,3,2,6,132,Need Attention,3,Lost Causes,Final reactivation attempt or remove from active campaigns
15214,2,8,1661.44,5,5,4,14,554,Champions,1,VIP Champions,"Loyalty rewards, referral programs, exclusive early access"
15215,47,3,734.94,3,3,3,9,333,Promising,2,Loyal Regulars,"Upsell campaigns, early access to new products, cross-sell"
15216,88,1,96.6,2,1,1,4,211,Lost,3,Lost Causes,Final reactivation attempt or remove from active campaigns
15218,11,11,5756.89,5,5,5,15,555,Champions,1,VIP Champions,"Loyalty rewards, referral programs, exclusive early access"
15219,176,1,305.75,2,1,2,5,212,Lost,3,Lost Causes,Final reactivation attempt or remove from active campaigns
15220,52,6,1778.96,3,5,4,12,354,Promising,2,Loyal Regulars,"Upsell campaigns, early access to new products, cross-sell"
15221,366,1,403.25,1,1,2,4,112,Lost,3,Lost Causes,Final reactivation attempt or remove from active campaigns
15222,319,1,585.0,1,1,3,5,113,Lost,3,Lost Causes,Final reactivation attempt or remove from active campaigns
15223,226,2,755.75,1,3,3,7,133,At Risk,3,Lost Causes,Final reactivation attempt or remove from active campaigns
15224,358,2,322.08,1,3,2,6,132,Need Attention,3,Lost Causes,Final reactivation attempt or remove from active campaigns
15225,234,1,409.4,1,1,2,4,112,Lost,3,Lost Causes,Final reactivation attempt or remove from active campaigns
15226,311,1,154.41,1,1,1,3,111,Lost,3,Lost Causes,Final reactivation attempt or remove from active campaigns
15227,37,5,1219.4,3,4,4,11,344,Promising,2,Loyal Regulars,"Upsell campaigns, early access to new products, cross-sell"
15228,66,4,3386.71,3,4,5,12,345,Promising,2,Loyal Regulars,"Upsell campaigns, early access to new products, cross-sell"
15230,239,2,429.6,1,3,2,6,132,Need Attention,3,Lost Causes,Final reactivation attempt or remove from active campaigns
15232,113,2,612.06,2,3,3,8,233,At Risk,3,Lost Causes,Final reactivation attempt or remove from active campaigns
15234,277,1,197.0,1,1,1,3,111,Lost,3,Lost Causes,Final reactivation attempt or remove from active campaigns
15235,218,12,2247.51,1,5,5,11,155,Can't Lose Them,2,Loyal Regulars,"Upsell campaigns, early access to new products, cross-sell"
15236,299,1,321.05,1,1,2,4,112,Lost,3,Lost Causes,Final reactivation attempt or remove from active campaigns
15237,2,4,1412.32,5,4,4,13,544,Champions,0,New Potentials,"Welcome series, onboarding discounts, education content"
15238,29,3,1071.99,4,3,4,11,434,Promising,2,Loyal Regulars,"Upsell campaigns, early access to new products, cross-sell"
15239,10,2,780.59,5,3,3,11,533,Promising,0,New Potentials,"Welcome series, onboarding discounts, education content"
15240,45,5,1706.57,3,4,4,11,344,Promising,2,Loyal Regulars,"Upsell campaigns, early access to new products, cross-sell"
15241,67,8,1756.44,3,5,4,12,354,Promising,2,Loyal Regulars,"Upsell campaigns, early access to new products, cross-sell"
15243,74,1,316.68,2,1,2,5,212,Lost,3,Lost Causes,Final reactivation attempt or remove from active campaigns
15244,65,2,631.57,3,3,3,9,333,Promising,2,Loyal Regulars,"Upsell campaigns, early access to new products, cross-sell"
15245,134,3,2515.84,2,3,5,10,235,At Risk,2,Loyal Regulars,"Upsell campaigns, early access to new products, cross-sell"
15246,238,2,514.15,1,3,3,7,133,At Risk,3,Lost Causes,Final reactivation attempt or remove from active campaigns
15247,122,1,356.0,2,1,2,5,212,Lost,3,Lost Causes,Final reactivation attempt or remove from active campaigns
15249,32,13,6688.46,4,5,5,14,455,Champions,1,VIP Champions,"Loyalty rewards, referral programs, exclusive early access"
15251,9,11,10484.99,5,5,5,15,555,Champions,1,VIP Champions,"Loyalty rewards, referral programs, exclusive early access"
15252,36,2,740.78,3,3,3,9,333,Promising,0,New Potentials,"Welcome series, onboarding discounts, education content"
15253,16,5,918.2,4,4,3,11,443,Loyal Customers,2,Loyal Regulars,"Upsell campaigns, early access to new products, cross-sell"
15254,127,1,300.36,2,1,2,5,212,Lost,3,Lost Causes,Final reactivation attempt or remove from active campaigns
15255,67,1,890.85,3,1,3,7,313,Need Attention,3,Lost Causes,Final reactivation attempt or remove from active campaigns
15256,149,1,98.45,2,1,1,4,211,Lost,3,Lost Causes,Final reactivation attempt or remove from active campaigns
15257,283,1,317.15,1,1,2,4,112,Lost,3,Lost Causes,Final reactivation attempt or remove from active campaigns
15258,169,2,623.16,2,3,3,8,233,At Risk,3,Lost Causes,Final reactivation attempt or remove from active campaigns
15260,100,7,1810.77,2,5,4,11,254,Can't Lose Them,2,Loyal Regulars,"Upsell campaigns, early access to new products, cross-sell"
15261,135,1,254.82,2,1,2,5,212,Lost,3,Lost Causes,Final reactivation attempt or remove from active campaigns
15262,324,1,178.95000000000002,1,1,1,3,111,Lost,3,Lost Causes,Final reactivation attempt or remove from active campaigns
15263,107,1,156.51,2,1,1,4,211,Lost,3,Lost Causes,Final reactivation attempt or remove from active campaigns
15264,64,1,393.74,3,1,2,6,312,Need Attention,3,Lost Causes,Final reactivation attempt or remove from active campaigns
15265,151,2,1506.12,2,3,4,9,234,At Risk,2,Loyal Regulars,"Upsell campaigns, early access to new products, cross-sell"
15266,338,1,119.3,1,1,1,3,111,Lost,3,Lost Causes,Final reactivation attempt or remove from active campaigns
15267,22,5,1717.36,4,4,4,12,444,Champions,2,Loyal Regulars,"Upsell campaigns, early access to new products, cross-sell"
15269,24,1,408.8,4,1,2,7,412,New Customers,0,New Potentials,"Welcome series, onboarding discounts, education content"
15270,16,7,2379.49,4,5,5,14,455,Champions,1,VIP Champions,"Loyalty rewards, referral programs, exclusive early access"
15271,7,15,2507.07,5,5,5,15,555,Champions,1,VIP Champions,"Loyalty rewards, referral programs, exclusive early access"
15272,57,2,721.94,3,3,3,9,333,Promising,2,Loyal Regulars,"Upsell campaigns, early access to new products, cross-sell"
15274,4,2,716.57,5,3,3,11,533,Promising,0,New Potentials,"Welcome series, onboarding discounts, education content"
15275,38,1,615.14,3,1,3,7,313,Need Attention,0,New Potentials,"Welcome series, onboarding discounts, education content"
15276,66,1,135.31,3,1,1,5,311,Need Attention,3,Lost Causes,Final reactivation attempt or remove from active campaigns
15277,47,1,255.9,3,1,2,6,312,Need Attention,3,Lost Causes,Final reactivation attempt or remove from active campaigns
15279,355,1,290.51,1,1,2,4,112,Lost,3,Lost Causes,Final reactivation attempt or remove from active campaigns
15280,172,1,113.12,2,1,1,4,211,Lost,3,Lost Causes,Final reactivation attempt or remove from active campaigns
15281,59,9,2332.15,3,5,5,13,355,Promising,2,Loyal Regulars,"Upsell campaigns, early access to new products, cross-sell"
15286,50,1,240.55,3,1,1,5,311,Need Attention,3,Lost Causes,Final reactivation attempt or remove from active campaigns
15287,22,2,486.69,4,3,2,9,432,Promising,0,New Potentials,"Welcome series, onboarding discounts, education content"
15288,43,5,2306.52,3,4,5,12,345,Promising,2,Loyal Regulars,"Upsell campaigns, early access to new products, cross-sell"
15289,29,3,939.78,4,3,3,10,433,Promising,2,Loyal Regulars,"Upsell campaigns, early access to new products, cross-sell"
15290,5,18,7943.22,5,5,5,15,555,Champions,1,VIP Champions,"Loyalty rewards, referral programs, exclusive early access"
15291,26,15,4668.3,4,5,5,14,455,Champions,1,VIP Champions,"Loyalty rewards, referral programs, exclusive early access"
15292,201,1,180.94,1,1,1,3,111,Lost,3,Lost Causes,Final reactivation attempt or remove from active campaigns
15296,51,6,3672.86,3,5,5,13,355,Promising,2,Loyal Regulars,"Upsell campaigns, early access to new products, cross-sell"
15297,10,3,641.94,5,3,3,11,533,Promising,0,New Potentials,"Welcome series, onboarding discounts, education content"
15298,2,12,4799.9,5,5,5,15,555,Champions,1,VIP Champions,"Loyalty rewards, referral programs, exclusive early access"
15299,67,7,4507.01,3,5,5,13,355,Promising,2,Loyal Regulars,"Upsell campaigns, early access to new products, cross-sell"
15300,64,1,496.44,3,1,3,7,313,Need Attention,3,Lost Causes,Final reactivation attempt or remove from active campaigns
15301,51,12,5070.35,3,5,5,13,355,Promising,1,VIP Champions,"Loyalty rewards, referral programs, exclusive early access"
15303,290,1,574.02,1,1,3,5,113,Lost,3,Lost Causes,Final reactivation attempt or remove from active campaigns
15304,61,8,694.4,3,5,3,11,353,Promising,2,Loyal Regulars,"Upsell campaigns, early access to new products, cross-sell"
15306,64,3,1174.35,3,3,4,10,334,Promising,2,Loyal Regulars,"Upsell campaigns, early access to new products, cross-sell"
15307,96,1,205.3,2,1,1,4,211,Lost,3,Lost Causes,Final reactivation attempt or remove from active campaigns
15308,274,1,310.47,1,1,2,4,112,Lost,3,Lost Causes,Final reactivation attempt or remove from active campaigns
15311,1,91,60767.9,5,5,5,15,555,Champions,1,VIP Champions,"Loyalty rewards, referral programs, exclusive early access"
15312,75,4,924.85,2,4,3,9,243,Can't Lose Them,2,Loyal Regulars,"Upsell campaigns, early access to new products, cross-sell"
15313,110,1,52.0,2,1,1,4,211,Lost,3,Lost Causes,Final reactivation attempt or remove from active campaigns
15314,199,1,327.97,1,1,2,4,112,Lost,3,Lost Causes,Final reactivation attempt or remove from active campaigns
15315,64,2,570.5,3,3,3,9,333,Promising,3,Lost Causes,Final reactivation attempt or remove from active campaigns
15316,327,1,165.0,1,1,1,3,111,Lost,3,Lost Causes,Final reactivation attempt or remove from active campaigns
15318,4,1,312.62,5,1,2,8,512,New Customers,0,New Potentials,"Welcome series, onboarding discounts, education content"
15319,284,1,204.5,1,1,1,3,111,Lost,3,Lost Causes,Final reactivation attempt or remove from active campaigns
15320,44,1,267.13,3,1,2,6,312,Need Attention,3,Lost Causes,Final reactivation attempt or remove from active campaigns
15321,71,3,2748.31,3,3,5,11,335,Promising,2,Loyal Regulars,"Upsell campaigns, early access to new products, cross-sell"
15322,86,1,679.68,2,1,3,6,213,Lost,3,Lost Causes,Final reactivation attempt or remove from active campaigns
15325,104,1,162.29,2,1,1,4,211,Lost,3,Lost Causes,Final reactivation attempt or remove from active campaigns
15326,334,1,311.71,1,1,2,4,112,Lost,3,Lost Causes,Final reactivation attempt or remove from active campaigns
15327,53,1,208.75,3,1,1,5,311,Need Attention,3,Lost Causes,Final reactivation attempt or remove from active campaigns
15329,39,3,1049.7,3,3,4,10,334,Promising,2,Loyal Regulars,"Upsell campaigns, early access to new products, cross-sell"
15330,32,2,714.9599999999999,4,3,3,10,433,Promising,0,New Potentials,"Welcome series, onboarding discounts, education content"
15332,366,4,1661.06,1,4,4,9,144,Can't Lose Them,2,Loyal Regulars,"Upsell campaigns, early access to new products, cross-sell"
15333,208,1,1028.56,1,1,4,6,114,Lost,3,Lost Causes,Final reactivation attempt or remove from active campaigns
15334,157,3,351.67,2,3,2,7,232,Need Attention,3,Lost Causes,Final reactivation attempt or remove from active campaigns
15335,54,1,173.97,3,1,1,5,311,Need Attention,3,Lost Causes,Final reactivation attempt or remove from active campaigns
15339,66,2,574.07,3,3,3,9,333,Promising,3,Lost Causes,Final reactivation attempt or remove from active campaigns
15341,81,1,2020.52,2,1,4,7,214,Lost,2,Loyal Regulars,"Upsell campaigns, early access to new products, cross-sell"
15342,130,1,406.09,2,1,2,5,212,Lost,3,Lost Causes,Final reactivation attempt or remove from active campaigns
15343,87,1,364.5,2,1,2,5,212,Lost,3,Lost Causes,Final reactivation attempt or remove from active campaigns
15344,1,3,563.94,5,3,3,11,533,Promising,0,New Potentials,"Welcome series, onboarding discounts, education content"
15345,46,1,393.54,3,1,2,6,312,Need Attention,3,Lost Causes,Final reactivation attempt or remove from active campaigns
15346,333,1,252.42,1,1,2,4,112,Lost,3,Lost Causes,Final reactivation attempt or remove from active campaigns
15347,366,1,201.6,1,1,1,3,111,Lost,3,Lost Causes,Final reactivation attempt or remove from active campaigns
15348,72,1,158.04,3,1,1,5,311,Need Attention,3,Lost Causes,Final reactivation attempt or remove from active campaigns
15349,158,2,473.81,2,3,2,7,232,Need Attention,3,Lost Causes,Final reactivation attempt or remove from active campaigns
15350,373,1,115.65,1,1,1,3,111,Lost,3,Lost Causes,Final reactivation attempt or remove from active campaigns
15351,12,7,1960.11,5,5,4,14,554,Champions,1,VIP Champions,"Loyalty rewards, referral programs, exclusive early access"
15353,255,2,777.02,1,3,3,7,133,At Risk,3,Lost Causes,Final reactivation attempt or remove from active campaigns
15355,29,2,277.05,4,3,2,9,432,Promising,0,New Potentials,"Welcome series, onboarding discounts, education content"
15356,31,10,2766.5,4,5,5,14,455,Champions,1,VIP Champions,"Loyalty rewards, referral programs, exclusive early access"
15358,5,22,8347.2,5,5,5,15,555,Champions,1,VIP Champions,"Loyalty rewards, referral programs, exclusive early access"
15360,40,1,427.93,3,1,2,6,312,Need Attention,0,New Potentials,"Welcome series, onboarding discounts, education content"
15361,362,1,418.92,1,1,2,4,112,Lost,3,Lost Causes,Final reactivation attempt or remove from active campaigns
15363,373,1,326.0,1,1,2,4,112,Lost,3,Lost Causes,Final reactivation attempt or remove from active campaigns
15364,96,2,913.19,2,3,3,8,233,At Risk,2,Loyal Regulars,"Upsell campaigns, early access to new products, cross-sell"
15365,26,7,2314.32,4,5,5,14,455,Champions,2,Loyal Regulars,"Upsell campaigns, early access to new products, cross-sell"
15366,75,2,602.51,2,3,3,8,233,At Risk,3,Lost Causes,Final reactivation attempt or remove from active campaigns
15367,57,4,1877.59,3,4,4,11,344,Promising,2,Loyal Regulars,"Upsell campaigns, early access to new products, cross-sell"
15368,21,1,446.94000000000005,4,1,2,7,412,New Customers,0,New Potentials,"Welcome series, onboarding discounts, education content"
15370,41,7,2386.05,3,5,5,13,355,Promising,2,Loyal Regulars,"Upsell campaigns, early access to new products, cross-sell"
15372,137,1,2007.4,2,1,4,7,214,Lost,2,Loyal Regulars,"Upsell campaigns, early access to new products, cross-sell"
15373,8,12,2415.91,5,5,5,15,555,Champions,1,VIP Champions,"Loyalty rewards, referral programs, exclusive early access"
15374,129,1,168.0,2,1,1,4,211,Lost,3,Lost Causes,Final reactivation attempt or remove from active campaigns
15376,40,3,1233.36,3,3,4,10,334,Promising,2,Loyal Regulars,"Upsell campaigns, early access to new products, cross-sell"
15379,169,7,3703.29,2,5,5,12,255,Can't Lose Them,2,Loyal Regulars,"Upsell campaigns, early access to new products, cross-sell"
15380,9,5,1690.26,5,4,4,13,544,Champions,1,VIP Champions,"Loyalty rewards, referral programs, exclusive early access"
15381,214,2,596.85,1,3,3,7,133,At Risk,3,Lost Causes,Final reactivation attempt or remove from active campaigns
15382,15,6,5955.71,4,5,5,14,455,Champions,1,VIP Champions,"Loyalty rewards, referral programs, exclusive early access"
15384,170,2,642.41,2,3,3,8,233,At Risk,3,Lost Causes,Final reactivation attempt or remove from active campaigns
15385,40,1,316.88,3,1,2,6,312,Need Attention,0,New Potentials,"Welcome series, onboarding discounts, education content"
15386,186,1,394.14,1,1,2,4,112,Lost,3,Lost Causes,Final reactivation attempt or remove from active campaigns
15388,270,1,140.54,1,1,1,3,111,Lost,3,Lost Causes,Final reactivation attempt or remove from active campaigns
15389,172,1,500.0,2,1,3,6,213,Lost,3,Lost Causes,Final reactivation attempt or remove from active campaigns
15392,5,4,1535.53,5,4,4,13,544,Champions,0,New Potentials,"Welcome series, onboarding discounts, education content"
15393,16,2,231.86,4,3,1,8,431,Promising,0,New Potentials,"Welcome series, onboarding discounts, education content"
15394,10,4,2183.54,5,4,5,14,545,Champions,2,Loyal Regulars,"Upsell campaigns, early access to new products, cross-sell"
15395,326,1,107.45,1,1,1,3,111,Lost,3,Lost Causes,Final reactivation attempt or remove from active campaigns
15396,113,1,288.18,2,1,2,5,212,Lost,3,Lost Causes,Final reactivation attempt or remove from active campaigns
15397,290,1,94.0,1,1,1,3,111,Lost,3,Lost Causes,Final reactivation attempt or remove from active campaigns
15398,16,2,1345.53,4,3,4,11,434,Promising,0,New Potentials,"Welcome series, onboarding discounts, education content"
15399,1,3,815.77,5,3,3,11,533,Promising,0,New Potentials,"Welcome series, onboarding discounts, education content"
15400,92,5,716.2,2,4,3,9,243,Can't Lose Them,2,Loyal Regulars,"Upsell campaigns, early access to new products, cross-sell"
15402,149,2,626.77,2,3,3,8,233,At Risk,3,Lost Causes,Final reactivation attempt or remove from active campaigns
15405,189,1,349.1,1,1,2,4,112,Lost,3,Lost Causes,Final reactivation attempt or remove from active campaigns
15406,31,2,510.71,4,3,3,10,433,Promising,0,New Potentials,"Welcome series, onboarding discounts, education content"
15407,34,4,1056.44,3,4,4,11,344,Promising,2,Loyal Regulars,"Upsell campaigns, early access to new products, cross-sell"
15408,264,1,267.18,1,1,2,4,112,Lost,3,Lost Causes,Final reactivation attempt or remove from active campaigns
15410,84,8,3450.84,2,5,5,12,255,Can't Lose Them,2,Loyal Regulars,"Upsell campaigns, early access to new products, cross-sell"
15411,26,4,1358.88,4,4,4,12,444,Champions,2,Loyal Regulars,"Upsell campaigns, early access to new products, cross-sell"
15412,171,1,190.53,2,1,1,4,211,Lost,3,Lost Causes,Final reactivation attempt or remove from active campaigns
15414,10,3,774.9000000000001,5,3,3,11,533,Promising,0,New Potentials,"Welcome series, onboarding discounts, education content"
15415,313,1,572.8100000000001,1,1,3,5,113,Lost,3,Lost Causes,Final reactivation attempt or remove from active campaigns
15416,65,4,3984.32,3,4,5,12,345,Promising,2,Loyal Regulars,"Upsell campaigns, early access to new products, cross-sell"
15417,85,1,508.8,2,1,3,6,213,Lost,3,Lost Causes,Final reactivation attempt or remove from active campaigns
15419,25,1,135.86,4,1,1,6,411,New Customers,0,New Potentials,"Welcome series, onboarding discounts, education content"
15421,59,4,950.36,3,4,4,11,344,Promising,2,Loyal Regulars,"Upsell campaigns, early access to new products, cross-sell"
15422,323,2,97.7,1,3,1,5,131,Need Attention,3,Lost Causes,Final reactivation attempt or remove from active campaigns
15423,38,1,43.5,3,1,1,5,311,Need Attention,3,Lost Causes,Final reactivation attempt or remove from active campaigns
15424,254,2,383.34,1,3,2,6,132,Need Attention,3,Lost Causes,Final reactivation attempt or remove from active campaigns
15426,19,5,1447.39,4,4,4,12,444,Champions,2,Loyal Regulars,"Upsell campaigns, early access to new products, cross-sell"
15427,33,3,1483.14,4,3,4,11,434,Promising,2,Loyal Regulars,"Upsell campaigns, early access to new products, cross-sell"
15428,15,1,93.78,4,1,1,6,411,New Customers,0,New Potentials,"Welcome series, onboarding discounts, education content"
15429,27,2,397.35,4,3,2,9,432,Promising,0,New Potentials,"Welcome series, onboarding discounts, education content"
15432,23,1,171.19000000000003,4,1,1,6,411,New Customers,0,New Potentials,"Welcome series, onboarding discounts, education content"
15433,214,2,533.3,1,3,3,7,133,At Risk,3,Lost Causes,Final reactivation attempt or remove from active campaigns
15434,8,5,1041.48,5,4,4,13,544,Champions,0,New Potentials,"Welcome series, onboarding discounts, education content"
15435,22,1,149.29,4,1,1,6,411,New Customers,0,New Potentials,"Welcome series, onboarding discounts, education content"
15436,12,3,1122.53,5,3,4,12,534,Promising,0,New Potentials,"Welcome series, onboarding discounts, education content"
15437,262,1,200.16,1,1,1,3,111,Lost,3,Lost Causes,Final reactivation attempt or remove from active campaigns
15438,131,1,156.57999999999998,2,1,1,4,211,Lost,3,Lost Causes,Final reactivation attempt or remove from active campaigns
15440,55,3,383.68,3,3,2,8,332,Promising,2,Loyal Regulars,"Upsell campaigns, early access to new products, cross-sell"
15442,249,1,594.0,1,1,3,5,113,Lost,3,Lost Causes,Final reactivation attempt or remove from active campaigns
15443,2,7,3236.91,5,5,5,15,555,Champions,1,VIP Champions,"Loyalty rewards, referral programs, exclusive early access"
15444,9,2,1418.26,5,3,4,12,534,Promising,0,New Potentials,"Welcome series, onboarding discounts, education content"
15445,264,1,113.5,1,1,1,3,111,Lost,3,Lost Causes,Final reactivation attempt or remove from active campaigns
15447,331,1,155.17000000000002,1,1,1,3,111,Lost,3,Lost Causes,Final reactivation attempt or remove from active campaigns
15448,313,1,494.64,1,1,3,5,113,Lost,3,Lost Causes,Final reactivation attempt or remove from active campaigns
15449,26,3,974.52,4,3,4,11,434,Promising,2,Loyal Regulars,"Upsell campaigns, early access to new products, cross-sell"
15450,30,1,429.84,4,1,2,7,412,New Customers,0,New Potentials,"Welcome series, onboarding discounts, education content"
15452,30,3,538.73,4,3,3,10,433,Promising,0,New Potentials,"Welcome series, onboarding discounts, education content"
15453,2,7,1388.37,5,5,4,14,554,Champions,1,VIP Champions,"Loyalty rewards, referral programs, exclusive early access"
15454,362,1,179.1,1,1,1,3,111,Lost,3,Lost Causes,Final reactivation attempt or remove from active campaigns
15456,283,3,447.22,1,3,2,6,132,Need Attention,3,Lost Causes,Final reactivation attempt or remove from active campaigns
15457,262,1,237.07,1,1,1,3,111,Lost,3,Lost Causes,Final reactivation attempt or remove from active campaigns
15458,25,1,161.64,4,1,1,6,411,New Customers,0,New Potentials,"Welcome series, onboarding discounts, education content"
15460,354,1,216.76,1,1,1,3,111,Lost,3,Lost Causes,Final reactivation attempt or remove from active campaigns
15462,94,3,234.6,2,3,1,6,231,Need Attention,3,Lost Causes,Final reactivation attempt or remove from active campaigns
15463,29,1,126.14,4,1,1,6,411,New Customers,0,New Potentials,"Welcome series, onboarding discounts, education content"
15464,338,1,1048.85,1,1,4,6,114,Lost,3,Lost Causes,Final reactivation attempt or remove from active campaigns
15465,20,18,7354.62,4,5,5,14,455,Champions,1,VIP Champions,"Loyalty rewards, referral programs, exclusive early access"
15466,85,1,334.53,2,1,2,5,212,Lost,3,Lost Causes,Final reactivation attempt or remove from active campaigns
15467,9,3,524.88,5,3,3,11,533,Promising,0,New Potentials,"Welcome series, onboarding discounts, education content"
15468,51,2,467.51,3,3,2,8,332,Promising,0,New Potentials,"Welcome series, onboarding discounts, education content"
15469,50,2,538.55,3,3,3,9,333,Promising,0,New Potentials,"Welcome series, onboarding discounts, education content"
15471,2,1,469.48,5,1,2,8,512,New Customers,0,New Potentials,"Welcome series, onboarding discounts, education content"
15472,113,1,371.56,2,1,2,5,212,Lost,3,Lost Causes,Final reactivation attempt or remove from active campaigns
15473,14,7,1771.2,4,5,4,13,454,Champions,1,VIP Champions,"Loyalty rewards, referral programs, exclusive early access"
15475,77,1,454.11,2,1,2,5,212,Lost,3,Lost Causes,Final reactivation attempt or remove from active campaigns
15478,40,2,1441.42,3,3,4,10,334,Promising,2,Loyal Regulars,"Upsell campaigns, early access to new products, cross-sell"
15480,116,1,905.5,2,1,3,6,213,Lost,3,Lost Causes,Final reactivation attempt or remove from active campaigns
15482,16,12,11054.96,4,5,5,14,455,Champions,1,VIP Champions,"Loyalty rewards, referral programs, exclusive early access"
15483,161,4,233.81,2,4,1,7,241,Can't Lose Them,3,Lost Causes,Final reactivation attempt or remove from active campaigns
15484,1,4,3594.31,5,4,5,14,545,Champions,1,VIP Champions,"Loyalty rewards, referral programs, exclusive early access"
15485,30,3,2575.0,4,3,5,12,435,Promising,2,Loyal Regulars,"Upsell campaigns, early access to new products, cross-sell"
15488,93,1,91.32,2,1,1,4,211,Lost,3,Lost Causes,Final reactivation attempt or remove from active campaigns
15489,23,3,1134.28,4,3,4,11,434,Promising,2,Loyal Regulars,"Upsell campaigns, early access to new products, cross-sell"
15491,95,6,3100.09,2,5,5,12,255,Can't Lose Them,2,Loyal Regulars,"Upsell campaigns, early access to new products, cross-sell"
15492,28,2,659.46,4,3,3,10,433,Promising,0,New Potentials,"Welcome series, onboarding discounts, education content"
15493,33,5,2001.8,4,4,4,12,444,Champions,2,Loyal Regulars,"Upsell campaigns, early access to new products, cross-sell"
15494,21,2,1299.23,4,3,4,11,434,Promising,0,New Potentials,"Welcome series, onboarding discounts, education content"
15497,18,2,1262.2,4,3,4,11,434,Promising,0,New Potentials,"Welcome series, onboarding discounts, education content"
15498,3,27,13316.4,5,5,5,15,555,Champions,1,VIP Champions,"Loyalty rewards, referral programs, exclusive early access"
15500,8,4,1131.56,5,4,4,13,544,Champions,0,New Potentials,"Welcome series, onboarding discounts, education content"
15502,16,12,10384.93,4,5,5,14,455,Champions,1,VIP Champions,"Loyalty rewards, referral programs, exclusive early access"
15503,363,1,147.09,1,1,1,3,111,Lost,3,Lost Causes,Final reactivation attempt or remove from active campaigns
15504,81,1,52.83,2,1,1,4,211,Lost,3,Lost Causes,Final reactivation attempt or remove from active campaigns
15505,53,5,3610.96,3,4,5,12,345,Promising,2,Loyal Regulars,"Upsell campaigns, early access to new products, cross-sell"
15506,23,3,979.26,4,3,4,11,434,Promising,2,Loyal Regulars,"Upsell campaigns, early access to new products, cross-sell"
15507,172,1,492.36,2,1,3,6,213,Lost,3,Lost Causes,Final reactivation attempt or remove from active campaigns
15508,189,6,1000.27,1,5,4,10,154,Can't Lose Them,2,Loyal Regulars,"Upsell campaigns, early access to new products, cross-sell"
15510,331,1,250.0,1,1,1,3,111,Lost,3,Lost Causes,Final reactivation attempt or remove from active campaigns
15511,12,5,909.23,5,4,3,12,543,Loyal Customers,0,New Potentials,"Welcome series, onboarding discounts, education content"
15512,156,2,121.0,2,3,1,6,231,Need Attention,3,Lost Causes,Final reactivation attempt or remove from active campaigns
15513,33,19,14758.22,4,5,5,14,455,Champions,1,VIP Champions,"Loyalty rewards, referral programs, exclusive early access"
15514,12,11,4139.46,5,5,5,15,555,Champions,1,VIP Champions,"Loyalty rewards, referral programs, exclusive early access"
15516,45,3,62.43,3,3,1,7,331,Promising,3,Lost Causes,Final reactivation attempt or remove from active campaigns
15517,233,1,267.03,1,1,2,4,112,Lost,3,Lost Causes,Final reactivation attempt or remove from active campaigns
15518,64,8,1942.45,3,5,4,12,354,Promising,2,Loyal Regulars,"Upsell campaigns, early access to new products, cross-sell"
15520,2,1,343.5,5,1,2,8,512,New Customers,0,New Potentials,"Welcome series, onboarding discounts, education content"
15521,40,8,3000.2,3,5,5,13,355,Promising,2,Loyal Regulars,"Upsell campaigns, early access to new products, cross-sell"
15522,33,2,398.84,4,3,2,9,432,Promising,0,New Potentials,"Welcome series, onboarding discounts, education content"
15523,84,1,412.0100000000001,2,1,2,5,212,Lost,3,Lost Causes,Final reactivation attempt or remove from active campaigns
15524,25,1,440.0,4,1,2,7,412,New Customers,0,New Potentials,"Welcome series, onboarding discounts, education content"
15525,2,3,825.92,5,3,3,11,533,Promising,0,New Potentials,"Welcome series, onboarding discounts, education content"
15526,33,2,148.44,4,3,1,8,431,Promising,0,New Potentials,"Welcome series, onboarding discounts, education content"
15527,19,8,2429.78,4,5,5,14,455,Champions,1,VIP Champions,"Loyalty rewards, referral programs, exclusive early access"
15528,254,1,229.33,1,1,1,3,111,Lost,3,Lost Causes,Final reactivation attempt or remove from active campaigns
15529,23,11,3995.23,4,5,5,14,455,Champions,1,VIP Champions,"Loyalty rewards, referral programs, exclusive early access"
15530,22,4,1502.35,4,4,4,12,444,Champions,2,Loyal Regulars,"Upsell campaigns, early access to new products, cross-sell"
15531,8,2,2007.44,5,3,4,12,534,Promising,0,New Potentials,"Welcome series, onboarding discounts, education content"
15532,25,4,1580.93,4,4,4,12,444,Champions,2,Loyal Regulars,"Upsell campaigns, early access to new products, cross-sell"
15533,19,3,807.57,4,3,3,10,433,Promising,0,New Potentials,"Welcome series, onboarding discounts, education content"
15535,173,4,536.4,2,4,3,9,243,Can't Lose Them,2,Loyal Regulars,"Upsell campaigns, early access to new products, cross-sell"
15537,163,1,110.92,2,1,1,4,211,Lost,3,Lost Causes,Final reactivation attempt or remove from active campaigns
15539,7,1,538.46,5,1,3,9,513,New Customers,0,New Potentials,"Welcome series, onboarding discounts, education content"
15540,11,1,213.3,5,1,1,7,511,New Customers,0,New Potentials,"Welcome series, onboarding discounts, education content"
15541,114,1,85.13000000000001,2,1,1,4,211,Lost,3,Lost Causes,Final reactivation attempt or remove from active campaigns
15543,288,1,127.86,1,1,1,3,111,Lost,3,Lost Causes,Final reactivation attempt or remove from active campaigns
15544,9,9,3546.71,5,5,5,15,555,Champions,1,VIP Champions,"Loyalty rewards, referral programs, exclusive early access"
15545,54,2,292.72,3,3,2,8,332,Promising,3,Lost Causes,Final reactivation attempt or remove from active campaigns
15547,7,14,4954.84,5,5,5,15,555,Champions,1,VIP Champions,"Loyalty rewards, referral programs, exclusive early access"
15549,77,3,1693.26,2,3,4,9,234,At Risk,2,Loyal Regulars,"Upsell campaigns, early access to new products, cross-sell"
15550,4,4,575.63,5,4,3,12,543,Loyal Customers,0,New Potentials,"Welcome series, onboarding discounts, education content"
15551,37,1,436.06,3,1,2,6,312,Need Attention,0,New Potentials,"Welcome series, onboarding discounts, education content"
15552,217,1,90.12,1,1,1,3,111,Lost,3,Lost Causes,Final reactivation attempt or remove from active campaigns
15553,60,1,437.23,3,1,2,6,312,Need Attention,3,Lost Causes,Final reactivation attempt or remove from active campaigns
15554,278,1,217.2,1,1,1,3,111,Lost,3,Lost Causes,Final reactivation attempt or remove from active campaigns
15555,12,16,4805.17,5,5,5,15,555,Champions,1,VIP Champions,"Loyalty rewards, referral programs, exclusive early access"
15556,24,1,279.77,4,1,2,7,412,New Customers,0,New Potentials,"Welcome series, onboarding discounts, education content"
15557,29,1,473.65,4,1,2,7,412,New Customers,0,New Potentials,"Welcome series, onboarding discounts, education content"
15561,12,4,800.5899999999999,5,4,3,12,543,Loyal Customers,0,New Potentials,"Welcome series, onboarding discounts, education content"
15562,352,1,134.55,1,1,1,3,111,Lost,3,Lost Causes,Final reactivation attempt or remove from active campaigns
15563,22,4,1400.44,4,4,4,12,444,Champions,2,Loyal Regulars,"Upsell campaigns, early access to new products, cross-sell"
15565,50,2,173.16000000000005,3,3,1,7,331,Promising,3,Lost Causes,Final reactivation attempt or remove from active campaigns
15567,19,1,186.01,4,1,1,6,411,New Customers,0,New Potentials,"Welcome series, onboarding discounts, education content"
15568,3,3,758.29,5,3,3,11,533,Promising,0,New Potentials,"Welcome series, onboarding discounts, education content"
15569,104,5,1375.71,2,4,4,10,244,Can't Lose Them,2,Loyal Regulars,"Upsell campaigns, early access to new products, cross-sell"
15570,7,12,4165.52,5,5,5,15,555,Champions,1,VIP Champions,"Loyalty rewards, referral programs, exclusive early access"
15571,12,4,650.4300000000001,5,4,3,12,543,Loyal Customers,0,New Potentials,"Welcome series, onboarding discounts, education content"
15572,5,7,2552.86,5,5,5,15,555,Champions,1,VIP Champions,"Loyalty rewards, referral programs, exclusive early access"
15573,32,2,607.45,4,3,3,10,433,Promising,0,New Potentials,"Welcome series, onboarding discounts, education content"
15574,178,4,702.25,2,4,3,9,243,Can't Lose Them,2,Loyal Regulars,"Upsell campaigns, early access to new products, cross-sell"
15576,38,1,940.67,3,1,3,7,313,Need Attention,0,New Potentials,"Welcome series, onboarding discounts, education content"
15577,151,3,258.88,2,3,2,7,232,Need Attention,3,Lost Causes,Final reactivation attempt or remove from active campaigns
15578,162,1,127.1,2,1,1,4,211,Lost,3,Lost Causes,Final reactivation attempt or remove from active campaigns
15579,69,2,348.6,3,3,2,8,332,Promising,3,Lost Causes,Final reactivation attempt or remove from active campaigns
15581,121,13,3679.97,2,5,5,12,255,Can't Lose Them,2,Loyal Regulars,"Upsell campaigns, early access to new products, cross-sell"
15582,25,3,682.9100000000001,4,3,3,10,433,Promising,0,New Potentials,"Welcome series, onboarding discounts, education content"
15584,24,4,725.11,4,4,3,11,443,Loyal Customers,2,Loyal Regulars,"Upsell campaigns, early access to new products, cross-sell"
15585,177,1,455.3,2,1,2,5,212,Lost,3,Lost Causes,Final reactivation attempt or remove from active campaigns
15587,50,4,913.68,3,4,3,10,343,Promising,2,Loyal Regulars,"Upsell campaigns, early access to new products, cross-sell"
15589,256,3,478.53,1,3,2,6,132,Need Attention,3,Lost Causes,Final reactivation attempt or remove from active campaigns
15592,47,1,388.58,3,1,2,6,312,Need Attention,3,Lost Causes,Final reactivation attempt or remove from active campaigns
15593,71,1,199.8,3,1,1,5,311,Need Attention,3,Lost Causes,Final reactivation attempt or remove from active campaigns
15594,16,5,1771.78,4,4,4,12,444,Champions,2,Loyal Regulars,"Upsell campaigns, early access to new products, cross-sell"
15596,101,5,1406.59,2,4,4,10,244,Can't Lose Them,2,Loyal Regulars,"Upsell campaigns, early access to new products, cross-sell"
15597,35,1,324.57,3,1,2,6,312,Need Attention,0,New Potentials,"Welcome series, onboarding discounts, education content"
15598,53,1,240.68,3,1,1,5,311,Need Attention,3,Lost Causes,Final reactivation attempt or remove from active campaigns
15599,27,2,761.74,4,3,3,10,433,Promising,0,New Potentials,"Welcome series, onboarding discounts, education content"
15601,11,14,6776.56,5,5,5,15,555,Champions,1,VIP Champions,"Loyalty rewards, referral programs, exclusive early access"
15602,8,9,1297.87,5,5,4,14,554,Champions,1,VIP Champions,"Loyalty rewards, referral programs, exclusive early access"
15603,79,1,48.48,2,1,1,4,211,Lost,3,Lost Causes,Final reactivation attempt or remove from active campaigns
15604,52,1,216.39,3,1,1,5,311,Need Attention,3,Lost Causes,Final reactivation attempt or remove from active campaigns
15605,36,5,1198.23,3,4,4,11,344,Promising,2,Loyal Regulars,"Upsell campaigns, early access to new products, cross-sell"
15606,61,9,2920.16,3,5,5,13,355,Promising,2,Loyal Regulars,"Upsell campaigns, early access to new products, cross-sell"
15607,337,1,104.76,1,1,1,3,111,Lost,3,Lost Causes,Final reactivation attempt or remove from active campaigns
15608,28,4,1093.68,4,4,4,12,444,Champions,2,Loyal Regulars,"Upsell campaigns, early access to new products, cross-sell"
15609,184,1,298.48,1,1,2,4,112,Lost,3,Lost Causes,Final reactivation attempt or remove from active campaigns
15610,52,1,112.46,3,1,1,5,311,Need Attention,3,Lost Causes,Final reactivation attempt or remove from active campaigns
15611,10,13,1591.45,5,5,4,14,554,Champions,1,VIP Champions,"Loyalty rewards, referral programs, exclusive early access"
15612,36,2,195.15,3,3,1,7,331,Promising,0,New Potentials,"Welcome series, onboarding discounts, education content"
15615,10,23,10399.74,5,5,5,15,555,Champions,1,VIP Champions,"Loyalty rewards, referral programs, exclusive early access"
15618,33,4,776.851,4,4,3,11,443,Loyal Customers,2,Loyal Regulars,"Upsell campaigns, early access to new products, cross-sell"
15619,11,1,336.4,5,1,2,8,512,New Customers,0,New Potentials,"Welcome series, onboarding discounts, education content"
15620,57,3,1553.18,3,3,4,10,334,Promising,2,Loyal Regulars,"Upsell campaigns, early access to new products, cross-sell"
15621,4,4,1293.03,5,4,4,13,544,Champions,0,New Potentials,"Welcome series, onboarding discounts, education content"
15622,43,9,3709.56,3,5,5,13,355,Promising,1,VIP Champions,"Loyalty rewards, referral programs, exclusive early access"
15623,141,1,301.03000000000003,2,1,2,5,212,Lost,3,Lost Causes,Final reactivation attempt or remove from active campaigns
15624,117,4,588.13,2,4,3,9,243,Can't Lose Them,2,Loyal Regulars,"Upsell campaigns, early access to new products, cross-sell"
15625,104,4,1534.26,2,4,4,10,244,Can't Lose Them,2,Loyal Regulars,"Upsell campaigns, early access to new products, cross-sell"
15626,75,2,675.8,2,3,3,8,233,At Risk,2,Loyal Regulars,"Upsell campaigns, early access to new products, cross-sell"
15628,5,9,2870.24,5,5,5,15,555,Champions,1,VIP Champions,"Loyalty rewards, referral programs, exclusive early access"
15630,45,2,1186.35,3,3,4,10,334,Promising,2,Loyal Regulars,"Upsell campaigns, early access to new products, cross-sell"
15632,16,8,3285.31,4,5,5,14,455,Champions,1,VIP Champions,"Loyalty rewards, referral programs, exclusive early access"
15634,17,1,243.55,4,1,1,6,411,New Customers,0,New Potentials,"Welcome series, onboarding discounts, education content"
15636,90,2,724.76,2,3,3,8,233,At Risk,2,Loyal Regulars,"Upsell campaigns, early access to new products, cross-sell"
15637,53,1,223.36,3,1,1,5,311,Need Attention,3,Lost Causes,Final reactivation attempt or remove from active campaigns
15639,134,1,425.32,2,1,2,5,212,Lost,3,Lost Causes,Final reactivation attempt or remove from active campaigns
15640,4,15,12515.66,5,5,5,15,555,Champions,1,VIP Champions,"Loyalty rewards, referral programs, exclusive early access"
15641,105,4,1887.2,2,4,4,10,244,Can't Lose Them,2,Loyal Regulars,"Upsell campaigns, early access to new products, cross-sell"
15643,192,3,664.0,1,3,3,7,133,At Risk,3,Lost Causes,Final reactivation attempt or remove from active campaigns
15644,166,4,813.0,2,4,3,9,243,Can't Lose Them,2,Loyal Regulars,"Upsell campaigns, early access to new products, cross-sell"
15645,19,1,612.01,4,1,3,8,413,New Customers,0,New Potentials,"Welcome series, onboarding discounts, education content"
15646,158,3,447.64,2,3,2,7,232,Need Attention,3,Lost Causes,Final reactivation attempt or remove from active campaigns
15648,204,2,657.35,1,3,3,7,133,At Risk,3,Lost Causes,Final reactivation attempt or remove from active campaigns
15649,336,2,816.0,1,3,3,7,133,At Risk,3,Lost Causes,Final reactivation attempt or remove from active campaigns
15651,37,3,646.3,3,3,3,9,333,Promising,2,Loyal Regulars,"Upsell campaigns, early access to new products, cross-sell"
15652,91,1,337.74,2,1,2,5,212,Lost,3,Lost Causes,Final reactivation attempt or remove from active campaigns
15653,93,2,877.44,2,3,3,8,233,At Risk,2,Loyal Regulars,"Upsell campaigns, early access to new products, cross-sell"
15654,9,2,922.53,5,3,3,11,533,Promising,0,New Potentials,"Welcome series, onboarding discounts, education content"
15655,243,1,560.6700000000001,1,1,3,5,113,Lost,3,Lost Causes,Final reactivation attempt or remove from active campaigns
15656,45,4,748.5,3,4,3,10,343,Promising,2,Loyal Regulars,"Upsell campaigns, early access to new products, cross-sell"
15657,23,1,30.0,4,1,1,6,411,New Customers,3,Lost Causes,Final reactivation attempt or remove from active campaigns
15658,190,5,1024.1,1,4,4,9,144,Can't Lose Them,2,Loyal Regulars,"Upsell campaigns, early access to new products, cross-sell"
15659,44,1,306.45,3,1,2,6,312,Need Attention,3,Lost Causes,Final reactivation attempt or remove from active campaigns
15660,25,9,1600.86,4,5,4,13,454,Champions,1,VIP Champions,"Loyalty rewards, referral programs, exclusive early access"
15661,317,2,309.8,1,3,2,6,132,Need Attention,3,Lost Causes,Final reactivation attempt or remove from active campaigns
15663,106,1,138.14,2,1,1,4,211,Lost,3,Lost Causes,Final reactivation attempt or remove from active campaigns
15664,51,1,386.43,3,1,2,6,312,Need Attention,3,Lost Causes,Final reactivation attempt or remove from active campaigns
15665,168,2,2242.01,2,3,5,10,235,At Risk,2,Loyal Regulars,"Upsell campaigns, early access to new products, cross-sell"
15667,40,1,301.32000000000005,3,1,2,6,312,Need Attention,3,Lost Causes,Final reactivation attempt or remove from active campaigns
15668,218,1,76.32000000000001,1,1,1,3,111,Lost,3,Lost Causes,Final reactivation attempt or remove from active campaigns
15669,40,4,684.34,3,4,3,10,343,Promising,2,Loyal Regulars,"Upsell campaigns, early access to new products, cross-sell"
15670,297,1,173.05,1,1,1,3,111,Lost,3,Lost Causes,Final reactivation attempt or remove from active campaigns
15671,19,7,2657.13,4,5,5,14,455,Champions,1,VIP Champions,"Loyalty rewards, referral programs, exclusive early access"
15673,88,4,2881.02,2,4,5,11,245,Can't Lose Them,2,Loyal Regulars,"Upsell campaigns, early access to new products, cross-sell"
15674,73,5,2446.6,2,4,5,11,245,Can't Lose Them,2,Loyal Regulars,"Upsell campaigns, early access to new products, cross-sell"
15675,81,3,323.69,2,3,2,7,232,Need Attention,3,Lost Causes,Final reactivation attempt or remove from active campaigns
15676,19,3,3435.76,4,3,5,12,435,Promising,2,Loyal Regulars,"Upsell campaigns, early access to new products, cross-sell"
15677,49,1,657.23,3,1,3,7,313,Need Attention,3,Lost Causes,Final reactivation attempt or remove from active campaigns
15678,53,1,352.7,3,1,2,6,312,Need Attention,3,Lost Causes,Final reactivation attempt or remove from active campaigns
15679,24,4,781.28,4,4,3,11,443,Loyal Customers,2,Loyal Regulars,"Upsell campaigns, early access to new products, cross-sell"
15680,9,3,1333.68,5,3,4,12,534,Promising,0,New Potentials,"Welcome series, onboarding discounts, education content"
15681,25,5,1426.16,4,4,4,12,444,Champions,2,Loyal Regulars,"Upsell campaigns, early access to new products, cross-sell"
15683,117,1,193.75,2,1,1,4,211,Lost,3,Lost Causes,Final reactivation attempt or remove from active campaigns
15687,9,9,2993.1,5,5,5,15,555,Champions,1,VIP Champions,"Loyalty rewards, referral programs, exclusive early access"
15689,120,2,254.1,2,3,2,7,232,Need Attention,3,Lost Causes,Final reactivation attempt or remove from active campaigns
15690,4,2,239.76,5,3,1,9,531,Promising,0,New Potentials,"Welcome series, onboarding discounts, education content"
15691,252,1,136.8,1,1,1,3,111,Lost,3,Lost Causes,Final reactivation attempt or remove from active campaigns
15692,28,1,191.04,4,1,1,6,411,New Customers,0,New Potentials,"Welcome series, onboarding discounts, education content"
15694,1,14,6479.4,5,5,5,15,555,Champions,1,VIP Champions,"Loyalty rewards, referral programs, exclusive early access"
15695,267,2,409.98,1,3,2,6,132,Need Attention,3,Lost Causes,Final reactivation attempt or remove from active campaigns
15696,33,8,2736.46,4,5,5,14,455,Champions,2,Loyal Regulars,"Upsell campaigns, early access to new products, cross-sell"
15699,18,1,309.65,4,1,2,7,412,New Customers,0,New Potentials,"Welcome series, onboarding discounts, education content"
15700,172,2,696.68,2,3,3,8,233,At Risk,3,Lost Causes,Final reactivation attempt or remove from active campaigns
15701,2,4,1542.14,5,4,4,13,544,Champions,1,VIP Champions,"Loyalty rewards, referral programs, exclusive early access"
15703,265,1,211.5,1,1,1,3,111,Lost,3,Lost Causes,Final reactivation attempt or remove from active campaigns
15704,140,4,2293.62,2,4,5,11,245,Can't Lose Them,2,Loyal Regulars,"Upsell campaigns, early access to new products, cross-sell"
15705,201,1,143.1,1,1,1,3,111,Lost,3,Lost Causes,Final reactivation attempt or remove from active campaigns
15706,64,4,1060.56,3,4,4,11,344,Promising,2,Loyal Regulars,"Upsell campaigns, early access to new products, cross-sell"
15707,35,4,945.58,3,4,4,11,344,Promising,2,Loyal Regulars,"Upsell campaigns, early access to new products, cross-sell"
15708,41,7,3364.24,3,5,5,13,355,Promising,2,Loyal Regulars,"Upsell campaigns, early access to new products, cross-sell"
15709,284,1,133.25,1,1,1,3,111,Lost,3,Lost Causes,Final reactivation attempt or remove from active campaigns
15712,9,5,1072.36,5,4,4,13,544,Champions,0,New Potentials,"Welcome series, onboarding discounts, education content"
15713,143,2,356.7,2,3,2,7,232,Need Attention,3,Lost Causes,Final reactivation attempt or remove from active campaigns
15714,12,2,330.88,5,3,2,10,532,Promising,0,New Potentials,"Welcome series, onboarding discounts, education content"
15716,146,4,1118.81,2,4,4,10,244,Can't Lose Them,2,Loyal Regulars,"Upsell campaigns, early access to new products, cross-sell"
15717,234,1,150.3,1,1,1,3,111,Lost,3,Lost Causes,Final reactivation attempt or remove from active campaigns
15719,33,13,5045.61,4,5,5,14,455,Champions,1,VIP Champions,"Loyalty rewards, referral programs, exclusive early access"
15720,24,1,598.73,4,1,3,8,413,New Customers,0,New Potentials,"Welcome series, onboarding discounts, education content"
15721,12,1,507.08,5,1,3,9,513,New Customers,0,New Potentials,"Welcome series, onboarding discounts, education content"
15722,36,5,2222.56,3,4,5,12,345,Promising,2,Loyal Regulars,"Upsell campaigns, early access to new products, cross-sell"
15723,365,1,203.1,1,1,1,3,111,Lost,3,Lost Causes,Final reactivation attempt or remove from active campaigns
15724,201,2,218.25,1,3,1,5,131,Need Attention,3,Lost Causes,Final reactivation attempt or remove from active campaigns
15725,15,1,415.25,4,1,2,7,412,New Customers,0,New Potentials,"Welcome series, onboarding discounts, education content"
15727,17,7,5178.96,4,5,5,14,455,Champions,1,VIP Champions,"Loyalty rewards, referral programs, exclusive early access"
15729,213,1,85.0,1,1,1,3,111,Lost,3,Lost Causes,Final reactivation attempt or remove from active campaigns
15730,66,3,1120.88,3,3,4,10,334,Promising,2,Loyal Regulars,"Upsell campaigns, early access to new products, cross-sell"
15732,212,2,294.12,1,3,2,6,132,Need Attention,3,Lost Causes,Final reactivation attempt or remove from active campaigns
15733,283,1,162.3,1,1,1,3,111,Lost,3,Lost Causes,Final reactivation attempt or remove from active campaigns
15734,115,2,1339.45,2,3,4,9,234,At Risk,2,Loyal Regulars,"Upsell campaigns, early access to new products, cross-sell"
15737,15,8,1205.12,4,5,4,13,454,Champions,1,VIP Champions,"Loyalty rewards, referral programs, exclusive early access"
15738,19,16,4812.42,4,5,5,14,455,Champions,1,VIP Champions,"Loyalty rewards, referral programs, exclusive early access"
15739,66,1,449.12,3,1,2,6,312,Need Attention,3,Lost Causes,Final reactivation attempt or remove from active campaigns
15740,49,1,154.88,3,1,1,5,311,Need Attention,3,Lost Causes,Final reactivation attempt or remove from active campaigns
15743,16,4,784.46,4,4,3,11,443,Loyal Customers,0,New Potentials,"Welcome series, onboarding discounts, education content"
15744,78,1,34.8,2,1,1,4,211,Lost,3,Lost Causes,Final reactivation attempt or remove from active campaigns
15745,19,4,1094.59,4,4,4,12,444,Champions,2,Loyal Regulars,"Upsell campaigns, early access to new products, cross-sell"
15746,134,1,196.88,2,1,1,4,211,Lost,3,Lost Causes,Final reactivation attempt or remove from active campaigns
15747,13,3,974.04,5,3,4,12,534,Promising,0,New Potentials,"Welcome series, onboarding discounts, education content"
15748,40,1,149.31,3,1,1,5,311,Need Attention,3,Lost Causes,Final reactivation attempt or remove from active campaigns
15749,235,3,44534.3,1,3,5,9,135,At Risk,2,Loyal Regulars,"Upsell campaigns, early access to new products, cross-sell"
15750,3,8,2465.48,5,5,5,15,555,Champions,1,VIP Champions,"Loyalty rewards, referral programs, exclusive early access"
15752,40,7,2637.38,3,5,5,13,355,Promising,2,Loyal Regulars,"Upsell campaigns, early access to new products, cross-sell"
15753,305,1,79.2,1,1,1,3,111,Lost,3,Lost Causes,Final reactivation attempt or remove from active campaigns
15754,51,3,458.57,3,3,2,8,332,Promising,2,Loyal Regulars,"Upsell campaigns, early access to new products, cross-sell"
15755,10,6,2364.25,5,5,5,15,555,Champions,1,VIP Champions,"Loyalty rewards, referral programs, exclusive early access"
15756,61,4,532.96,3,4,3,10,343,Promising,2,Loyal Regulars,"Upsell campaigns, early access to new products, cross-sell"
15757,66,2,714.42,3,3,3,9,333,Promising,2,Loyal Regulars,"Upsell campaigns, early access to new products, cross-sell"
15758,25,1,205.25,4,2,1,7,421,New Customers,0,New Potentials,"Welcome series, onboarding discounts, education content"
15759,218,3,253.04,1,3,2,6,132,Need Attention,3,Lost Causes,Final reactivation attempt or remove from active campaigns
15762,65,2,583.75,3,3,3,9,333,Promising,3,Lost Causes,Final reactivation attempt or remove from active campaigns
15763,32,2,1086.92,4,3,4,11,434,Promising,2,Loyal Regulars,"Upsell campaigns, early access to new products, cross-sell"
15764,88,6,3279.9700000000003,2,5,5,12,255,Can't Lose Them,2,Loyal Regulars,"Upsell campaigns, early access to new products, cross-sell"
15766,64,1,315.06,3,2,2,7,322,Need Attention,3,Lost Causes,Final reactivation attempt or remove from active campaigns
15768,116,3,621.83,2,4,3,9,243,Can't Lose Them,2,Loyal Regulars,"Upsell campaigns, early access to new products, cross-sell"
15769,7,26,56252.72,5,5,5,15,555,Champions,1,VIP Champions,"Loyalty rewards, referral programs, exclusive early access"
15773,6,1,635.6800000000001,5,2,3,10,523,New Customers,0,New Potentials,"Welcome series, onboarding discounts, education content"
15774,69,1,270.8,3,2,2,7,322,Need Attention,3,Lost Causes,Final reactivation attempt or remove from active campaigns
15775,245,1,104.9,1,2,1,4,121,Lost,3,Lost Causes,Final reactivation attempt or remove from active campaigns
15776,133,1,241.62,2,2,1,5,221,Lost,3,Lost Causes,Final reactivation attempt or remove from active campaigns
15777,241,4,1047.11,1,4,4,9,144,Can't Lose Them,2,Loyal Regulars,"Upsell campaigns, early access to new products, cross-sell"
15780,184,3,475.28,1,4,2,7,142,Can't Lose Them,3,Lost Causes,Final reactivation attempt or remove from active campaigns
15781,25,3,345.46000000000004,4,4,2,10,442,Loyal Customers,0,New Potentials,"Welcome series, onboarding discounts, education content"
15782,10,3,2614.74,5,4,5,14,545,Champions,2,Loyal Regulars,"Upsell campaigns, early access to new products, cross-sell"
15783,11,1,246.3,5,2,1,8,521,New Customers,0,New Potentials,"Welcome series, onboarding discounts, education content"
15785,33,5,2328.9700000000003,4,4,5,13,445,Champions,2,Loyal Regulars,"Upsell campaigns, early access to new products, cross-sell"
15786,46,3,4932.2,3,4,5,12,345,Promising,2,Loyal Regulars,"Upsell campaigns, early access to new products, cross-sell"
15787,26,3,948.05,4,4,4,12,444,Champions,2,Loyal Regulars,"Upsell campaigns, early access to new products, cross-sell"
15789,358,1,351.3,1,2,2,5,122,Lost,3,Lost Causes,Final reactivation attempt or remove from active campaigns
15790,10,1,220.85,5,2,1,8,521,New Customers,0,New Potentials,"Welcome series, onboarding discounts, education content"
15791,44,2,1612.69,3,3,4,10,334,Promising,2,Loyal Regulars,"Upsell campaigns, early access to new products, cross-sell"
15793,15,3,965.61,4,4,4,12,444,Champions,0,New Potentials,"Welcome series, onboarding discounts, education content"
15795,150,1,610.01,2,2,3,7,223,At Risk,3,Lost Causes,Final reactivation attempt or remove from active campaigns
15796,1,8,2711.56,5,5,5,15,555,Champions,1,VIP Champions,"Loyalty rewards, referral programs, exclusive early access"
15797,113,4,2207.4,2,4,5,11,245,Can't Lose Them,2,Loyal Regulars,"Upsell campaigns, early access to new products, cross-sell"
15799,76,3,884.14,2,4,3,9,243,Can't Lose Them,2,Loyal Regulars,"Upsell campaigns, early access to new products, cross-sell"
15800,107,2,699.08,2,3,3,8,233,At Risk,3,Lost Causes,Final reactivation attempt or remove from active campaigns
15801,46,3,1063.95,3,4,4,11,344,Promising,2,Loyal Regulars,"Upsell campaigns, early access to new products, cross-sell"
15802,143,1,451.42,2,2,2,6,222,Lost,3,Lost Causes,Final reactivation attempt or remove from active campaigns
15803,51,1,415.8200000000001,3,2,2,7,322,Need Attention,3,Lost Causes,Final reactivation attempt or remove from active campaigns
15804,1,13,4206.39,5,5,5,15,555,Champions,1,VIP Champions,"Loyalty rewards, referral programs, exclusive early access"
15805,23,17,5528.4800000000005,4,5,5,14,455,Champions,1,VIP Champions,"Loyalty rewards, referral programs, exclusive early access"
15806,46,3,784.58,3,4,3,10,343,Promising,2,Loyal Regulars,"Upsell campaigns, early access to new products, cross-sell"
15807,50,3,903.9,3,4,3,10,343,Promising,2,Loyal Regulars,"Upsell campaigns, early access to new products, cross-sell"
15808,306,4,3734.97,1,4,5,10,145,Can't Lose Them,2,Loyal Regulars,"Upsell campaigns, early access to new products, cross-sell"
15809,36,5,515.77,3,4,3,10,343,Promising,2,Loyal Regulars,"Upsell campaigns, early access to new products, cross-sell"
15810,79,4,1391.98,2,4,4,10,244,Can't Lose Them,2,Loyal Regulars,"Upsell campaigns, early access to new products, cross-sell"
15811,22,6,2218.62,4,5,5,14,455,Champions,2,Loyal Regulars,"Upsell campaigns, early access to new products, cross-sell"
15812,107,5,1801.14,2,4,4,10,244,Can't Lose Them,2,Loyal Regulars,"Upsell campaigns, early access to new products, cross-sell"
15813,208,2,1303.91,1,3,4,8,134,At Risk,2,Loyal Regulars,"Upsell campaigns, early access to new products, cross-sell"
15814,17,4,1945.33,4,4,4,12,444,Champions,2,Loyal Regulars,"Upsell campaigns, early access to new products, cross-sell"
15815,64,5,2100.6,3,4,5,12,345,Promising,2,Loyal Regulars,"Upsell campaigns, early access to new products, cross-sell"
15819,49,4,1905.45,3,4,4,11,344,Promising,2,Loyal Regulars,"Upsell campaigns, early access to new products, cross-sell"
15820,320,1,206.98,1,2,1,4,121,Lost,3,Lost Causes,Final reactivation attempt or remove from active campaigns
15821,44,2,570.96,3,3,3,9,333,Promising,0,New Potentials,"Welcome series, onboarding discounts, education content"
15822,3,2,885.47,5,3,3,11,533,Promising,0,New Potentials,"Welcome series, onboarding discounts, education content"
15823,372,1,15.0,1,2,1,4,121,Lost,3,Lost Causes,Final reactivation attempt or remove from active campaigns
15825,172,1,532.94,2,2,3,7,223,At Risk,3,Lost Causes,Final reactivation attempt or remove from active campaigns
15826,56,3,1654.31,3,4,4,11,344,Promising,2,Loyal Regulars,"Upsell campaigns, early access to new products, cross-sell"
15827,73,14,1836.09,2,5,4,11,254,Can't Lose Them,2,Loyal Regulars,"Upsell campaigns, early access to new products, cross-sell"
15829,99,2,636.14,2,3,3,8,233,At Risk,3,Lost Causes,Final reactivation attempt or remove from active campaigns
15830,38,1,576.0,3,2,3,8,323,Need Attention,0,New Potentials,"Welcome series, onboarding discounts, education content"
15831,58,3,801.76,3,4,3,10,343,Promising,2,Loyal Regulars,"Upsell campaigns, early access to new products, cross-sell"
15832,254,1,836.79,1,2,3,6,123,At Risk,3,Lost Causes,Final reactivation attempt or remove from active campaigns
15834,70,4,2233.75,3,4,5,12,345,Promising,2,Loyal Regulars,"Upsell campaigns, early access to new products, cross-sell"
15835,44,4,954.09,3,4,4,11,344,Promising,2,Loyal Regulars,"Upsell campaigns, early access to new products, cross-sell"
15836,50,1,137.37,3,2,1,6,321,Need Attention,3,Lost Causes,Final reactivation attempt or remove from active campaigns
15837,65,1,391.98,3,2,2,7,322,Need Attention,3,Lost Causes,Final reactivation attempt or remove from active campaigns
15838,11,19,33643.08,5,5,5,15,555,Champions,1,VIP Champions,"Loyalty rewards, referral programs, exclusive early access"
15839,33,3,1048.49,4,4,4,12,444,Champions,2,Loyal Regulars,"Upsell campaigns, early access to new products, cross-sell"
15840,59,2,355.56,3,3,2,8,332,Promising,3,Lost Causes,Final reactivation attempt or remove from active campaigns
15841,73,4,1224.06,2,4,4,10,244,Can't Lose Them,2,Loyal Regulars,"Upsell campaigns, early access to new products, cross-sell"
15843,304,1,118.95,1,2,1,4,121,Lost,3,Lost Causes,Final reactivation attempt or remove from active campaigns
15844,46,1,130.73999999999998,3,2,1,6,321,Need Attention,3,Lost Causes,Final reactivation attempt or remove from active campaigns
15845,18,8,3711.77,4,5,5,14,455,Champions,1,VIP Champions,"Loyalty rewards, referral programs, exclusive early access"
15847,38,2,389.27,3,3,2,8,332,Promising,0,New Potentials,"Welcome series, onboarding discounts, education content"
15850,19,2,238.85,4,3,1,8,431,Promising,0,New Potentials,"Welcome series, onboarding discounts, education content"
15852,187,2,160.71,1,3,1,5,131,Need Attention,3,Lost Causes,Final reactivation attempt or remove from active campaigns
15853,52,1,110.8,3,2,1,6,321,Need Attention,3,Lost Causes,Final reactivation attempt or remove from active campaigns
15854,4,12,2974.65,5,5,5,15,555,Champions,1,VIP Champions,"Loyalty rewards, referral programs, exclusive early access"
15855,137,5,712.24,2,4,3,9,243,Can't Lose Them,2,Loyal Regulars,"Upsell campaigns, early access to new products, cross-sell"
15856,4,27,16387.57,5,5,5,15,555,Champions,1,VIP Champions,"Loyalty rewards, referral programs, exclusive early access"
15857,19,1,297.0,4,2,2,8,422,New Customers,0,New Potentials,"Welcome series, onboarding discounts, education content"
15858,16,5,1438.85,4,4,4,12,444,Champions,2,Loyal Regulars,"Upsell campaigns, early access to new products, cross-sell"
15860,41,8,977.21,3,5,4,12,354,Promising,2,Loyal Regulars,"Upsell campaigns, early access to new products, cross-sell"
15861,12,8,3165.36,5,5,5,15,555,Champions,1,VIP Champions,"Loyalty rewards, referral programs, exclusive early access"
15862,8,4,832.88,5,4,3,12,543,Loyal Customers,0,New Potentials,"Welcome series, onboarding discounts, education content"
15863,26,2,68.84,4,3,1,8,431,Promising,0,New Potentials,"Welcome series, onboarding discounts, education content"
15864,22,6,1936.32,4,5,4,13,454,Champions,2,Loyal Regulars,"Upsell campaigns, early access to new products, cross-sell"
15865,41,3,895.13,3,4,3,10,343,Promising,2,Loyal Regulars,"Upsell campaigns, early access to new products, cross-sell"
15866,101,1,230.53,2,2,1,5,221,Lost,3,Lost Causes,Final reactivation attempt or remove from active campaigns
15867,5,15,3812.64,5,5,5,15,555,Champions,1,VIP Champions,"Loyalty rewards, referral programs, exclusive early access"
15869,277,2,149.64,1,3,1,5,131,Need Attention,3,Lost Causes,Final reactivation attempt or remove from active campaigns
15870,33,1,354.09000000000003,4,2,2,8,422,New Customers,0,New Potentials,"Welcome series, onboarding discounts, education content"
15872,15,2,360.93,4,3,2,9,432,Promising,0,New Potentials,"Welcome series, onboarding discounts, education content"
15874,64,7,4405.88,3,5,5,13,355,Promising,2,Loyal Regulars,"Upsell campaigns, early access to new products, cross-sell"
15877,2,2,493.28,5,3,3,11,533,Promising,0,New Potentials,"Welcome series, onboarding discounts, education content"
15880,369,1,343.28,1,2,2,5,122,Lost,3,Lost Causes,Final reactivation attempt or remove from active campaigns
15881,312,5,501.39,1,4,3,8,143,Can't Lose Them,2,Loyal Regulars,"Upsell campaigns, early access to new products, cross-sell"
15882,199,4,516.36,1,4,3,8,143,Can't Lose Them,2,Loyal Regulars,"Upsell campaigns, early access to new products, cross-sell"
15883,2,2,396.48,5,3,2,10,532,Promising,0,New Potentials,"Welcome series, onboarding discounts, education content"
15885,93,3,379.35,2,4,2,8,242,Can't Lose Them,3,Lost Causes,Final reactivation attempt or remove from active campaigns
15886,60,1,181.09,3,2,1,6,321,Need Attention,3,Lost Causes,Final reactivation attempt or remove from active campaigns
15888,81,1,168.31,2,2,1,5,221,Lost,3,Lost Causes,Final reactivation attempt or remove from active campaigns
15889,157,2,446.87,2,3,2,7,232,Need Attention,3,Lost Causes,Final reactivation attempt or remove from active campaigns
15891,227,1,524.52,1,2,3,6,123,At Risk,3,Lost Causes,Final reactivation attempt or remove from active campaigns
15894,253,2,263.55,1,3,2,6,132,Need Attention,3,Lost Causes,Final reactivation attempt or remove from active campaigns
15895,150,1,179.17,2,2,1,5,221,Lost,3,Lost Causes,Final reactivation attempt or remove from active campaigns
15897,194,2,222.05,1,3,1,5,131,Need Attention,3,Lost Causes,Final reactivation attempt or remove from active campaigns
15898,1,5,1388.88,5,4,4,13,544,Champions,1,VIP Champions,"Loyalty rewards, referral programs, exclusive early access"
15899,369,1,56.25,1,2,1,4,121,Lost,3,Lost Causes,Final reactivation attempt or remove from active campaigns
15900,24,1,351.11,4,2,2,8,422,New Customers,0,New Potentials,"Welcome series, onboarding discounts, education content"
15901,17,3,363.88,4,4,2,10,442,Loyal Customers,0,New Potentials,"Welcome series, onboarding discounts, education content"
15903,10,7,5126.76,5,5,5,15,555,Champions,1,VIP Champions,"Loyalty rewards, referral programs, exclusive early access"
15904,8,1,164.68,5,2,1,8,521,New Customers,0,New Potentials,"Welcome series, onboarding discounts, education content"
15906,20,7,1567.69,4,5,4,13,454,Champions,2,Loyal Regulars,"Upsell campaigns, early access to new products, cross-sell"
15907,4,3,967.45,5,4,4,13,544,Champions,0,New Potentials,"Welcome series, onboarding discounts, education content"
15909,174,1,191.94,2,2,1,5,221,Lost,3,Lost Causes,Final reactivation attempt or remove from active campaigns
15910,1,8,1232.18,5,5,4,14,554,Champions,1,VIP Champions,"Loyalty rewards, referral programs, exclusive early access"
15912,178,2,264.62,2,3,2,7,232,Need Attention,3,Lost Causes,Final reactivation attempt or remove from active campaigns
15916,16,8,1528.09,4,5,4,13,454,Champions,1,VIP Champions,"Loyalty rewards, referral programs, exclusive early access"
15917,248,1,123.1,1,2,1,4,121,Lost,3,Lost Causes,Final reactivation attempt or remove from active campaigns
15918,191,2,334.23,1,3,2,6,132,Need Attention,3,Lost Causes,Final reactivation attempt or remove from active campaigns
15919,20,2,639.89,4,3,3,10,433,Promising,0,New Potentials,"Welcome series, onboarding discounts, education content"
15920,154,4,167.5,2,4,1,7,241,Can't Lose Them,3,Lost Causes,Final reactivation attempt or remove from active campaigns
15921,173,1,336.03000000000003,2,2,2,6,222,Lost,3,Lost Causes,Final reactivation attempt or remove from active campaigns
15922,373,1,369.5,1,2,2,5,122,Lost,3,Lost Causes,Final reactivation attempt or remove from active campaigns
15923,373,1,127.08,1,2,1,4,121,Lost,3,Lost Causes,Final reactivation attempt or remove from active campaigns
15925,194,1,207.15,1,2,1,4,121,Lost,3,Lost Causes,Final reactivation attempt or remove from active campaigns
15930,67,1,426.63,3,2,2,7,322,Need Attention,3,Lost Causes,Final reactivation attempt or remove from active campaigns
15932,4,8,2495.87,5,5,5,15,555,Champions,1,VIP Champions,"Loyalty rewards, referral programs, exclusive early access"
15933,21,3,1107.46,4,4,4,12,444,Champions,2,Loyal Regulars,"Upsell campaigns, early access to new products, cross-sell"
15935,239,2,416.86,1,3,2,6,132,Need Attention,3,Lost Causes,Final reactivation attempt or remove from active campaigns
15937,64,1,145.35000000000002,3,2,1,6,321,Need Attention,3,Lost Causes,Final reactivation attempt or remove from active campaigns
15938,112,5,404.58,2,4,2,8,242,Can't Lose Them,2,Loyal Regulars,"Upsell campaigns, early access to new products, cross-sell"
15939,90,15,6115.01,2,5,5,12,255,Can't Lose Them,1,VIP Champions,"Loyalty rewards, referral programs, exclusive early access"
15940,311,1,35.8,1,2,1,4,121,Lost,3,Lost Causes,Final reactivation attempt or remove from active campaigns
15942,134,1,337.44,2,2,2,6,222,Lost,3,Lost Causes,Final reactivation attempt or remove from active campaigns
15944,277,1,325.1,1,2,2,5,122,Lost,3,Lost Causes,Final reactivation attempt or remove from active campaigns
15945,365,1,181.0,1,2,1,4,121,Lost,3,Lost Causes,Final reactivation attempt or remove from active campaigns
15947,83,1,1708.24,2,2,4,8,224,At Risk,2,Loyal Regulars,"Upsell campaigns, early access to new products, cross-sell"
15948,8,2,955.24,5,3,4,12,534,Promising,0,New Potentials,"Welcome series, onboarding discounts, education content"
15949,17,2,364.72,4,3,2,9,432,Promising,0,New Potentials,"Welcome series, onboarding discounts, education content"
15950,32,4,1765.51,4,4,4,12,444,Champions,2,Loyal Regulars,"Upsell campaigns, early access to new products, cross-sell"
15951,9,2,708.22,5,3,3,11,533,Promising,0,New Potentials,"Welcome series, onboarding discounts, education content"
15952,34,4,806.57,3,4,3,10,343,Promising,2,Loyal Regulars,"Upsell campaigns, early access to new products, cross-sell"
15953,15,8,1659.38,4,5,4,13,454,Champions,1,VIP Champions,"Loyalty rewards, referral programs, exclusive early access"
15955,24,14,4416.26,4,5,5,14,455,Champions,1,VIP Champions,"Loyalty rewards, referral programs, exclusive early access"
15957,32,1,428.89,4,2,2,8,422,New Customers,0,New Potentials,"Welcome series, onboarding discounts, education content"
15958,74,1,104.35,2,2,1,5,221,Lost,3,Lost Causes,Final reactivation attempt or remove from active campaigns
15963,20,2,470.76,4,3,2,9,432,Promising,0,New Potentials,"Welcome series, onboarding discounts, education content"
15965,17,4,845.64,4,4,3,11,443,Loyal Customers,0,New Potentials,"Welcome series, onboarding discounts, education content"
15967,23,2,418.83,4,3,2,9,432,Promising,0,New Potentials,"Welcome series, onboarding discounts, education content"
15969,3,3,666.1,5,4,3,12,543,Loyal Customers,0,New Potentials,"Welcome series, onboarding discounts, education content"
15970,304,1,314.1,1,2,2,5,122,Lost,3,Lost Causes,Final reactivation attempt or remove from active campaigns
15971,18,12,4199.85,4,5,5,14,455,Champions,1,VIP Champions,"Loyalty rewards, referral programs, exclusive early access"
15973,367,1,307.82000000000005,1,2,2,5,122,Lost,3,Lost Causes,Final reactivation attempt or remove from active campaigns
15974,39,7,3442.15,3,5,5,13,355,Promising,2,Loyal Regulars,"Upsell campaigns, early access to new products, cross-sell"
15975,84,1,371.01,2,2,2,6,222,Lost,3,Lost Causes,Final reactivation attempt or remove from active campaigns
15976,165,2,430.94,2,3,2,7,232,Need Attention,3,Lost Causes,Final reactivation attempt or remove from active campaigns
15977,17,2,1054.73,4,3,4,11,434,Promising,0,New Potentials,"Welcome series, onboarding discounts, education content"
15978,77,1,1098.78,2,2,4,8,224,At Risk,3,Lost Causes,Final reactivation attempt or remove from active campaigns
15980,89,3,2398.86,2,4,5,11,245,Can't Lose Them,2,Loyal Regulars,"Upsell campaigns, early access to new products, cross-sell"
15981,25,8,3408.48,4,5,5,14,455,Champions,1,VIP Champions,"Loyalty rewards, referral programs, exclusive early access"
15983,22,4,1475.02,4,4,4,12,444,Champions,2,Loyal Regulars,"Upsell campaigns, early access to new products, cross-sell"
15984,3,10,2837.67,5,5,5,15,555,Champions,1,VIP Champions,"Loyalty rewards, referral programs, exclusive early access"
15985,123,2,1142.42,2,3,4,9,234,At Risk,2,Loyal Regulars,"Upsell campaigns, early access to new products, cross-sell"
15986,30,1,168.12,4,2,1,7,421,New Customers,0,New Potentials,"Welcome series, onboarding discounts, education content"
15987,12,7,1451.28,5,5,4,14,554,Champions,1,VIP Champions,"Loyalty rewards, referral programs, exclusive early access"
15988,19,1,158.03,4,2,1,7,421,New Customers,0,New Potentials,"Welcome series, onboarding discounts, education content"
15990,44,2,792.11,3,3,3,9,333,Promising,2,Loyal Regulars,"Upsell campaigns, early access to new products, cross-sell"
15992,4,1,41.99,5,2,1,8,521,New Customers,0,New Potentials,"Welcome series, onboarding discounts, education content"
15993,9,7,2797.57,5,5,5,15,555,Champions,1,VIP Champions,"Loyalty rewards, referral programs, exclusive early access"
15994,55,1,427.07,3,2,2,7,322,Need Attention,3,Lost Causes,Final reactivation attempt or remove from active campaigns
15996,88,6,1060.68,2,5,4,11,254,Can't Lose Them,2,Loyal Regulars,"Upsell campaigns, early access to new products, cross-sell"
15998,37,5,3089.97,3,4,5,12,345,Promising,2,Loyal Regulars,"Upsell campaigns, early access to new products, cross-sell"
16000,3,3,12393.7,5,4,5,14,545,Champions,1,VIP Champions,"Loyalty rewards, referral programs, exclusive early access"
16003,30,5,2735.37,4,4,5,13,445,Champions,2,Loyal Regulars,"Upsell campaigns, early access to new products, cross-sell"
16005,12,4,615.39,5,4,3,12,543,Loyal Customers,0,New Potentials,"Welcome series, onboarding discounts, education content"
16006,211,1,101.4,1,2,1,4,121,Lost,3,Lost Causes,Final reactivation attempt or remove from active campaigns
16007,48,4,1701.94,3,4,4,11,344,Promising,2,Loyal Regulars,"Upsell campaigns, early access to new products, cross-sell"
16008,24,3,478.78,4,4,2,10,442,Loyal Customers,0,New Potentials,"Welcome series, onboarding discounts, education content"
16009,22,4,992.71,4,4,4,12,444,Champions,2,Loyal Regulars,"Upsell campaigns, early access to new products, cross-sell"
16010,246,3,407.5,1,4,2,7,142,Can't Lose Them,3,Lost Causes,Final reactivation attempt or remove from active campaigns
16011,8,16,3362.71,5,5,5,15,555,Champions,1,VIP Champions,"Loyalty rewards, referral programs, exclusive early access"
16012,35,3,1415.29,3,4,4,11,344,Promising,2,Loyal Regulars,"Upsell campaigns, early access to new products, cross-sell"
16013,4,47,37130.6,5,5,5,15,555,Champions,1,VIP Champions,"Loyalty rewards, referral programs, exclusive early access"
16014,38,3,662.38,3,4,3,10,343,Promising,2,Loyal Regulars,"Upsell campaigns, early access to new products, cross-sell"
16015,4,3,705.39,5,4,3,12,543,Loyal Customers,0,New Potentials,"Welcome series, onboarding discounts, education content"
16016,3,8,1508.76,5,5,4,14,554,Champions,1,VIP Champions,"Loyalty rewards, referral programs, exclusive early access"
16017,47,1,211.88,3,2,1,6,321,Need Attention,3,Lost Causes,Final reactivation attempt or remove from active campaigns
16018,39,2,408.9,3,3,2,8,332,Promising,0,New Potentials,"Welcome series, onboarding discounts, education content"
16019,47,9,3786.24,3,5,5,13,355,Promising,1,VIP Champions,"Loyalty rewards, referral programs, exclusive early access"
16020,17,3,851.01,4,4,3,11,443,Loyal Customers,0,New Potentials,"Welcome series, onboarding discounts, education content"
16022,260,1,628.28,1,2,3,6,123,At Risk,3,Lost Causes,Final reactivation attempt or remove from active campaigns
16023,46,3,719.81,3,4,3,10,343,Promising,2,Loyal Regulars,"Upsell campaigns, early access to new products, cross-sell"
16024,12,1,251.24,5,2,2,9,522,New Customers,0,New Potentials,"Welcome series, onboarding discounts, education content"
16025,30,1,439.66,4,2,2,8,422,New Customers,0,New Potentials,"Welcome series, onboarding discounts, education content"
16026,43,1,236.09,3,2,1,6,321,Need Attention,3,Lost Causes,Final reactivation attempt or remove from active campaigns
16027,92,6,934.62,2,5,3,10,253,Can't Lose Them,2,Loyal Regulars,"Upsell campaigns, early access to new products, cross-sell"
16029,39,63,81024.84,3,5,5,13,355,Promising,1,VIP Champions,"Loyalty rewards, referral programs, exclusive early access"
16030,310,1,331.24,1,2,2,5,122,Lost,3,Lost Causes,Final reactivation attempt or remove from active campaigns
16031,92,2,548.94,2,3,3,8,233,At Risk,3,Lost Causes,Final reactivation attempt or remove from active campaigns
16033,6,20,8816.4,5,5,5,15,555,Champions,1,VIP Champions,"Loyalty rewards, referral programs, exclusive early access"
16034,196,3,437.7000000000001,1,4,2,7,142,Can't Lose Them,3,Lost Causes,Final reactivation attempt or remove from active campaigns
16036,87,2,758.9200000000001,2,3,3,8,233,At Risk,2,Loyal Regulars,"Upsell campaigns, early access to new products, cross-sell"
16037,270,3,855.02,1,4,3,8,143,Can't Lose Them,2,Loyal Regulars,"Upsell campaigns, early access to new products, cross-sell"
16038,8,3,471.78,5,4,2,11,542,Loyal Customers,0,New Potentials,"Welcome series, onboarding discounts, education content"
16040,65,3,1313.55,3,4,4,11,344,Promising,2,Loyal Regulars,"Upsell campaigns, early access to new products, cross-sell"
16041,31,3,3166.4,4,4,5,13,445,Champions,2,Loyal Regulars,"Upsell campaigns, early access to new products, cross-sell"
16042,22,5,1197.27,4,4,4,12,444,Champions,2,Loyal Regulars,"Upsell campaigns, early access to new products, cross-sell"
16043,38,4,773.99,3,4,3,10,343,Promising,2,Loyal Regulars,"Upsell campaigns, early access to new products, cross-sell"
16045,120,4,1340.7,2,4,4,10,244,Can't Lose Them,2,Loyal Regulars,"Upsell campaigns, early access to new products, cross-sell"
16048,373,2,256.44,1,3,2,6,132,Need Attention,3,Lost Causes,Final reactivation attempt or remove from active campaigns
16049,40,3,1111.79,3,4,4,11,344,Promising,2,Loyal Regulars,"Upsell campaigns, early access to new products, cross-sell"
16050,174,1,137.9,2,2,1,5,221,Lost,3,Lost Causes,Final reactivation attempt or remove from active campaigns
16052,54,1,362.06,3,2,2,7,322,Need Attention,3,Lost Causes,Final reactivation attempt or remove from active campaigns
16053,33,2,1511.95,4,3,4,11,434,Promising,2,Loyal Regulars,"Upsell campaigns, early access to new products, cross-sell"
16054,145,1,783.9,2,2,3,7,223,At Risk,3,Lost Causes,Final reactivation attempt or remove from active campaigns
16055,221,1,134.8,1,2,1,4,121,Lost,3,Lost Causes,Final reactivation attempt or remove from active campaigns
16056,45,1,664.85,3,2,3,8,323,Need Attention,0,New Potentials,"Welcome series, onboarding discounts, education content"
16057,16,7,2263.12,4,5,5,14,455,Champions,1,VIP Champions,"Loyalty rewards, referral programs, exclusive early access"
16059,66,6,1459.86,3,5,4,12,354,Promising,2,Loyal Regulars,"Upsell campaigns, early access to new products, cross-sell"
16062,10,4,1153.62,5,4,4,13,544,Champions,0,New Potentials,"Welcome series, onboarding discounts, education content"
16063,260,1,335.32,1,2,2,5,122,Lost,3,Lost Causes,Final reactivation attempt or remove from active campaigns
16065,365,1,372.09,1,2,2,5,122,Lost,3,Lost Causes,Final reactivation attempt or remove from active campaigns
16066,17,5,1521.87,4,4,4,12,444,Champions,2,Loyal Regulars,"Upsell campaigns, early access to new products, cross-sell"
16070,22,2,852.15,4,3,3,10,433,Promising,0,New Potentials,"Welcome series, onboarding discounts, education content"
16071,45,1,326.24,3,2,2,7,322,Need Attention,3,Lost Causes,Final reactivation attempt or remove from active campaigns
16072,288,1,584.3199999999999,1,2,3,6,123,At Risk,3,Lost Causes,Final reactivation attempt or remove from active campaigns
16073,297,1,122.4,1,2,1,4,121,Lost,3,Lost Causes,Final reactivation attempt or remove from active campaigns
16076,3,10,2234.73,5,5,5,15,555,Champions,1,VIP Champions,"Loyalty rewards, referral programs, exclusive early access"
16078,284,1,79.2,1,2,1,4,121,Lost,3,Lost Causes,Final reactivation attempt or remove from active campaigns
16079,17,3,1352.0,4,4,4,12,444,Champions,2,Loyal Regulars,"Upsell campaigns, early access to new products, cross-sell"
16080,82,2,217.16,2,3,1,6,231,Need Attention,3,Lost Causes,Final reactivation attempt or remove from active campaigns
16081,56,5,2806.9,3,4,5,12,345,Promising,2,Loyal Regulars,"Upsell campaigns, early access to new products, cross-sell"
16083,101,2,1317.62,2,3,4,9,234,At Risk,2,Loyal Regulars,"Upsell campaigns, early access to new products, cross-sell"
16084,299,1,436.18,1,2,2,5,122,Lost,3,Lost Causes,Final reactivation attempt or remove from active campaigns
16085,23,5,981.51,4,4,4,12,444,Champions,2,Loyal Regulars,"Upsell campaigns, early access to new products, cross-sell"
16086,59,5,1121.39,3,4,4,11,344,Promising,2,Loyal Regulars,"Upsell campaigns, early access to new products, cross-sell"
16091,155,2,315.06,2,3,2,7,232,Need Attention,3,Lost Causes,Final reactivation attempt or remove from active campaigns
16092,115,3,817.86,2,4,3,9,243,Can't Lose Them,2,Loyal Regulars,"Upsell campaigns, early access to new products, cross-sell"
16093,107,1,17.0,2,2,1,5,221,Lost,3,Lost Causes,Final reactivation attempt or remove from active campaigns
16094,12,4,1078.23,5,4,4,13,544,Champions,0,New Potentials,"Welcome series, onboarding discounts, education content"
16096,264,1,320.62,1,2,2,5,122,Lost,3,Lost Causes,Final reactivation attempt or remove from active campaigns
16097,240,1,185.05,1,2,1,4,121,Lost,3,Lost Causes,Final reactivation attempt or remove from active campaigns
16098,88,7,2005.63,2,5,4,11,254,Can't Lose Them,2,Loyal Regulars,"Upsell campaigns, early access to new products, cross-sell"
16099,50,3,731.9,3,4,3,10,343,Promising,2,Loyal Regulars,"Upsell campaigns, early access to new products, cross-sell"
16101,71,1,1290.7,3,2,4,9,324,Need Attention,2,Loyal Regulars,"Upsell campaigns, early access to new products, cross-sell"
16102,42,3,1842.14,3,4,4,11,344,Promising,2,Loyal Regulars,"Upsell campaigns, early access to new products, cross-sell"
16103,7,6,1429.64,5,5,4,14,554,Champions,1,VIP Champions,"Loyalty rewards, referral programs, exclusive early access"
16104,62,1,302.36,3,2,2,7,322,Need Attention,3,Lost Causes,Final reactivation attempt or remove from active campaigns
16105,249,1,336.96,1,2,2,5,122,Lost,3,Lost Causes,Final reactivation attempt or remove from active campaigns
16106,66,1,108.38,3,2,1,6,321,Need Attention,3,Lost Causes,Final reactivation attempt or remove from active campaigns
16107,18,7,3204.1600000000003,4,5,5,14,455,Champions,1,VIP Champions,"Loyalty rewards, referral programs, exclusive early access"
16108,85,1,842.5,2,2,3,7,223,At Risk,3,Lost Causes,Final reactivation attempt or remove from active campaigns
16109,219,2,611.88,1,3,3,7,133,At Risk,3,Lost Causes,Final reactivation attempt or remove from active campaigns
16110,45,3,1337.48,3,4,4,11,344,Promising,2,Loyal Regulars,"Upsell campaigns, early access to new products, cross-sell"
16112,143,4,195.74,2,4,1,7,241,Can't Lose Them,3,Lost Causes,Final reactivation attempt or remove from active campaigns
16113,183,1,161.38,1,2,1,4,121,Lost,3,Lost Causes,Final reactivation attempt or remove from active campaigns
16114,171,1,135.75000000000003,2,2,1,5,221,Lost,3,Lost Causes,Final reactivation attempt or remove from active campaigns
16115,10,8,1667.97,5,5,4,14,554,Champions,1,VIP Champions,"Loyalty rewards, referral programs, exclusive early access"
16116,212,1,612.78,1,2,3,6,123,At Risk,3,Lost Causes,Final reactivation attempt or remove from active campaigns
16117,190,1,232.21,1,2,1,4,121,Lost,3,Lost Causes,Final reactivation attempt or remove from active campaigns
16119,8,2,423.36,5,3,2,10,532,Promising,0,New Potentials,"Welcome series, onboarding discounts, education content"
16120,59,4,1309.14,3,4,4,11,344,Promising,2,Loyal Regulars,"Upsell campaigns, early access to new products, cross-sell"
16121,57,2,867.11,3,3,3,9,333,Promising,2,Loyal Regulars,"Upsell campaigns, early access to new products, cross-sell"
16122,73,4,684.42,2,4,3,9,243,Can't Lose Them,2,Loyal Regulars,"Upsell campaigns, early access to new products, cross-sell"
16123,52,1,307.78000000000003,3,2,2,7,322,Need Attention,3,Lost Causes,Final reactivation attempt or remove from active campaigns
16124,317,1,249.0,1,2,1,4,121,Lost,3,Lost Causes,Final reactivation attempt or remove from active campaigns
16125,367,1,289.35,1,2,2,5,122,Lost,3,Lost Causes,Final reactivation attempt or remove from active campaigns
16126,29,4,6287.77,4,4,5,13,445,Champions,2,Loyal Regulars,"Upsell campaigns, early access to new products, cross-sell"
16127,39,1,656.25,3,2,3,8,323,Need Attention,0,New Potentials,"Welcome series, onboarding discounts, education content"
16128,18,5,1880.22,4,4,4,12,444,Champions,2,Loyal Regulars,"Upsell campaigns, early access to new products, cross-sell"
16131,52,6,3506.54,3,5,5,13,355,Promising,2,Loyal Regulars,"Upsell campaigns, early access to new products, cross-sell"
16133,4,33,14589.04,5,5,5,15,555,Champions,1,VIP Champions,"Loyalty rewards, referral programs, exclusive early access"
16134,22,2,618.09,4,3,3,10,433,Promising,0,New Potentials,"Welcome series, onboarding discounts, education content"
16135,263,1,517.55,1,2,3,6,123,At Risk,3,Lost Causes,Final reactivation attempt or remove from active campaigns
16136,60,3,709.38,3,4,3,10,343,Promising,2,Loyal Regulars,"Upsell campaigns, early access to new products, cross-sell"
16139,19,3,635.4100000000001,4,4,3,11,443,Loyal Customers,0,New Potentials,"Welcome series, onboarding discounts, education content"
16140,66,2,725.1800000000001,3,3,3,9,333,Promising,2,Loyal Regulars,"Upsell campaigns, early access to new products, cross-sell"
16141,88,1,620.4,2,2,3,7,223,At Risk,3,Lost Causes,Final reactivation attempt or remove from active campaigns
16142,250,1,535.34,1,2,3,6,123,At Risk,3,Lost Causes,Final reactivation attempt or remove from active campaigns
16143,3,6,2424.94,5,5,5,15,555,Champions,1,VIP Champions,"Loyalty rewards, referral programs, exclusive early access"
16144,247,1,175.2,1,2,1,4,121,Lost,3,Lost Causes,Final reactivation attempt or remove from active campaigns
16145,9,11,3799.49,5,5,5,15,555,Champions,1,VIP Champions,"Loyalty rewards, referral programs, exclusive early access"
16146,157,3,734.13,2,4,3,9,243,Can't Lose Them,2,Loyal Regulars,"Upsell campaigns, early access to new products, cross-sell"
16147,134,1,375.0,2,2,2,6,222,Lost,3,Lost Causes,Final reactivation attempt or remove from active campaigns
16148,296,1,76.32000000000001,1,2,1,4,121,Lost,3,Lost Causes,Final reactivation attempt or remove from active campaigns
16149,5,2,280.52,5,3,2,10,532,Promising,0,New Potentials,"Welcome series, onboarding discounts, education content"
16150,43,5,2053.02,3,4,4,11,344,Promising,2,Loyal Regulars,"Upsell campaigns, early access to new products, cross-sell"
16152,269,1,1829.04,1,2,4,7,124,At Risk,3,Lost Causes,Final reactivation attempt or remove from active campaigns
16153,50,5,1824.23,3,4,4,11,344,Promising,2,Loyal Regulars,"Upsell campaigns, early access to new products, cross-sell"
16156,9,9,3122.04,5,5,5,15,555,Champions,1,VIP Champions,"Loyalty rewards, referral programs, exclusive early access"
16157,16,3,656.69,4,4,3,11,443,Loyal Customers,0,New Potentials,"Welcome series, onboarding discounts, education content"
16159,282,1,348.2,1,2,2,5,122,Lost,3,Lost Causes,Final reactivation attempt or remove from active campaigns
16160,65,2,1025.44,3,3,4,10,334,Promising,2,Loyal Regulars,"Upsell campaigns, early access to new products, cross-sell"
16161,2,19,5575.56,5,5,5,15,555,Champions,1,VIP Champions,"Loyalty rewards, referral programs, exclusive early access"
16162,252,1,37.4,1,2,1,4,121,Lost,3,Lost Causes,Final reactivation attempt or remove from active campaigns
16163,232,2,856.6,1,3,3,7,133,At Risk,3,Lost Causes,Final reactivation attempt or remove from active campaigns
16164,17,3,822.48,4,4,3,11,443,Loyal Customers,0,New Potentials,"Welcome series, onboarding discounts, education content"
16168,11,27,3787.6,5,5,5,15,555,Champions,1,VIP Champions,"Loyalty rewards, referral programs, exclusive early access"
16169,8,4,1822.97,5,4,4,13,544,Champions,2,Loyal Regulars,"Upsell campaigns, early access to new products, cross-sell"
16170,51,6,1885.05,3,5,4,12,354,Promising,2,Loyal Regulars,"Upsell campaigns, early access to new products, cross-sell"
16171,59,1,73.19999999999999,3,2,1,6,321,Need Attention,3,Lost Causes,Final reactivation attempt or remove from active campaigns
16172,95,5,1140.21,2,4,4,10,244,Can't Lose Them,2,Loyal Regulars,"Upsell campaigns, early access to new products, cross-sell"
16173,16,6,1418.32,4,5,4,13,454,Champions,2,Loyal Regulars,"Upsell campaigns, early access to new products, cross-sell"
16174,126,3,1009.55,2,4,4,10,244,Can't Lose Them,2,Loyal Regulars,"Upsell campaigns, early access to new products, cross-sell"
16175,94,4,1037.59,2,4,4,10,244,Can't Lose Them,2,Loyal Regulars,"Upsell campaigns, early access to new products, cross-sell"
16177,50,1,331.95,3,2,2,7,322,Need Attention,3,Lost Causes,Final reactivation attempt or remove from active campaigns
16178,138,1,197.9,2,2,1,5,221,Lost,3,Lost Causes,Final reactivation attempt or remove from active campaigns
16179,61,1,215.83,3,2,1,6,321,Need Attention,3,Lost Causes,Final reactivation attempt or remove from active campaigns
16180,100,8,10254.18,2,5,5,12,255,Can't Lose Them,2,Loyal Regulars,"Upsell campaigns, early access to new products, cross-sell"
16181,73,1,305.54,2,2,2,6,222,Lost,3,Lost Causes,Final reactivation attempt or remove from active campaigns
16182,72,4,6617.65,3,4,5,12,345,Promising,2,Loyal Regulars,"Upsell campaigns, early access to new products, cross-sell"
16183,67,1,338.71000000000004,3,2,2,7,322,Need Attention,3,Lost Causes,Final reactivation attempt or remove from active campaigns
16184,64,6,1158.79,3,5,4,12,354,Promising,2,Loyal Regulars,"Upsell campaigns, early access to new products, cross-sell"
16185,17,2,529.41,4,3,3,10,433,Promising,0,New Potentials,"Welcome series, onboarding discounts, education content"
16186,23,12,4006.94,4,5,5,14,455,Champions,1,VIP Champions,"Loyalty rewards, referral programs, exclusive early access"
16187,32,15,6911.4400000000005,4,5,5,14,455,Champions,1,VIP Champions,"Loyalty rewards, referral programs, exclusive early access"
16188,45,4,981.86,3,4,4,11,344,Promising,2,Loyal Regulars,"Upsell campaigns, early access to new products, cross-sell"
16189,16,2,215.48,4,3,1,8,431,Promising,0,New Potentials,"Welcome series, onboarding discounts, education content"
16190,40,1,215.08,3,2,1,6,321,Need Attention,3,Lost Causes,Final reactivation attempt or remove from active campaigns
16191,3,13,5180.52,5,5,5,15,555,Champions,1,VIP Champions,"Loyalty rewards, referral programs, exclusive early access"
16193,237,1,314.45,1,2,2,5,122,Lost,3,Lost Causes,Final reactivation attempt or remove from active campaigns
16198,75,1,400.681,2,2,2,6,222,Lost,3,Lost Causes,Final reactivation attempt or remove from active campaigns
16200,4,2,1080.62,5,3,4,12,534,Promising,0,New Potentials,"Welcome series, onboarding discounts, education content"
16201,3,4,1863.47,5,4,4,13,544,Champions,1,VIP Champions,"Loyalty rewards, referral programs, exclusive early access"
16202,361,1,365.27,1,2,2,5,122,Lost,3,Lost Causes,Final reactivation attempt or remove from active campaigns
16203,59,4,592.9,3,4,3,10,343,Promising,2,Loyal Regulars,"Upsell campaigns, early access to new products, cross-sell"
16204,23,1,405.71,4,2,2,8,422,New Customers,0,New Potentials,"Welcome series, onboarding discounts, education content"
16205,31,4,761.38,4,4,3,11,443,Loyal Customers,2,Loyal Regulars,"Upsell campaigns, early access to new products, cross-sell"
16206,55,4,537.0600000000001,3,4,3,10,343,Promising,2,Loyal Regulars,"Upsell campaigns, early access to new products, cross-sell"
16207,25,1,394.38,4,2,2,8,422,New Customers,0,New Potentials,"Welcome series, onboarding discounts, education content"
16208,45,2,664.26,3,3,3,9,333,Promising,0,New Potentials,"Welcome series, onboarding discounts, education content"
16209,89,5,2262.62,2,4,5,11,245,Can't Lose Them,2,Loyal Regulars,"Upsell campaigns, early access to new products, cross-sell"
16210,2,18,21086.3,5,5,5,15,555,Champions,1,VIP Champions,"Loyalty rewards, referral programs, exclusive early access"
16211,89,1,547.02,2,2,3,7,223,At Risk,3,Lost Causes,Final reactivation attempt or remove from active campaigns
16212,19,2,690.34,4,3,3,10,433,Promising,0,New Potentials,"Welcome series, onboarding discounts, education content"
16213,79,1,159.0,2,2,1,5,221,Lost,3,Lost Causes,Final reactivation attempt or remove from active campaigns
16214,171,3,1062.75,2,4,4,10,244,Can't Lose Them,2,Loyal Regulars,"Upsell campaigns, early access to new products, cross-sell"
16215,81,1,242.35,2,2,1,5,221,Lost,3,Lost Causes,Final reactivation attempt or remove from active campaigns
16216,267,1,914.93,1,2,3,6,123,At Risk,3,Lost Causes,Final reactivation attempt or remove from active campaigns
16217,235,2,304.25,1,3,2,6,132,Need Attention,3,Lost Causes,Final reactivation attempt or remove from active campaigns
16218,30,7,3084.68,4,5,5,14,455,Champions,2,Loyal Regulars,"Upsell campaigns, early access to new products, cross-sell"
16221,37,3,864.86,3,4,3,10,343,Promising,2,Loyal Regulars,"Upsell campaigns, early access to new products, cross-sell"
16222,318,1,846.72,1,2,3,6,123,At Risk,3,Lost Causes,Final reactivation attempt or remove from active campaigns
16224,57,4,1295.3,3,4,4,11,344,Promising,2,Loyal Regulars,"Upsell campaigns, early access to new products, cross-sell"
16225,45,5,1096.32,3,4,4,11,344,Promising,2,Loyal Regulars,"Upsell campaigns, early access to new products, cross-sell"
16226,203,3,255.12,1,4,2,7,142,Can't Lose Them,3,Lost Causes,Final reactivation attempt or remove from active campaigns
16227,225,1,314.22,1,2,2,5,122,Lost,3,Lost Causes,Final reactivation attempt or remove from active campaigns
16229,87,2,1010.6,2,3,4,9,234,At Risk,2,Loyal Regulars,"Upsell campaigns, early access to new products, cross-sell"
16230,190,2,542.03,1,3,3,7,133,At Risk,3,Lost Causes,Final reactivation attempt or remove from active campaigns
16232,44,4,990.88,3,4,4,11,344,Promising,2,Loyal Regulars,"Upsell campaigns, early access to new products, cross-sell"
16233,71,3,536.6800000000001,3,4,3,10,343,Promising,2,Loyal Regulars,"Upsell campaigns, early access to new products, cross-sell"
16235,41,5,867.3100000000001,3,4,3,10,343,Promising,2,Loyal Regulars,"Upsell campaigns, early access to new products, cross-sell"
16236,78,1,432.2,2,2,2,6,222,Lost,3,Lost Causes,Final reactivation attempt or remove from active campaigns
16239,57,2,414.2,3,3,2,8,332,Promising,3,Lost Causes,Final reactivation attempt or remove from active campaigns
16240,24,2,3718.8,4,3,5,12,435,Promising,2,Loyal Regulars,"Upsell campaigns, early access to new products, cross-sell"
16241,10,13,2607.87,5,5,5,15,555,Champions,1,VIP Champions,"Loyalty rewards, referral programs, exclusive early access"
16242,8,7,3603.21,5,5,5,15,555,Champions,1,VIP Champions,"Loyalty rewards, referral programs, exclusive early access"
16243,34,2,409.1,3,3,2,8,332,Promising,0,New Potentials,"Welcome series, onboarding discounts, education content"
16244,212,2,1522.75,1,3,4,8,134,At Risk,2,Loyal Regulars,"Upsell campaigns, early access to new products, cross-sell"
16245,24,3,1413.66,4,4,4,12,444,Champions,2,Loyal Regulars,"Upsell campaigns, early access to new products, cross-sell"
16247,170,1,114.56,2,2,1,5,221,Lost,3,Lost Causes,Final reactivation attempt or remove from active campaigns
16248,62,1,152.94,3,2,1,6,321,Need Attention,3,Lost Causes,Final reactivation attempt or remove from active campaigns
16249,53,5,1800.07,3,4,4,11,344,Promising,2,Loyal Regulars,"Upsell campaigns, early access to new products, cross-sell"
16250,261,2,389.44,1,3,2,6,132,Need Attention,3,Lost Causes,Final reactivation attempt or remove from active campaigns
16253,67,2,3683.86,3,3,5,11,335,Promising,2,Loyal Regulars,"Upsell campaigns, early access to new products, cross-sell"
16255,17,8,2619.91,4,5,5,14,455,Champions,1,VIP Champions,"Loyalty rewards, referral programs, exclusive early access"
16256,267,1,752.4300000000001,1,2,3,6,123,At Risk,3,Lost Causes,Final reactivation attempt or remove from active campaigns
16257,177,1,46.95,2,2,1,5,221,Lost,3,Lost Causes,Final reactivation attempt or remove from active campaigns
16258,45,5,5203.51,3,4,5,12,345,Promising,2,Loyal Regulars,"Upsell campaigns, early access to new products, cross-sell"
16260,51,1,1035.45,3,2,4,9,324,Need Attention,0,New Potentials,"Welcome series, onboarding discounts, education content"
16261,17,4,746.83,4,4,3,11,443,Loyal Customers,0,New Potentials,"Welcome series, onboarding discounts, education content"
16265,9,9,5447.0,5,5,5,15,555,Champions,1,VIP Champions,"Loyalty rewards, referral programs, exclusive early access"
16266,74,7,861.89,2,5,3,10,253,Can't Lose Them,2,Loyal Regulars,"Upsell campaigns, early access to new products, cross-sell"
16268,71,2,667.65,3,3,3,9,333,Promising,2,Loyal Regulars,"Upsell campaigns, early access to new products, cross-sell"
16270,353,1,1141.24,1,2,4,7,124,At Risk,3,Lost Causes,Final reactivation attempt or remove from active campaigns
16271,3,5,1429.24,5,4,4,13,544,Champions,1,VIP Champions,"Loyalty rewards, referral programs, exclusive early access"
16272,117,1,411.7,2,2,2,6,222,Lost,3,Lost Causes,Final reactivation attempt or remove from active campaigns
16274,373,1,357.95,1,2,2,5,122,Lost,3,Lost Causes,Final reactivation attempt or remove from active campaigns
16275,197,1,559.87,1,2,3,6,123,At Risk,3,Lost Causes,Final reactivation attempt or remove from active campaigns
16276,177,1,810.6,2,2,3,7,223,At Risk,3,Lost Causes,Final reactivation attempt or remove from active campaigns
16278,100,1,566.38,2,2,3,7,223,At Risk,3,Lost Causes,Final reactivation attempt or remove from active campaigns
16279,21,3,1509.58,4,4,4,12,444,Champions,2,Loyal Regulars,"Upsell campaigns, early access to new products, cross-sell"
16281,72,1,2062.06,3,2,5,10,325,Need Attention,2,Loyal Regulars,"Upsell campaigns, early access to new products, cross-sell"
16282,340,1,168.3,1,2,1,4,121,Lost,3,Lost Causes,Final reactivation attempt or remove from active campaigns
16283,6,5,1570.81,5,4,4,13,544,Champions,1,VIP Champions,"Loyalty rewards, referral programs, exclusive early access"
16284,31,2,823.97,4,3,3,10,433,Promising,0,New Potentials,"Welcome series, onboarding discounts, education content"
16287,170,1,142.5,2,2,1,5,221,Lost,3,Lost Causes,Final reactivation attempt or remove from active campaigns
16292,122,1,302.25,2,2,2,6,222,Lost,3,Lost Causes,Final reactivation attempt or remove from active campaigns
16293,22,10,2248.99,4,5,5,14,455,Champions,1,VIP Champions,"Loyalty rewards, referral programs, exclusive early access"
16295,10,4,1328.55,5,4,4,13,544,Champions,0,New Potentials,"Welcome series, onboarding discounts, education content"
16297,269,1,301.9,1,2,2,5,122,Lost,3,Lost Causes,Final reactivation attempt or remove from active campaigns
16298,23,3,598.2,4,4,3,11,443,Loyal Customers,0,New Potentials,"Welcome series, onboarding discounts, education content"
16302,127,1,233.22,2,2,1,5,221,Lost,3,Lost Causes,Final reactivation attempt or remove from active campaigns
16303,26,3,5360.63,4,4,5,13,445,Champions,2,Loyal Regulars,"Upsell campaigns, early access to new products, cross-sell"
16305,139,1,361.22,2,2,2,6,222,Lost,3,Lost Causes,Final reactivation attempt or remove from active campaigns
16306,214,6,632.27,1,5,3,9,153,Can't Lose Them,2,Loyal Regulars,"Upsell campaigns, early access to new products, cross-sell"
16308,38,4,2560.0,3,4,5,12,345,Promising,2,Loyal Regulars,"Upsell campaigns, early access to new products, cross-sell"
16309,106,2,706.57,2,3,3,8,233,At Risk,3,Lost Causes,Final reactivation attempt or remove from active campaigns
16311,18,2,616.26,4,3,3,10,433,Promising,0,New Potentials,"Welcome series, onboarding discounts, education content"
16313,3,2,274.15000000000003,5,3,2,10,532,Promising,0,New Potentials,"Welcome series, onboarding discounts, education content"
16315,331,1,226.37,1,2,1,4,121,Lost,3,Lost Causes,Final reactivation attempt or remove from active campaigns
16316,64,8,2938.91,3,5,5,13,355,Promising,2,Loyal Regulars,"Upsell campaigns, early access to new products, cross-sell"
16317,120,3,1341.65,2,4,4,10,244,Can't Lose Them,2,Loyal Regulars,"Upsell campaigns, early access to new products, cross-sell"
16318,35,1,328.15000000000003,3,2,2,7,322,Need Attention,0,New Potentials,"Welcome series, onboarding discounts, education content"
16319,218,1,404.4,1,2,2,5,122,Lost,3,Lost Causes,Final reactivation attempt or remove from active campaigns
16320,172,2,1038.46,2,3,4,9,234,At Risk,2,Loyal Regulars,"Upsell campaigns, early access to new products, cross-sell"
16321,72,5,373.65,3,4,2,9,342,Promising,2,Loyal Regulars,"Upsell campaigns, early access to new products, cross-sell"
16322,1,2,326.75,5,3,2,10,532,Promising,0,New Potentials,"Welcome series, onboarding discounts, education content"
16323,196,1,207.50000000000003,1,2,1,4,121,Lost,3,Lost Causes,Final reactivation attempt or remove from active campaigns
16324,128,3,428.68,2,4,2,8,242,Can't Lose Them,3,Lost Causes,Final reactivation attempt or remove from active campaigns
16325,47,3,594.24,3,4,3,10,343,Promising,2,Loyal Regulars,"Upsell campaigns, early access to new products, cross-sell"
16326,6,14,3110.96,5,5,5,15,555,Champions,1,VIP Champions,"Loyalty rewards, referral programs, exclusive early access"
16327,14,6,3844.22,4,5,5,14,455,Champions,1,VIP Champions,"Loyalty rewards, referral programs, exclusive early access"
16330,18,3,251.91,4,4,2,10,442,Loyal Customers,0,New Potentials,"Welcome series, onboarding discounts, education content"
16332,28,7,1593.2,4,5,4,13,454,Champions,2,Loyal Regulars,"Upsell campaigns, early access to new products, cross-sell"
16333,8,22,26626.8,5,5,5,15,555,Champions,1,VIP Champions,"Loyalty rewards, referral programs, exclusive early access"
16337,37,1,151.05,3,2,1,6,321,Need Attention,3,Lost Causes,Final reactivation attempt or remove from active campaigns
16338,157,1,214.8,2,2,1,5,221,Lost,3,Lost Causes,Final reactivation attempt or remove from active campaigns
16339,284,1,109.95,1,2,1,4,121,Lost,3,Lost Causes,Final reactivation attempt or remove from active campaigns
16340,107,1,549.07,2,2,3,7,223,At Risk,3,Lost Causes,Final reactivation attempt or remove from active campaigns
16341,25,4,1971.87,4,4,4,12,444,Champions,2,Loyal Regulars,"Upsell campaigns, early access to new products, cross-sell"
16342,75,4,322.41,2,4,2,8,242,Can't Lose Them,2,Loyal Regulars,"Upsell campaigns, early access to new products, cross-sell"
16343,16,2,370.48,4,3,2,9,432,Promising,0,New Potentials,"Welcome series, onboarding discounts, education content"
16344,158,1,101.1,2,2,1,5,221,Lost,3,Lost Causes,Final reactivation attempt or remove from active campaigns
16345,44,1,575.41,3,2,3,8,323,Need Attention,0,New Potentials,"Welcome series, onboarding discounts, education content"
16347,11,2,887.65,5,3,3,11,533,Promising,0,New Potentials,"Welcome series, onboarding discounts, education content"
16348,32,7,1469.45,4,5,4,13,454,Champions,2,Loyal Regulars,"Upsell campaigns, early access to new products, cross-sell"
16349,291,1,53.5,1,2,1,4,121,Lost,3,Lost Causes,Final reactivation attempt or remove from active campaigns
16350,21,4,1116.47,4,4,4,12,444,Champions,2,Loyal Regulars,"Upsell campaigns, early access to new products, cross-sell"
16351,333,1,153.9,1,2,1,4,121,Lost,3,Lost Causes,Final reactivation attempt or remove from active campaigns
16352,18,2,494.44,4,3,3,10,433,Promising,0,New Potentials,"Welcome series, onboarding discounts, education content"
16353,4,23,6675.71,5,5,5,15,555,Champions,1,VIP Champions,"Loyalty rewards, referral programs, exclusive early access"
16354,63,2,395.8,3,3,2,8,332,Promising,3,Lost Causes,Final reactivation attempt or remove from active campaigns
16356,198,3,211.77,1,4,1,6,141,Can't Lose Them,3,Lost Causes,Final reactivation attempt or remove from active campaigns
16357,33,3,658.88,4,4,3,11,443,Loyal Customers,2,Loyal Regulars,"Upsell campaigns, early access to new products, cross-sell"
16358,1,4,2027.5,5,4,4,13,544,Champions,1,VIP Champions,"Loyalty rewards, referral programs, exclusive early access"
16359,7,9,1750.92,5,5,4,14,554,Champions,1,VIP Champions,"Loyalty rewards, referral programs, exclusive early access"
16360,5,6,3512.53,5,5,5,15,555,Champions,1,VIP Champions,"Loyalty rewards, referral programs, exclusive early access"
16361,10,4,896.66,5,4,3,12,543,Loyal Customers,0,New Potentials,"Welcome series, onboarding discounts, education content"
16362,32,5,734.77,4,4,3,11,443,Loyal Customers,2,Loyal Regulars,"Upsell campaigns, early access to new products, cross-sell"
16363,53,1,109.36,3,2,1,6,321,Need Attention,3,Lost Causes,Final reactivation attempt or remove from active campaigns
16364,12,2,707.04,5,3,3,11,533,Promising,0,New Potentials,"Welcome series, onboarding discounts, education content"
16365,18,9,1540.42,4,5,4,13,454,Champions,1,VIP Champions,"Loyalty rewards, referral programs, exclusive early access"
16366,19,1,327.3,4,2,2,8,422,New Customers,0,New Potentials,"Welcome series, onboarding discounts, education content"
16367,37,2,804.49,3,3,3,9,333,Promising,0,New Potentials,"Welcome series, onboarding discounts, education content"
16368,2,2,497.43,5,3,3,11,533,Promising,0,New Potentials,"Welcome series, onboarding discounts, education content"
16369,18,3,1553.66,4,4,4,12,444,Champions,2,Loyal Regulars,"Upsell campaigns, early access to new products, cross-sell"
16370,82,4,1320.56,2,4,4,10,244,Can't Lose Them,2,Loyal Regulars,"Upsell campaigns, early access to new products, cross-sell"
16372,33,2,367.93,4,3,2,9,432,Promising,0,New Potentials,"Welcome series, onboarding discounts, education content"
16374,66,2,473.03,3,3,2,8,332,Promising,3,Lost Causes,Final reactivation attempt or remove from active campaigns
16376,9,2,987.01,5,3,4,12,534,Promising,0,New Potentials,"Welcome series, onboarding discounts, education content"
16377,267,1,676.2,1,2,3,6,123,At Risk,3,Lost Causes,Final reactivation attempt or remove from active campaigns
16378,247,3,362.95,1,4,2,7,142,Can't Lose Them,3,Lost Causes,Final reactivation attempt or remove from active campaigns
16379,4,4,2157.4,5,4,5,14,545,Champions,1,VIP Champions,"Loyalty rewards, referral programs, exclusive early access"
16380,61,1,1780.59,3,2,4,9,324,Need Attention,2,Loyal Regulars,"Upsell campaigns, early access to new products, cross-sell"
16383,75,2,668.36,2,3,3,8,233,At Risk,2,Loyal Regulars,"Upsell campaigns, early access to new products, cross-sell"
16384,90,2,584.5,2,3,3,8,233,At Risk,3,Lost Causes,Final reactivation attempt or remove from active campaigns
16385,60,3,555.89,3,4,3,10,343,Promising,2,Loyal Regulars,"Upsell campaigns, early access to new products, cross-sell"
16386,29,2,317.2,4,3,2,9,432,Promising,0,New Potentials,"Welcome series, onboarding discounts, education content"
16387,323,1,94.36,1,2,1,4,121,Lost,3,Lost Causes,Final reactivation attempt or remove from active campaigns
16389,53,4,1382.0700000000002,3,4,4,11,344,Promising,2,Loyal Regulars,"Upsell campaigns, early access to new products, cross-sell"
16392,270,1,221.19,1,2,1,4,121,Lost,3,Lost Causes,Final reactivation attempt or remove from active campaigns
16393,2,13,3046.21,5,5,5,15,555,Champions,1,VIP Champions,"Loyalty rewards, referral programs, exclusive early access"
16394,57,5,1555.34,3,4,4,11,344,Promising,2,Loyal Regulars,"Upsell campaigns, early access to new products, cross-sell"
16395,61,5,1486.9,3,4,4,11,344,Promising,2,Loyal Regulars,"Upsell campaigns, early access to new products, cross-sell"
16398,154,2,1705.8,2,3,4,9,234,At Risk,2,Loyal Regulars,"Upsell campaigns, early access to new products, cross-sell"
16399,19,2,408.57,4,3,2,9,432,Promising,0,New Potentials,"Welcome series, onboarding discounts, education content"
16400,95,1,303.93,2,2,2,6,222,Lost,3,Lost Causes,Final reactivation attempt or remove from active campaigns
16401,1,12,4098.32,5,5,5,15,555,Champions,1,VIP Champions,"Loyalty rewards, referral programs, exclusive early access"
16402,265,2,299.6,1,3,2,6,132,Need Attention,3,Lost Causes,Final reactivation attempt or remove from active campaigns
16403,312,1,177.5,1,2,1,4,121,Lost,3,Lost Causes,Final reactivation attempt or remove from active campaigns
16404,70,1,443.05,3,2,2,7,322,Need Attention,3,Lost Causes,Final reactivation attempt or remove from active campaigns
16405,302,2,167.25,1,3,1,5,131,Need Attention,3,Lost Causes,Final reactivation attempt or remove from active campaigns
16406,19,1,163.07,4,2,1,7,421,New Customers,0,New Potentials,"Welcome series, onboarding discounts, education content"
16407,13,10,2126.93,5,5,5,15,555,Champions,1,VIP Champions,"Loyalty rewards, referral programs, exclusive early access"
16409,36,5,2028.88,3,4,4,11,344,Promising,2,Loyal Regulars,"Upsell campaigns, early access to new products, cross-sell"
16411,19,2,214.65,4,3,1,8,431,Promising,0,New Potentials,"Welcome series, onboarding discounts, education content"
16412,54,1,151.83,3,2,1,6,321,Need Attention,3,Lost Causes,Final reactivation attempt or remove from active campaigns
16413,57,1,262.2,3,2,2,7,322,Need Attention,3,Lost Causes,Final reactivation attempt or remove from active campaigns
16414,22,2,126.25,4,3,1,8,431,Promising,0,New Potentials,"Welcome series, onboarding discounts, education content"
16415,44,1,210.35,3,2,1,6,321,Need Attention,3,Lost Causes,Final reactivation attempt or remove from active campaigns
16416,27,3,1051.4,4,4,4,12,444,Champions,2,Loyal Regulars,"Upsell campaigns, early access to new products, cross-sell"
16418,45,3,675.27,3,4,3,10,343,Promising,2,Loyal Regulars,"Upsell campaigns, early access to new products, cross-sell"
16419,113,6,972.23,2,5,4,11,254,Can't Lose Them,2,Loyal Regulars,"Upsell campaigns, early access to new products, cross-sell"
16422,17,51,34684.4,4,5,5,14,455,Champions,1,VIP Champions,"Loyalty rewards, referral programs, exclusive early access"
16423,25,1,346.12,4,2,2,8,422,New Customers,0,New Potentials,"Welcome series, onboarding discounts, education content"
16424,191,1,133.56,1,2,1,4,121,Lost,3,Lost Causes,Final reactivation attempt or remove from active campaigns
16425,302,1,302.7,1,2,2,5,122,Lost,3,Lost Causes,Final reactivation attempt or remove from active campaigns
16426,2,10,1908.25,5,5,4,14,554,Champions,1,VIP Champions,"Loyalty rewards, referral programs, exclusive early access"
16427,263,2,241.06,1,3,1,5,131,Need Attention,3,Lost Causes,Final reactivation attempt or remove from active campaigns
16429,106,1,284.55,2,2,2,6,222,Lost,3,Lost Causes,Final reactivation attempt or remove from active campaigns
16430,57,1,300.85,3,2,2,7,322,Need Attention,3,Lost Causes,Final reactivation attempt or remove from active campaigns
16431,213,3,642.81,1,4,3,8,143,Can't Lose Them,3,Lost Causes,Final reactivation attempt or remove from active campaigns
16432,64,1,287.40000000000003,3,2,2,7,322,Need Attention,3,Lost Causes,Final reactivation attempt or remove from active campaigns
16433,28,1,184.26,4,2,1,7,421,New Customers,0,New Potentials,"Welcome series, onboarding discounts, education content"
16434,29,7,1522.25,4,5,4,13,454,Champions,2,Loyal Regulars,"Upsell campaigns, early access to new products, cross-sell"
16438,6,5,798.35,5,4,3,12,543,Loyal Customers,0,New Potentials,"Welcome series, onboarding discounts, education content"
16440,8,5,3640.67,5,4,5,14,545,Champions,1,VIP Champions,"Loyalty rewards, referral programs, exclusive early access"
16441,67,2,381.2,3,3,2,8,332,Promising,3,Lost Causes,Final reactivation attempt or remove from active campaigns
16442,2,3,616.79,5,4,3,12,543,Loyal Customers,0,New Potentials,"Welcome series, onboarding discounts, education content"
16444,46,4,654.67,3,4,3,10,343,Promising,2,Loyal Regulars,"Upsell campaigns, early access to new products, cross-sell"
16445,34,1,230.51,3,2,1,6,321,Need Attention,0,New Potentials,"Welcome series, onboarding discounts, education content"
16446,1,2,168472.5,5,3,5,13,535,Promising,1,VIP Champions,"Loyalty rewards, referral programs, exclusive early access"
16447,136,1,259.01,2,2,2,6,222,Lost,3,Lost Causes,Final reactivation attempt or remove from active campaigns
16448,198,1,188.89,1,2,1,4,121,Lost,3,Lost Causes,Final reactivation attempt or remove from active campaigns
16449,198,2,707.69,1,3,3,7,133,At Risk,3,Lost Causes,Final reactivation attempt or remove from active campaigns
16450,150,1,311.92,2,2,2,6,222,Lost,3,Lost Causes,Final reactivation attempt or remove from active campaigns
16451,88,1,266.97,2,2,2,6,222,Lost,3,Lost Causes,Final reactivation attempt or remove from active campaigns
16454,45,2,6.9,3,3,1,7,331,Promising,3,Lost Causes,Final reactivation attempt or remove from active campaigns
16455,64,7,1841.18,3,5,4,12,354,Promising,2,Loyal Regulars,"Upsell campaigns, early access to new products, cross-sell"
16456,99,5,2158.37,2,4,5,11,245,Can't Lose Them,2,Loyal Regulars,"Upsell campaigns, early access to new products, cross-sell"
16457,218,1,208.36,1,2,1,4,121,Lost,3,Lost Causes,Final reactivation attempt or remove from active campaigns
16458,3,18,3482.74,5,5,5,15,555,Champions,1,VIP Champions,"Loyalty rewards, referral programs, exclusive early access"
16460,28,3,814.72,4,4,3,11,443,Loyal Customers,2,Loyal Regulars,"Upsell campaigns, early access to new products, cross-sell"
16461,178,1,151.42,2,2,1,5,221,Lost,3,Lost Causes,Final reactivation attempt or remove from active campaigns
16462,74,3,136.0,2,4,1,7,241,Can't Lose Them,3,Lost Causes,Final reactivation attempt or remove from active campaigns
16463,21,4,1422.4,4,4,4,12,444,Champions,2,Loyal Regulars,"Upsell campaigns, early access to new products, cross-sell"
16464,20,3,1314.68,4,4,4,12,444,Champions,2,Loyal Regulars,"Upsell campaigns, early access to new products, cross-sell"
16466,34,7,1603.46,3,5,4,12,354,Promising,2,Loyal Regulars,"Upsell campaigns, early access to new products, cross-sell"
16468,74,1,74.9,2,2,1,5,221,Lost,3,Lost Causes,Final reactivation attempt or remove from active campaigns
16469,24,4,650.43,4,4,3,11,443,Loyal Customers,2,Loyal Regulars,"Upsell campaigns, early access to new products, cross-sell"
16470,52,4,762.39,3,4,3,10,343,Promising,2,Loyal Regulars,"Upsell campaigns, early access to new products, cross-sell"
16471,275,1,223.95,1,2,1,4,121,Lost,3,Lost Causes,Final reactivation attempt or remove from active campaigns
16473,165,3,316.11,2,4,2,8,242,Can't Lose Them,3,Lost Causes,Final reactivation attempt or remove from active campaigns
16474,7,7,1871.5,5,5,4,14,554,Champions,1,VIP Champions,"Loyalty rewards, referral programs, exclusive early access"
16475,88,4,544.3,2,4,3,9,243,Can't Lose Them,2,Loyal Regulars,"Upsell campaigns, early access to new products, cross-sell"
16477,64,7,2494.46,3,5,5,13,355,Promising,2,Loyal Regulars,"Upsell campaigns, early access to new products, cross-sell"
16478,25,3,331.0,4,4,2,10,442,Loyal Customers,0,New Potentials,"Welcome series, onboarding discounts, education content"
16479,10,2,300.83,5,3,2,10,532,Promising,0,New Potentials,"Welcome series, onboarding discounts, education content"
16480,76,1,769.29,2,2,3,7,223,At Risk,3,Lost Causes,Final reactivation attempt or remove from active campaigns
16482,16,1,220.62,4,2,1,7,421,New Customers,0,New Potentials,"Welcome series, onboarding discounts, education content"
16483,192,1,139.35,1,2,1,4,121,Lost,3,Lost Causes,Final reactivation attempt or remove from active campaigns
16484,174,2,404.3,2,3,2,7,232,Need Attention,3,Lost Causes,Final reactivation attempt or remove from active campaigns
16485,77,1,363.65,2,2,2,6,222,Lost,3,Lost Causes,Final reactivation attempt or remove from active campaigns
16488,33,3,498.8,4,4,3,11,443,Loyal Customers,0,New Potentials,"Welcome series, onboarding discounts, education content"
16491,47,1,731.5,3,2,3,8,323,Need Attention,0,New Potentials,"Welcome series, onboarding discounts, education content"
16493,80,4,1351.63,2,4,4,10,244,Can't Lose Them,2,Loyal Regulars,"Upsell campaigns, early access to new products, cross-sell"
16494,297,1,826.53,1,2,3,6,123,At Risk,3,Lost Causes,Final reactivation attempt or remove from active campaigns
16495,3,3,684.41,5,4,3,12,543,Loyal Customers,0,New Potentials,"Welcome series, onboarding discounts, education content"
16496,9,3,1599.52,5,4,4,13,544,Champions,0,New Potentials,"Welcome series, onboarding discounts, education content"
16497,50,6,2965.69,3,5,5,13,355,Promising,2,Loyal Regulars,"Upsell campaigns, early access to new products, cross-sell"
16498,161,2,100.97,2,3,1,6,231,Need Attention,3,Lost Causes,Final reactivation attempt or remove from active campaigns
16499,360,2,365.45,1,3,2,6,132,Need Attention,3,Lost Causes,Final reactivation attempt or remove from active campaigns
16500,5,6,400.86,5,5,2,12,552,Loyal Customers,0,New Potentials,"Welcome series, onboarding discounts, education content"
16503,107,4,1431.93,2,4,4,10,244,Can't Lose Them,2,Loyal Regulars,"Upsell campaigns, early access to new products, cross-sell"
16504,25,1,484.38,4,2,2,8,422,New Customers,0,New Potentials,"Welcome series, onboarding discounts, education content"
16505,32,1,777.6,4,2,3,9,423,New Customers,0,New Potentials,"Welcome series, onboarding discounts, education content"
16506,20,2,90.3,4,3,1,8,431,Promising,0,New Potentials,"Welcome series, onboarding discounts, education content"
16509,297,1,363.7000000000001,1,2,2,5,122,Lost,3,Lost Causes,Final reactivation attempt or remove from active campaigns
16510,372,1,248.1,1,2,1,4,121,Lost,3,Lost Causes,Final reactivation attempt or remove from active campaigns
16511,22,3,950.26,4,4,4,12,444,Champions,2,Loyal Regulars,"Upsell campaigns, early access to new products, cross-sell"
16513,5,4,874.59,5,4,3,12,543,Loyal Customers,0,New Potentials,"Welcome series, onboarding discounts, education content"
16515,52,5,1627.13,3,4,4,11,344,Promising,2,Loyal Regulars,"Upsell campaigns, early access to new products, cross-sell"
16516,30,1,101.7,4,2,1,7,421,New Customers,0,New Potentials,"Welcome series, onboarding discounts, education content"
16517,277,1,162.70000000000002,1,2,1,4,121,Lost,3,Lost Causes,Final reactivation attempt or remove from active campaigns
16518,61,2,484.32,3,3,2,8,332,Promising,3,Lost Causes,Final reactivation attempt or remove from active campaigns
16519,25,2,215.08,4,3,1,8,431,Promising,0,New Potentials,"Welcome series, onboarding discounts, education content"
16520,186,3,1046.57,1,4,4,9,144,Can't Lose Them,2,Loyal Regulars,"Upsell campaigns, early access to new products, cross-sell"
16523,2,21,9418.47,5,5,5,15,555,Champions,1,VIP Champions,"Loyalty rewards, referral programs, exclusive early access"
16525,2,26,13027.45,5,5,5,15,555,Champions,1,VIP Champions,"Loyalty rewards, referral programs, exclusive early access"
16526,172,1,290.36,2,2,2,6,222,Lost,3,Lost Causes,Final reactivation attempt or remove from active campaigns
16527,81,1,228.06,2,2,1,5,221,Lost,3,Lost Causes,Final reactivation attempt or remove from active campaigns
16528,4,1,244.41,5,2,1,8,521,New Customers,0,New Potentials,"Welcome series, onboarding discounts, education content"
16529,190,1,455.25,1,2,2,5,122,Lost,3,Lost Causes,Final reactivation attempt or remove from active campaigns
16531,22,7,1244.59,4,5,4,13,454,Champions,2,Loyal Regulars,"Upsell campaigns, early access to new products, cross-sell"
16532,18,3,6748.8,4,4,5,13,445,Champions,2,Loyal Regulars,"Upsell campaigns, early access to new products, cross-sell"
16533,19,3,1095.56,4,4,4,12,444,Champions,2,Loyal Regulars,"Upsell campaigns, early access to new products, cross-sell"
16535,5,1,593.75,5,2,3,10,523,New Customers,0,New Potentials,"Welcome series, onboarding discounts, education content"
16536,110,1,548.97,2,2,3,7,223,At Risk,3,Lost Causes,Final reactivation attempt or remove from active campaigns
16539,3,4,1388.81,5,4,4,13,544,Champions,0,New Potentials,"Welcome series, onboarding discounts, education content"
16542,54,1,119.62,3,2,1,6,321,Need Attention,3,Lost Causes,Final reactivation attempt or remove from active campaigns
16545,165,1,339.3,2,2,2,6,222,Lost,3,Lost Causes,Final reactivation attempt or remove from active campaigns
16546,291,2,787.15,1,3,3,7,133,At Risk,3,Lost Causes,Final reactivation attempt or remove from active campaigns
16549,10,10,4154.64,5,5,5,15,555,Champions,1,VIP Champions,"Loyalty rewards, referral programs, exclusive early access"
16550,109,5,2298.97,2,4,5,11,245,Can't Lose Them,2,Loyal Regulars,"Upsell campaigns, early access to new products, cross-sell"
16551,96,3,922.12,2,4,3,9,243,Can't Lose Them,2,Loyal Regulars,"Upsell campaigns, early access to new products, cross-sell"
16552,243,2,379.73,1,3,2,6,132,Need Attention,3,Lost Causes,Final reactivation attempt or remove from active campaigns
16553,163,12,5719.82,2,5,5,12,255,Can't Lose Them,2,Loyal Regulars,"Upsell campaigns, early access to new products, cross-sell"
16554,42,3,837.1,3,4,3,10,343,Promising,2,Loyal Regulars,"Upsell campaigns, early access to new products, cross-sell"
16555,35,2,285.89,3,3,2,8,332,Promising,0,New Potentials,"Welcome series, onboarding discounts, education content"
16556,67,7,3313.79,3,5,5,13,355,Promising,2,Loyal Regulars,"Upsell campaigns, early access to new products, cross-sell"
16557,24,2,281.85,4,3,2,9,432,Promising,0,New Potentials,"Welcome series, onboarding discounts, education content"
16558,1,20,8338.49,5,5,5,15,555,Champions,1,VIP Champions,"Loyalty rewards, referral programs, exclusive early access"
16560,27,2,841.41,4,3,3,10,433,Promising,0,New Potentials,"Welcome series, onboarding discounts, education content"
16561,6,2,511.12,5,3,3,11,533,Promising,0,New Potentials,"Welcome series, onboarding discounts, education content"
16563,54,1,1077.74,3,2,4,9,324,Need Attention,2,Loyal Regulars,"Upsell campaigns, early access to new products, cross-sell"
16565,364,1,173.7,1,2,1,4,121,Lost,3,Lost Causes,Final reactivation attempt or remove from active campaigns
16566,15,5,614.66,4,4,3,11,443,Loyal Customers,0,New Potentials,"Welcome series, onboarding discounts, education content"
16567,194,2,865.6,1,3,3,7,133,At Risk,3,Lost Causes,Final reactivation attempt or remove from active campaigns
16569,3,1,124.2,5,2,1,8,521,New Customers,0,New Potentials,"Welcome series, onboarding discounts, education content"
16570,15,10,3738.4,4,5,5,14,455,Champions,1,VIP Champions,"Loyalty rewards, referral programs, exclusive early access"
16571,27,3,1421.69,4,4,4,12,444,Champions,2,Loyal Regulars,"Upsell campaigns, early access to new products, cross-sell"
16572,127,3,1009.6,2,4,4,10,244,Can't Lose Them,2,Loyal Regulars,"Upsell campaigns, early access to new products, cross-sell"
16573,85,2,663.61,2,3,3,8,233,At Risk,3,Lost Causes,Final reactivation attempt or remove from active campaigns
16574,71,1,451.44,3,2,2,7,322,Need Attention,3,Lost Causes,Final reactivation attempt or remove from active campaigns
16581,183,1,105.84,1,2,1,4,121,Lost,3,Lost Causes,Final reactivation attempt or remove from active campaigns
16582,113,1,313.62,2,2,2,6,222,Lost,3,Lost Causes,Final reactivation attempt or remove from active campaigns
16583,374,1,233.45,1,2,1,4,121,Lost,3,Lost Causes,Final reactivation attempt or remove from active campaigns
16584,80,2,936.08,2,3,3,8,233,At Risk,2,Loyal Regulars,"Upsell campaigns, early access to new products, cross-sell"
16586,249,1,463.95,1,2,2,5,122,Lost,3,Lost Causes,Final reactivation attempt or remove from active campaigns
16587,232,1,225.15,1,2,1,4,121,Lost,3,Lost Causes,Final reactivation attempt or remove from active campaigns
16589,71,3,459.24,3,4,2,9,342,Promising,2,Loyal Regulars,"Upsell campaigns, early access to new products, cross-sell"
16591,69,1,213.5,3,2,1,6,321,Need Attention,3,Lost Causes,Final reactivation attempt or remove from active campaigns
16592,4,16,4113.68,5,5,5,15,555,Champions,1,VIP Champions,"Loyalty rewards, referral programs, exclusive early access"
16593,51,3,330.03,3,4,2,9,342,Promising,0,New Potentials,"Welcome series, onboarding discounts, education content"
16594,75,1,181.09,2,2,1,5,221,Lost,3,Lost Causes,Final reactivation attempt or remove from active campaigns
16595,61,1,360.16,3,2,2,7,322,Need Attention,3,Lost Causes,Final reactivation attempt or remove from active campaigns
16596,16,2,250.15,4,3,1,8,431,Promising,0,New Potentials,"Welcome series, onboarding discounts, education content"
16597,4,1,90.04,5,2,1,8,521,New Customers,0,New Potentials,"Welcome series, onboarding discounts, education content"
16598,286,1,145.05,1,2,1,4,121,Lost,3,Lost Causes,Final reactivation attempt or remove from active campaigns
16600,4,6,813.52,5,5,3,13,553,Loyal Customers,0,New Potentials,"Welcome series, onboarding discounts, education content"
16601,41,1,244.8,3,2,1,6,321,Need Attention,3,Lost Causes,Final reactivation attempt or remove from active campaigns
16602,36,1,528.08,3,2,3,8,323,Need Attention,0,New Potentials,"Welcome series, onboarding discounts, education content"
16603,75,2,482.47,2,3,2,7,232,Need Attention,3,Lost Causes,Final reactivation attempt or remove from active campaigns
16607,18,14,3347.71,4,5,5,14,455,Champions,1,VIP Champions,"Loyalty rewards, referral programs, exclusive early access"
16609,15,7,5493.46,4,5,5,14,455,Champions,1,VIP Champions,"Loyalty rewards, referral programs, exclusive early access"
16610,219,1,75.66,1,2,1,4,121,Lost,3,Lost Causes,Final reactivation attempt or remove from active campaigns
16611,186,1,129.49,1,2,1,4,121,Lost,3,Lost Causes,Final reactivation attempt or remove from active campaigns
16612,33,4,1187.66,4,4,4,12,444,Champions,2,Loyal Regulars,"Upsell campaigns, early access to new products, cross-sell"
16613,70,1,618.59,3,2,3,8,323,Need Attention,3,Lost Causes,Final reactivation attempt or remove from active campaigns
16614,183,1,506.19,1,2,3,6,123,At Risk,3,Lost Causes,Final reactivation attempt or remove from active campaigns
16616,15,2,500.42,4,3,3,10,433,Promising,0,New Potentials,"Welcome series, onboarding discounts, education content"
16617,236,1,151.85,1,2,1,4,121,Lost,3,Lost Causes,Final reactivation attempt or remove from active campaigns
16618,31,5,2647.59,4,4,5,13,445,Champions,2,Loyal Regulars,"Upsell campaigns, early access to new products, cross-sell"
16619,264,1,226.21,1,2,1,4,121,Lost,3,Lost Causes,Final reactivation attempt or remove from active campaigns
16620,4,2,178.96,5,3,1,9,531,Promising,0,New Potentials,"Welcome series, onboarding discounts, education content"
16621,52,4,813.48,3,4,3,10,343,Promising,2,Loyal Regulars,"Upsell campaigns, early access to new products, cross-sell"
16623,246,1,129.45000000000002,1,2,1,4,121,Lost,3,Lost Causes,Final reactivation attempt or remove from active campaigns
16624,81,2,810.57,2,3,3,8,233,At Risk,2,Loyal Regulars,"Upsell campaigns, early access to new products, cross-sell"
16625,275,1,333.08,1,2,2,5,122,Lost,3,Lost Causes,Final reactivation attempt or remove from active campaigns
16626,1,17,4413.1,5,5,5,15,555,Champions,1,VIP Champions,"Loyalty rewards, referral programs, exclusive early access"
16627,79,1,322.8,2,2,2,6,222,Lost,3,Lost Causes,Final reactivation attempt or remove from active campaigns
16628,30,5,2188.05,4,4,5,13,445,Champions,2,Loyal Regulars,"Upsell campaigns, early access to new products, cross-sell"
16629,74,2,417.73,2,3,2,7,232,Need Attention,3,Lost Causes,Final reactivation attempt or remove from active campaigns
16633,17,6,2883.1,4,5,5,14,455,Champions,1,VIP Champions,"Loyalty rewards, referral programs, exclusive early access"
16634,223,2,217.9,1,3,1,5,131,Need Attention,3,Lost Causes,Final reactivation attempt or remove from active campaigns
16637,32,4,1154.47,4,4,4,12,444,Champions,2,Loyal Regulars,"Upsell campaigns, early access to new products, cross-sell"
16638,23,10,1680.72,4,5,4,13,454,Champions,1,VIP Champions,"Loyalty rewards, referral programs, exclusive early access"
16639,31,3,1257.51,4,4,4,12,444,Champions,2,Loyal Regulars,"Upsell campaigns, early access to new products, cross-sell"
16641,106,1,231.1,2,2,1,5,221,Lost,3,Lost Causes,Final reactivation attempt or remove from active campaigns
16642,5,2,688.33,5,3,3,11,533,Promising,0,New Potentials,"Welcome series, onboarding discounts, education content"
16643,246,1,487.51,1,2,2,5,122,Lost,3,Lost Causes,Final reactivation attempt or remove from active campaigns
16644,178,2,833.78,2,3,3,8,233,At Risk,3,Lost Causes,Final reactivation attempt or remove from active campaigns
16647,170,2,214.06,2,3,1,6,231,Need Attention,3,Lost Causes,Final reactivation attempt or remove from active campaigns
16648,43,1,290.66,3,2,2,7,322,Need Attention,3,Lost Causes,Final reactivation attempt or remove from active campaigns
16650,72,1,518.42,3,2,3,8,323,Need Attention,3,Lost Causes,Final reactivation attempt or remove from active campaigns
16652,59,7,6773.97,3,5,5,13,355,Promising,2,Loyal Regulars,"Upsell campaigns, early access to new products, cross-sell"
16653,16,2,1212.66,4,3,4,11,434,Promising,0,New Potentials,"Welcome series, onboarding discounts, education content"
16654,141,4,601.27,2,4,3,9,243,Can't Lose Them,2,Loyal Regulars,"Upsell campaigns, early access to new products, cross-sell"
16655,18,6,3794.52,4,5,5,14,455,Champions,1,VIP Champions,"Loyalty rewards, referral programs, exclusive early access"
16656,22,15,8625.8,4,5,5,14,455,Champions,1,VIP Champions,"Loyalty rewards, referral programs, exclusive early access"
16657,10,4,933.62,5,4,3,12,543,Loyal Customers,0,New Potentials,"Welcome series, onboarding discounts, education content"
16658,368,1,123.24,1,2,1,4,121,Lost,3,Lost Causes,Final reactivation attempt or remove from active campaigns
16659,189,1,39.12,1,2,1,4,121,Lost,3,Lost Causes,Final reactivation attempt or remove from active campaigns
16660,16,4,1267.65,4,4,4,12,444,Champions,2,Loyal Regulars,"Upsell campaigns, early access to new products, cross-sell"
16665,362,1,135.4,1,2,1,4,121,Lost,3,Lost Causes,Final reactivation attempt or remove from active campaigns
16666,19,1,118.98,4,2,1,7,421,New Customers,0,New Potentials,"Welcome series, onboarding discounts, education content"
16667,68,2,570.13,3,3,3,9,333,Promising,3,Lost Causes,Final reactivation attempt or remove from active campaigns
16668,15,6,306.72,4,5,2,11,452,Loyal Customers,0,New Potentials,"Welcome series, onboarding discounts, education content"
16669,24,3,1374.87,4,4,4,12,444,Champions,2,Loyal Regulars,"Upsell campaigns, early access to new products, cross-sell"
16670,17,11,4095.9,4,5,5,14,455,Champions,1,VIP Champions,"Loyalty rewards, referral programs, exclusive early access"
16671,28,3,1692.27,4,4,4,12,444,Champions,2,Loyal Regulars,"Upsell campaigns, early access to new products, cross-sell"
16672,2,20,8134.94,5,5,5,15,555,Champions,1,VIP Champions,"Loyalty rewards, referral programs, exclusive early access"
16674,55,2,319.61,3,3,2,8,332,Promising,3,Lost Causes,Final reactivation attempt or remove from active campaigns
16676,34,4,1592.12,3,4,4,11,344,Promising,2,Loyal Regulars,"Upsell campaigns, early access to new products, cross-sell"
16678,3,12,3109.99,5,5,5,15,555,Champions,1,VIP Champions,"Loyalty rewards, referral programs, exclusive early access"
16679,366,1,129.75,1,2,1,4,121,Lost,3,Lost Causes,Final reactivation attempt or remove from active campaigns
16680,43,1,183.7,3,2,1,6,321,Need Attention,3,Lost Causes,Final reactivation attempt or remove from active campaigns
16681,73,6,1770.34,2,5,4,11,254,Can't Lose Them,2,Loyal Regulars,"Upsell campaigns, early access to new products, cross-sell"
16682,5,5,1028.0,5,4,4,13,544,Champions,0,New Potentials,"Welcome series, onboarding discounts, education content"
16684,4,28,66653.56,5,5,5,15,555,Champions,1,VIP Champions,"Loyalty rewards, referral programs, exclusive early access"
16685,61,2,324.24,3,3,2,8,332,Promising,3,Lost Causes,Final reactivation attempt or remove from active campaigns
16686,47,7,3062.83,3,5,5,13,355,Promising,2,Loyal Regulars,"Upsell campaigns, early access to new products, cross-sell"
16688,1,4,1260.86,5,4,4,13,544,Champions,0,New Potentials,"Welcome series, onboarding discounts, education content"
16689,76,2,422.6,2,3,2,7,232,Need Attention,3,Lost Causes,Final reactivation attempt or remove from active campaigns
16690,72,2,225.58,3,3,1,7,331,Promising,3,Lost Causes,Final reactivation attempt or remove from active campaigns
16692,256,2,1276.0,1,3,4,8,134,At Risk,2,Loyal Regulars,"Upsell campaigns, early access to new products, cross-sell"
16693,69,2,482.01,3,3,2,8,332,Promising,3,Lost Causes,Final reactivation attempt or remove from active campaigns
16696,135,4,657.9,2,4,3,9,243,Can't Lose Them,2,Loyal Regulars,"Upsell campaigns, early access to new products, cross-sell"
16697,241,1,112.75,1,2,1,4,121,Lost,3,Lost Causes,Final reactivation attempt or remove from active campaigns
16698,227,2,1998.0,1,3,4,8,134,At Risk,2,Loyal Regulars,"Upsell campaigns, early access to new products, cross-sell"
16700,9,13,5076.55,5,5,5,15,555,Champions,1,VIP Champions,"Loyalty rewards, referral programs, exclusive early access"
16701,9,13,5398.3,5,5,5,15,555,Champions,1,VIP Champions,"Loyalty rewards, referral programs, exclusive early access"
16705,1,20,14034.99,5,5,5,15,555,Champions,1,VIP Champions,"Loyalty rewards, referral programs, exclusive early access"
16706,37,3,531.35,3,4,3,10,343,Promising,0,New Potentials,"Welcome series, onboarding discounts, education content"
16708,46,1,656.63,3,2,3,8,323,Need Attention,0,New Potentials,"Welcome series, onboarding discounts, education content"
16709,85,5,3029.87,2,4,5,11,245,Can't Lose Them,2,Loyal Regulars,"Upsell campaigns, early access to new products, cross-sell"
16710,19,10,2483.04,4,5,5,14,455,Champions,1,VIP Champions,"Loyalty rewards, referral programs, exclusive early access"
16711,3,5,1651.03,5,4,4,13,544,Champions,1,VIP Champions,"Loyalty rewards, referral programs, exclusive early access"
16712,9,11,3645.43,5,5,5,15,555,Champions,1,VIP Champions,"Loyalty rewards, referral programs, exclusive early access"
16713,19,15,6923.13,4,5,5,14,455,Champions,1,VIP Champions,"Loyalty rewards, referral programs, exclusive early access"
16714,219,3,1161.53,1,4,4,9,144,Can't Lose Them,2,Loyal Regulars,"Upsell campaigns, early access to new products, cross-sell"
16715,78,1,301.72,2,2,2,6,222,Lost,3,Lost Causes,Final reactivation attempt or remove from active campaigns
16716,267,2,901.2,1,3,3,7,133,At Risk,3,Lost Causes,Final reactivation attempt or remove from active campaigns
16717,24,6,3858.38,4,5,5,14,455,Champions,1,VIP Champions,"Loyalty rewards, referral programs, exclusive early access"
16718,369,1,623.75,1,2,3,6,123,At Risk,3,Lost Causes,Final reactivation attempt or remove from active campaigns
16719,15,7,1790.42,4,5,4,13,454,Champions,1,VIP Champions,"Loyalty rewards, referral programs, exclusive early access"
16720,26,1,155.24,4,2,1,7,421,New Customers,0,New Potentials,"Welcome series, onboarding discounts, education content"
16721,262,1,292.47,1,2,2,5,122,Lost,3,Lost Causes,Final reactivation attempt or remove from active campaigns
16722,17,13,4730.81,4,5,5,14,455,Champions,1,VIP Champions,"Loyalty rewards, referral programs, exclusive early access"
16723,91,2,589.15,2,3,3,8,233,At Risk,3,Lost Causes,Final reactivation attempt or remove from active campaigns
16725,302,7,781.02,1,5,3,9,153,Can't Lose Them,2,Loyal Regulars,"Upsell campaigns, early access to new products, cross-sell"
16726,26,5,1382.02,4,4,4,12,444,Champions,2,Loyal Regulars,"Upsell campaigns, early access to new products, cross-sell"
16727,364,1,272.82,1,2,2,5,122,Lost,3,Lost Causes,Final reactivation attempt or remove from active campaigns
16728,46,4,1054.67,3,4,4,11,344,Promising,2,Loyal Regulars,"Upsell campaigns, early access to new products, cross-sell"
16729,38,21,7239.92,3,5,5,13,355,Promising,1,VIP Champions,"Loyalty rewards, referral programs, exclusive early access"
16730,52,3,743.11,3,4,3,10,343,Promising,2,Loyal Regulars,"Upsell campaigns, early access to new products, cross-sell"
16732,32,1,603.75,4,2,3,9,423,New Customers,0,New Potentials,"Welcome series, onboarding discounts, education content"
16734,52,3,650.51,3,4,3,10,343,Promising,2,Loyal Regulars,"Upsell campaigns, early access to new products, cross-sell"
16735,79,5,2300.56,2,4,5,11,245,Can't Lose Them,2,Loyal Regulars,"Upsell campaigns, early access to new products, cross-sell"
16737,53,1,417.6,3,2,2,7,322,Need Attention,3,Lost Causes,Final reactivation attempt or remove from active campaigns
16738,298,1,3.75,1,2,1,4,121,Lost,3,Lost Causes,Final reactivation attempt or remove from active campaigns
16739,177,1,323.0,2,2,2,6,222,Lost,3,Lost Causes,Final reactivation attempt or remove from active campaigns
16742,47,1,464.9,3,2,2,7,322,Need Attention,3,Lost Causes,Final reactivation attempt or remove from active campaigns
16743,29,7,2238.09,4,5,5,14,455,Champions,2,Loyal Regulars,"Upsell campaigns, early access to new products, cross-sell"
16744,11,7,1304.76,5,5,4,14,554,Champions,1,VIP Champions,"Loyalty rewards, referral programs, exclusive early access"
16745,87,17,7194.3,2,5,5,12,255,Can't Lose Them,1,VIP Champions,"Loyalty rewards, referral programs, exclusive early access"
16746,5,18,6697.66,5,5,5,15,555,Champions,1,VIP Champions,"Loyalty rewards, referral programs, exclusive early access"
16747,38,2,836.0600000000001,3,3,3,9,333,Promising,2,Loyal Regulars,"Upsell campaigns, early access to new products, cross-sell"
16748,18,5,1515.9,4,4,4,12,444,Champions,2,Loyal Regulars,"Upsell campaigns, early access to new products, cross-sell"
16750,45,5,623.93,3,4,3,10,343,Promising,2,Loyal Regulars,"Upsell campaigns, early access to new products, cross-sell"
16751,31,1,1764.72,4,2,4,10,424,New Customers,2,Loyal Regulars,"Upsell campaigns, early access to new products, cross-sell"
16752,373,1,207.5,1,2,1,4,121,Lost,3,Lost Causes,Final reactivation attempt or remove from active campaigns
16753,58,1,223.92,3,2,1,6,321,Need Attention,3,Lost Causes,Final reactivation attempt or remove from active campaigns
16754,372,1,2002.4,1,2,4,7,124,At Risk,3,Lost Causes,Final reactivation attempt or remove from active campaigns
16755,114,3,1496.83,2,4,4,10,244,Can't Lose Them,2,Loyal Regulars,"Upsell campaigns, early access to new products, cross-sell"
16756,215,1,239.4,1,2,1,4,121,Lost,3,Lost Causes,Final reactivation attempt or remove from active campaigns
16757,319,1,106.83,1,2,1,4,121,Lost,3,Lost Causes,Final reactivation attempt or remove from active campaigns
16758,65,1,369.34,3,2,2,7,322,Need Attention,3,Lost Causes,Final reactivation attempt or remove from active campaigns
16759,8,3,789.79,5,4,3,12,543,Loyal Customers,0,New Potentials,"Welcome series, onboarding discounts, education content"
16761,97,1,316.62,2,2,2,6,222,Lost,3,Lost Causes,Final reactivation attempt or remove from active campaigns
16762,20,3,1501.38,4,4,4,12,444,Champions,2,Loyal Regulars,"Upsell campaigns, early access to new products, cross-sell"
16763,199,1,611.8499999999999,1,2,3,6,123,At Risk,3,Lost Causes,Final reactivation attempt or remove from active campaigns
16764,4,13,2799.25,5,5,5,15,555,Champions,1,VIP Champions,"Loyalty rewards, referral programs, exclusive early access"
16765,294,1,34.0,1,2,1,4,121,Lost,3,Lost Causes,Final reactivation attempt or remove from active campaigns
16766,273,2,1145.6,1,3,4,8,134,At Risk,3,Lost Causes,Final reactivation attempt or remove from active campaigns
16767,31,11,5580.6,4,5,5,14,455,Champions,1,VIP Champions,"Loyalty rewards, referral programs, exclusive early access"
16768,48,3,478.09,3,4,2,9,342,Promising,2,Loyal Regulars,"Upsell campaigns, early access to new products, cross-sell"
16769,260,1,380.39,1,2,2,5,122,Lost,3,Lost Causes,Final reactivation attempt or remove from active campaigns
16770,58,5,770.1,3,4,3,10,343,Promising,2,Loyal Regulars,"Upsell campaigns, early access to new products, cross-sell"
16771,33,5,2246.81,4,4,5,13,445,Champions,2,Loyal Regulars,"Upsell campaigns, early access to new products, cross-sell"
16773,57,1,171.59,3,2,1,6,321,Need Attention,3,Lost Causes,Final reactivation attempt or remove from active campaigns
16774,68,4,661.52,3,4,3,10,343,Promising,2,Loyal Regulars,"Upsell campaigns, early access to new products, cross-sell"
16775,10,11,1695.66,5,5,4,14,554,Champions,1,VIP Champions,"Loyalty rewards, referral programs, exclusive early access"
16776,60,1,388.28,3,2,2,7,322,Need Attention,3,Lost Causes,Final reactivation attempt or remove from active campaigns
16777,80,2,226.35,2,3,1,6,231,Need Attention,3,Lost Causes,Final reactivation attempt or remove from active campaigns
16778,74,2,245.94,2,3,1,6,231,Need Attention,3,Lost Causes,Final reactivation attempt or remove from active campaigns
16779,2,22,10629.72,5,5,5,15,555,Champions,1,VIP Champions,"Loyalty rewards, referral programs, exclusive early access"
16780,100,2,425.19,2,3,2,7,232,Need Attention,3,Lost Causes,Final reactivation attempt or remove from active campaigns
16781,372,1,311.25,1,2,2,5,122,Lost,3,Lost Causes,Final reactivation attempt or remove from active campaigns
16782,10,13,2279.9,5,5,5,15,555,Champions,1,VIP Champions,"Loyalty rewards, referral programs, exclusive early access"
16784,20,1,107.6,4,2,1,7,421,New Customers,0,New Potentials,"Welcome series, onboarding discounts, education content"
16788,123,2,597.48,2,3,3,8,233,At Risk,3,Lost Causes,Final reactivation attempt or remove from active campaigns
16789,8,1,80.80000000000001,5,2,1,8,521,New Customers,0,New Potentials,"Welcome series, onboarding discounts, education content"
16790,4,6,1545.62,5,5,4,14,554,Champions,1,VIP Champions,"Loyalty rewards, referral programs, exclusive early access"
16791,29,7,1721.78,4,5,4,13,454,Champions,2,Loyal Regulars,"Upsell campaigns, early access to new products, cross-sell"
16792,282,2,110.38,1,3,1,5,131,Need Attention,3,Lost Causes,Final reactivation attempt or remove from active campaigns
16793,57,1,243.84,3,2,1,6,321,Need Attention,3,Lost Causes,Final reactivation attempt or remove from active campaigns
16794,1,10,1222.71,5,5,4,14,554,Champions,1,VIP Champions,"Loyalty rewards, referral programs, exclusive early access"
16795,365,1,414.88,1,2,2,5,122,Lost,3,Lost Causes,Final reactivation attempt or remove from active campaigns
16796,89,1,305.62,2,2,2,6,222,Lost,3,Lost Causes,Final reactivation attempt or remove from active campaigns
16800,11,1,1201.49,5,2,4,11,524,New Customers,0,New Potentials,"Welcome series, onboarding discounts, education content"
16801,163,4,1619.73,2,4,4,10,244,Can't Lose Them,2,Loyal Regulars,"Upsell campaigns, early access to new products, cross-sell"
16803,65,1,332.3,3,2,2,7,322,Need Attention,3,Lost Causes,Final reactivation attempt or remove from active campaigns
16804,23,3,536.99,4,4,3,11,443,Loyal Customers,0,New Potentials,"Welcome series, onboarding discounts, education content"
16805,174,2,460.59,2,3,2,7,232,Need Attention,3,Lost Causes,Final reactivation attempt or remove from active campaigns
16806,103,4,801.49,2,4,3,9,243,Can't Lose Them,2,Loyal Regulars,"Upsell campaigns, early access to new products, cross-sell"
16807,143,3,1121.59,2,4,4,10,244,Can't Lose Them,2,Loyal Regulars,"Upsell campaigns, early access to new products, cross-sell"
16808,99,2,288.42,2,3,2,7,232,Need Attention,3,Lost Causes,Final reactivation attempt or remove from active campaigns
16809,23,5,914.69,4,4,3,11,443,Loyal Customers,2,Loyal Regulars,"Upsell campaigns, early access to new products, cross-sell"
16810,192,1,309.54,1,2,2,5,122,Lost,3,Lost Causes,Final reactivation attempt or remove from active campaigns
16811,5,2,547.07,5,3,3,11,533,Promising,0,New Potentials,"Welcome series, onboarding discounts, education content"
16812,361,1,479.35,1,2,2,5,122,Lost,3,Lost Causes,Final reactivation attempt or remove from active campaigns
16813,8,10,1692.98,5,5,4,14,554,Champions,1,VIP Champions,"Loyalty rewards, referral programs, exclusive early access"
16814,14,21,6509.1,4,5,5,14,455,Champions,1,VIP Champions,"Loyalty rewards, referral programs, exclusive early access"
16816,103,4,417.06,2,4,2,8,242,Can't Lose Them,2,Loyal Regulars,"Upsell campaigns, early access to new products, cross-sell"
16817,3,9,1604.75,5,5,4,14,554,Champions,1,VIP Champions,"Loyalty rewards, referral programs, exclusive early access"
16818,11,11,3349.57,5,5,5,15,555,Champions,1,VIP Champions,"Loyalty rewards, referral programs, exclusive early access"
16820,96,1,497.61,2,2,3,7,223,At Risk,3,Lost Causes,Final reactivation attempt or remove from active campaigns
16823,227,1,358.38,1,2,2,5,122,Lost,3,Lost Causes,Final reactivation attempt or remove from active campaigns
16824,16,2,460.64,4,3,2,9,432,Promising,0,New Potentials,"Welcome series, onboarding discounts, education content"
16825,39,2,775.18,3,3,3,9,333,Promising,2,Loyal Regulars,"Upsell campaigns, early access to new products, cross-sell"
16826,51,1,341.7,3,2,2,7,322,Need Attention,3,Lost Causes,Final reactivation attempt or remove from active campaigns
16828,93,2,128.5,2,3,1,6,231,Need Attention,3,Lost Causes,Final reactivation attempt or remove from active campaigns
16829,157,1,197.22,2,2,1,5,221,Lost,3,Lost Causes,Final reactivation attempt or remove from active campaigns
16830,39,1,325.91,3,2,2,7,322,Need Attention,0,New Potentials,"Welcome series, onboarding discounts, education content"
16832,184,3,199.15,1,4,1,6,141,Can't Lose Them,3,Lost Causes,Final reactivation attempt or remove from active campaigns
16833,1,4,1106.53,5,4,4,13,544,Champions,0,New Potentials,"Welcome series, onboarding discounts, education content"
16834,228,1,413.46,1,2,2,5,122,Lost,3,Lost Causes,Final reactivation attempt or remove from active campaigns
16835,128,2,180.85,2,3,1,6,231,Need Attention,3,Lost Causes,Final reactivation attempt or remove from active campaigns
16836,40,2,251.87,3,3,2,8,332,Promising,0,New Potentials,"Welcome series, onboarding discounts, education content"
16837,31,11,3170.98,4,5,5,14,455,Champions,1,VIP Champions,"Loyalty rewards, referral programs, exclusive early access"
16838,197,2,588.85,1,3,3,7,133,At Risk,3,Lost Causes,Final reactivation attempt or remove from active campaigns
16839,9,34,16594.35,5,5,5,15,555,Champions,1,VIP Champions,"Loyalty rewards, referral programs, exclusive early access"
16841,37,6,1869.82,3,5,4,12,354,Promising,2,Loyal Regulars,"Upsell campaigns, early access to new products, cross-sell"
16842,101,3,1264.19,2,4,4,10,244,Can't Lose Them,2,Loyal Regulars,"Upsell campaigns, early access to new products, cross-sell"
16843,43,16,10196.57,3,5,5,13,355,Promising,1,VIP Champions,"Loyalty rewards, referral programs, exclusive early access"
16846,50,1,214.32,3,2,1,6,321,Need Attention,3,Lost Causes,Final reactivation attempt or remove from active campaigns
16847,43,1,193.44,3,2,1,6,321,Need Attention,3,Lost Causes,Final reactivation attempt or remove from active campaigns
16848,53,1,281.42,3,2,2,7,322,Need Attention,3,Lost Causes,Final reactivation attempt or remove from active campaigns
16849,187,1,124.57,1,2,1,4,121,Lost,3,Lost Causes,Final reactivation attempt or remove from active campaigns
16850,334,1,332.41,1,2,2,5,122,Lost,3,Lost Causes,Final reactivation attempt or remove from active campaigns
16851,4,3,342.45,5,4,2,11,542,Loyal Customers,0,New Potentials,"Welcome series, onboarding discounts, education content"
16852,10,2,144.91,5,3,1,9,531,Promising,0,New Potentials,"Welcome series, onboarding discounts, education content"
16855,24,2,328.40000000000003,4,3,2,9,432,Promising,0,New Potentials,"Welcome series, onboarding discounts, education content"
16856,15,1,35.400000000000006,4,2,1,7,421,New Customers,0,New Potentials,"Welcome series, onboarding discounts, education content"
16858,369,1,375.69000000000005,1,2,2,5,122,Lost,3,Lost Causes,Final reactivation attempt or remove from active campaigns
16859,145,2,747.81,2,3,3,8,233,At Risk,3,Lost Causes,Final reactivation attempt or remove from active campaigns
16861,60,2,173.76,3,3,1,7,331,Promising,3,Lost Causes,Final reactivation attempt or remove from active campaigns
16863,31,2,502.8,4,3,3,10,433,Promising,0,New Potentials,"Welcome series, onboarding discounts, education content"
16866,141,3,207.74,2,4,1,7,241,Can't Lose Them,3,Lost Causes,Final reactivation attempt or remove from active campaigns
16869,23,4,825.4200000000001,4,4,3,11,443,Loyal Customers,2,Loyal Regulars,"Upsell campaigns, early access to new products, cross-sell"
16871,22,6,2812.34,4,5,5,14,455,Champions,2,Loyal Regulars,"Upsell campaigns, early access to new products, cross-sell"
16872,77,3,680.02,2,4,3,9,243,Can't Lose Them,2,Loyal Regulars,"Upsell campaigns, early access to new products, cross-sell"
16873,5,6,7123.62,5,5,5,15,555,Champions,1,VIP Champions,"Loyalty rewards, referral programs, exclusive early access"
16875,67,5,2095.53,3,4,5,12,345,Promising,2,Loyal Regulars,"Upsell campaigns, early access to new products, cross-sell"
16877,12,6,853.72,5,5,3,13,553,Loyal Customers,2,Loyal Regulars,"Upsell campaigns, early access to new products, cross-sell"
16878,84,1,13.3,2,2,1,5,221,Lost,3,Lost Causes,Final reactivation attempt or remove from active campaigns
16880,31,7,1519.08,4,5,4,13,454,Champions,2,Loyal Regulars,"Upsell campaigns, early access to new products, cross-sell"
16881,67,1,432.0,3,2,2,7,322,Need Attention,3,Lost Causes,Final reactivation attempt or remove from active campaigns
16882,67,3,705.12,3,4,3,10,343,Promising,2,Loyal Regulars,"Upsell campaigns, early access to new products, cross-sell"
16883,187,2,276.73,1,3,2,6,132,Need Attention,3,Lost Causes,Final reactivation attempt or remove from active campaigns
16884,38,2,429.84,3,3,2,8,332,Promising,0,New Potentials,"Welcome series, onboarding discounts, education content"
16885,15,3,471.51,4,4,2,10,442,Loyal Customers,0,New Potentials,"Welcome series, onboarding discounts, education content"
16887,35,1,194.88,3,2,1,6,321,Need Attention,0,New Potentials,"Welcome series, onboarding discounts, education content"
16889,195,3,1578.67,1,4,4,9,144,Can't Lose Them,2,Loyal Regulars,"Upsell campaigns, early access to new products, cross-sell"
16891,2,5,809.7,5,4,3,12,543,Loyal Customers,0,New Potentials,"Welcome series, onboarding discounts, education content"
16892,1,5,525.54,5,4,3,12,543,Loyal Customers,0,New Potentials,"Welcome series, onboarding discounts, education content"
16893,367,1,145.93,1,2,1,4,121,Lost,3,Lost Causes,Final reactivation attempt or remove from active campaigns
16895,65,1,219.14,3,2,1,6,321,Need Attention,3,Lost Causes,Final reactivation attempt or remove from active campaigns
16897,299,2,289.78,1,3,2,6,132,Need Attention,3,Lost Causes,Final reactivation attempt or remove from active campaigns
16898,26,3,508.81,4,4,3,11,443,Loyal Customers,0,New Potentials,"Welcome series, onboarding discounts, education content"
16899,8,6,1281.56,5,5,4,14,554,Champions,1,VIP Champions,"Loyalty rewards, referral programs, exclusive early access"
16900,17,3,887.11,4,4,3,11,443,Loyal Customers,0,New Potentials,"Welcome series, onboarding discounts, education content"
16902,116,1,1706.88,2,2,4,8,224,At Risk,2,Loyal Regulars,"Upsell campaigns, early access to new products, cross-sell"
16903,29,1,373.24,4,2,2,8,422,New Customers,0,New Potentials,"Welcome series, onboarding discounts, education content"
16904,4,16,3754.27,5,5,5,15,555,Champions,1,VIP Champions,"Loyalty rewards, referral programs, exclusive early access"
16905,5,7,3102.43,5,5,5,15,555,Champions,1,VIP Champions,"Loyalty rewards, referral programs, exclusive early access"
16906,82,4,579.77,2,4,3,9,243,Can't Lose Them,2,Loyal Regulars,"Upsell campaigns, early access to new products, cross-sell"
16907,29,5,981.65,4,4,4,12,444,Champions,2,Loyal Regulars,"Upsell campaigns, early access to new products, cross-sell"
16909,72,1,379.14,3,2,2,7,322,Need Attention,3,Lost Causes,Final reactivation attempt or remove from active campaigns
16910,4,8,1510.06,5,5,4,14,554,Champions,1,VIP Champions,"Loyalty rewards, referral programs, exclusive early access"
16912,29,11,2575.38,4,5,5,14,455,Champions,1,VIP Champions,"Loyalty rewards, referral programs, exclusive early access"
16913,290,1,113.44,1,2,1,4,121,Lost,3,Lost Causes,Final reactivation attempt or remove from active campaigns
16914,36,1,208.46,3,2,1,6,321,Need Attention,0,New Potentials,"Welcome series, onboarding discounts, education content"
16915,9,6,621.6800000000001,5,5,3,13,553,Loyal Customers,0,New Potentials,"Welcome series, onboarding discounts, education content"
16916,24,2,576.26,4,3,3,10,433,Promising,0,New Potentials,"Welcome series, onboarding discounts, education content"
16917,277,1,391.52,1,2,2,5,122,Lost,3,Lost Causes,Final reactivation attempt or remove from active campaigns
16918,50,6,1068.82,3,5,4,12,354,Promising,2,Loyal Regulars,"Upsell campaigns, early access to new products, cross-sell"
16919,156,11,2596.45,2,5,5,12,255,Can't Lose Them,2,Loyal Regulars,"Upsell campaigns, early access to new products, cross-sell"
16921,61,1,169.79,3,2,1,6,321,Need Attention,3,Lost Causes,Final reactivation attempt or remove from active campaigns
16923,12,19,7247.61,5,5,5,15,555,Champions,1,VIP Champions,"Loyalty rewards, referral programs, exclusive early access"
16924,21,3,846.75,4,4,3,11,443,Loyal Customers,0,New Potentials,"Welcome series, onboarding discounts, education content"
16926,371,1,230.25,1,2,1,4,121,Lost,3,Lost Causes,Final reactivation attempt or remove from active campaigns
16927,116,3,543.05,2,4,3,9,243,Can't Lose Them,2,Loyal Regulars,"Upsell campaigns, early access to new products, cross-sell"
16928,80,17,2847.6,2,5,5,12,255,Can't Lose Them,1,VIP Champions,"Loyalty rewards, referral programs, exclusive early access"
16929,4,7,1295.39,5,5,4,14,554,Champions,1,VIP Champions,"Loyalty rewards, referral programs, exclusive early access"
16930,26,3,380.55,4,4,2,10,442,Loyal Customers,0,New Potentials,"Welcome series, onboarding discounts, education content"
16931,5,21,4604.22,5,5,5,15,555,Champions,1,VIP Champions,"Loyalty rewards, referral programs, exclusive early access"
16932,53,1,161.94,3,2,1,6,321,Need Attention,3,Lost Causes,Final reactivation attempt or remove from active campaigns
16933,1,2,563.23,5,3,3,11,533,Promising,0,New Potentials,"Welcome series, onboarding discounts, education content"
16934,55,2,950.93,3,3,4,10,334,Promising,2,Loyal Regulars,"Upsell campaigns, early access to new products, cross-sell"
16936,26,1,262.68,4,2,2,8,422,New Customers,0,New Potentials,"Welcome series, onboarding discounts, education content"
16938,9,4,2736.38,5,4,5,14,545,Champions,1,VIP Champions,"Loyalty rewards, referral programs, exclusive early access"
16940,52,3,3049.88,3,4,5,12,345,Promising,2,Loyal Regulars,"Upsell campaigns, early access to new products, cross-sell"
16942,13,9,1920.59,5,5,4,14,554,Champions,1,VIP Champions,"Loyalty rewards, referral programs, exclusive early access"
16943,212,3,816.73,1,4,3,8,143,Can't Lose Them,2,Loyal Regulars,"Upsell campaigns, early access to new products, cross-sell"
16945,22,19,4345.5,4,5,5,14,455,Champions,1,VIP Champions,"Loyalty rewards, referral programs, exclusive early access"
16947,236,1,406.48,1,2,2,5,122,Lost,3,Lost Causes,Final reactivation attempt or remove from active campaigns
16948,139,3,435.02,2,4,2,8,242,Can't Lose Them,3,Lost Causes,Final reactivation attempt or remove from active campaigns
16949,4,6,1286.27,5,5,4,14,554,Champions,1,VIP Champions,"Loyalty rewards, referral programs, exclusive early access"
16950,57,3,1178.56,3,4,4,11,344,Promising,2,Loyal Regulars,"Upsell campaigns, early access to new products, cross-sell"
16951,135,3,1277.75,2,4,4,10,244,Can't Lose Them,2,Loyal Regulars,"Upsell campaigns, early access to new products, cross-sell"
16952,109,2,167.61,2,3,1,6,231,Need Attention,3,Lost Causes,Final reactivation attempt or remove from active campaigns
16953,30,1,20.8,4,2,1,7,421,New Customers,3,Lost Causes,Final reactivation attempt or remove from active campaigns
16954,1,9,2085.08,5,5,5,15,555,Champions,1,VIP Champions,"Loyalty rewards, referral programs, exclusive early access"
16955,185,4,518.67,1,4,3,8,143,Can't Lose Them,2,Loyal Regulars,"Upsell campaigns, early access to new products, cross-sell"
16956,18,1,308.74,4,2,2,8,422,New Customers,0,New Potentials,"Welcome series, onboarding discounts, education content"
16957,239,2,416.64,1,3,2,6,132,Need Attention,3,Lost Causes,Final reactivation attempt or remove from active campaigns
16959,87,1,117.35,2,2,1,5,221,Lost,3,Lost Causes,Final reactivation attempt or remove from active campaigns
16960,39,3,507.05,3,4,3,10,343,Promising,0,New Potentials,"Welcome series, onboarding discounts, education content"
16961,116,1,234.17,2,2,1,5,221,Lost,3,Lost Causes,Final reactivation attempt or remove from active campaigns
16963,187,1,110.55,1,2,1,4,121,Lost,3,Lost Causes,Final reactivation attempt or remove from active campaigns
16965,227,1,201.19,1,2,1,4,121,Lost,3,Lost Causes,Final reactivation attempt or remove from active campaigns
16966,8,7,2154.97,5,5,5,15,555,Champions,1,VIP Champions,"Loyalty rewards, referral programs, exclusive early access"
16967,189,1,319.02,1,2,2,5,122,Lost,3,Lost Causes,Final reactivation attempt or remove from active campaigns
16968,4,2,439.43,5,3,2,10,532,Promising,0,New Potentials,"Welcome series, onboarding discounts, education content"
16969,39,3,650.41,3,4,3,10,343,Promising,2,Loyal Regulars,"Upsell campaigns, early access to new products, cross-sell"
16971,38,1,357.21,3,2,2,7,322,Need Attention,0,New Potentials,"Welcome series, onboarding discounts, education content"
16976,267,1,251.52,1,2,2,5,122,Lost,3,Lost Causes,Final reactivation attempt or remove from active campaigns
16978,78,1,344.33,2,2,2,6,222,Lost,3,Lost Causes,Final reactivation attempt or remove from active campaigns
16979,4,6,1852.0,5,5,4,14,554,Champions,1,VIP Champions,"Loyalty rewards, referral programs, exclusive early access"
16980,255,2,1078.96,1,3,4,8,134,At Risk,3,Lost Causes,Final reactivation attempt or remove from active campaigns
16982,61,1,384.06,3,2,2,7,322,Need Attention,3,Lost Causes,Final reactivation attempt or remove from active campaigns
16983,13,7,1931.25,5,5,4,14,554,Champions,1,VIP Champions,"Loyalty rewards, referral programs, exclusive early access"
16984,88,2,4481.35,2,3,5,10,235,At Risk,2,Loyal Regulars,"Upsell campaigns, early access to new products, cross-sell"
16985,17,10,5464.12,4,5,5,14,455,Champions,1,VIP Champions,"Loyalty rewards, referral programs, exclusive early access"
16986,30,2,1873.2,4,3,4,11,434,Promising,2,Loyal Regulars,"Upsell campaigns, early access to new products, cross-sell"
16987,3,7,1625.05,5,5,4,14,554,Champions,1,VIP Champions,"Loyalty rewards, referral programs, exclusive early access"
16988,5,1,126.12,5,2,1,8,521,New Customers,0,New Potentials,"Welcome series, onboarding discounts, education content"
16989,7,6,1133.25,5,5,4,14,554,Champions,1,VIP Champions,"Loyalty rewards, referral programs, exclusive early access"
16990,219,1,179.0,1,2,1,4,121,Lost,3,Lost Causes,Final reactivation attempt or remove from active campaigns
16992,11,5,1614.31,5,4,4,13,544,Champions,2,Loyal Regulars,"Upsell campaigns, early access to new products, cross-sell"
16996,30,6,1456.96,4,5,4,13,454,Champions,2,Loyal Regulars,"Upsell campaigns, early access to new products, cross-sell"
16997,288,3,702.0,1,4,3,8,143,Can't Lose Them,3,Lost Causes,Final reactivation attempt or remove from active campaigns
16998,150,4,295.0,2,4,2,8,242,Can't Lose Them,3,Lost Causes,Final reactivation attempt or remove from active campaigns
16999,23,2,484.82,4,3,2,9,432,Promising,0,New Potentials,"Welcome series, onboarding discounts, education content"
17001,1,11,3989.57,5,5,5,15,555,Champions,1,VIP Champions,"Loyalty rewards, referral programs, exclusive early access"
17002,86,3,1493.73,2,4,4,10,244,Can't Lose Them,2,Loyal Regulars,"Upsell campaigns, early access to new products, cross-sell"
17004,46,2,1412.94,3,3,4,10,334,Promising,2,Loyal Regulars,"Upsell campaigns, early access to new products, cross-sell"
17006,5,4,781.78,5,4,3,12,543,Loyal Customers,0,New Potentials,"Welcome series, onboarding discounts, education content"
17007,51,6,889.9300000000001,3,5,3,11,353,Promising,2,Loyal Regulars,"Upsell campaigns, early access to new products, cross-sell"
17010,18,1,195.36,4,2,1,7,421,New Customers,0,New Potentials,"Welcome series, onboarding discounts, education content"
17011,30,1,270.9,4,2,2,8,422,New Customers,0,New Potentials,"Welcome series, onboarding discounts, education content"
17014,8,3,586.33,5,4,3,12,543,Loyal Customers,0,New Potentials,"Welcome series, onboarding discounts, education content"
17015,29,3,1842.56,4,4,4,12,444,Champions,2,Loyal Regulars,"Upsell campaigns, early access to new products, cross-sell"
17017,3,20,8694.26,5,5,5,15,555,Champions,1,VIP Champions,"Loyalty rewards, referral programs, exclusive early access"
17018,41,2,920.1,3,3,3,9,333,Promising,2,Loyal Regulars,"Upsell campaigns, early access to new products, cross-sell"
17019,11,4,1272.61,5,4,4,13,544,Champions,0,New Potentials,"Welcome series, onboarding discounts, education content"
17022,31,1,71.0,4,2,1,7,421,New Customers,3,Lost Causes,Final reactivation attempt or remove from active campaigns
17024,45,3,95.85,3,4,1,8,341,Promising,3,Lost Causes,Final reactivation attempt or remove from active campaigns
17025,61,3,357.77,3,4,2,9,342,Promising,3,Lost Causes,Final reactivation attempt or remove from active campaigns
17026,185,2,154.83,1,3,1,5,131,Need Attention,3,Lost Causes,Final reactivation attempt or remove from active campaigns
17027,79,6,890.29,2,5,3,10,253,Can't Lose Them,2,Loyal Regulars,"Upsell campaigns, early access to new products, cross-sell"
17029,111,2,716.0,2,3,3,8,233,At Risk,3,Lost Causes,Final reactivation attempt or remove from active campaigns
17030,64,1,146.87,3,2,1,6,321,Need Attention,3,Lost Causes,Final reactivation attempt or remove from active campaigns
17031,12,2,380.35,5,3,2,10,532,Promising,0,New Potentials,"Welcome series, onboarding discounts, education content"
17033,86,3,1030.14,2,4,4,10,244,Can't Lose Them,2,Loyal Regulars,"Upsell campaigns, early access to new products, cross-sell"
17034,16,3,745.52,4,4,3,11,443,Loyal Customers,0,New Potentials,"Welcome series, onboarding discounts, education content"
17035,246,2,433.53,1,3,2,6,132,Need Attention,3,Lost Causes,Final reactivation attempt or remove from active campaigns
17037,88,1,1267.32,2,2,4,8,224,At Risk,3,Lost Causes,Final reactivation attempt or remove from active campaigns
17038,30,1,112.4,4,2,1,7,421,New Customers,0,New Potentials,"Welcome series, onboarding discounts, education content"
17040,138,1,449.73,2,2,2,6,222,Lost,3,Lost Causes,Final reactivation attempt or remove from active campaigns
17041,27,3,1081.57,4,4,4,12,444,Champions,2,Loyal Regulars,"Upsell campaigns, early access to new products, cross-sell"
17042,3,5,1044.38,5,4,4,13,544,Champions,0,New Potentials,"Welcome series, onboarding discounts, education content"
17043,32,4,1735.18,4,4,4,12,444,Champions,2,Loyal Regulars,"Upsell campaigns, early access to new products, cross-sell"
17044,25,1,948.48,4,2,4,10,424,New Customers,0,New Potentials,"Welcome series, onboarding discounts, education content"
17045,113,3,339.44,2,4,2,8,242,Can't Lose Them,3,Lost Causes,Final reactivation attempt or remove from active campaigns
17046,157,1,642.02,2,2,3,7,223,At Risk,3,Lost Causes,Final reactivation attempt or remove from active campaigns
17047,85,3,1100.9,2,4,4,10,244,Can't Lose Them,2,Loyal Regulars,"Upsell campaigns, early access to new products, cross-sell"
17048,118,3,925.35,2,4,3,9,243,Can't Lose Them,2,Loyal Regulars,"Upsell campaigns, early access to new products, cross-sell"
17049,3,9,5659.9800000000005,5,5,5,15,555,Champions,1,VIP Champions,"Loyalty rewards, referral programs, exclusive early access"
17050,96,6,3228.84,2,5,5,12,255,Can't Lose Them,2,Loyal Regulars,"Upsell campaigns, early access to new products, cross-sell"
17051,194,1,247.14,1,2,1,4,121,Lost,3,Lost Causes,Final reactivation attempt or remove from active campaigns
17052,28,1,413.75,4,2,2,8,422,New Customers,0,New Potentials,"Welcome series, onboarding discounts, education content"
17053,131,1,498.48,2,2,3,7,223,At Risk,3,Lost Causes,Final reactivation attempt or remove from active campaigns
17054,28,5,1356.33,4,4,4,12,444,Champions,2,Loyal Regulars,"Upsell campaigns, early access to new products, cross-sell"
17058,82,3,1179.89,2,4,4,10,244,Can't Lose Them,2,Loyal Regulars,"Upsell campaigns, early access to new products, cross-sell"
17059,30,5,3095.04,4,4,5,13,445,Champions,2,Loyal Regulars,"Upsell campaigns, early access to new products, cross-sell"
17060,266,1,234.24,1,2,1,4,121,Lost,3,Lost Causes,Final reactivation attempt or remove from active campaigns
17061,74,11,5232.2300000000005,2,5,5,12,255,Can't Lose Them,1,VIP Champions,"Loyalty rewards, referral programs, exclusive early access"
17062,314,4,538.37,1,4,3,8,143,Can't Lose Them,3,Lost Causes,Final reactivation attempt or remove from active campaigns
17063,21,7,1461.14,4,5,4,13,454,Champions,2,Loyal Regulars,"Upsell campaigns, early access to new products, cross-sell"
17064,59,3,859.35,3,4,3,10,343,Promising,2,Loyal Regulars,"Upsell campaigns, early access to new products, cross-sell"
17068,12,21,4552.14,5,5,5,15,555,Champions,1,VIP Champions,"Loyalty rewards, referral programs, exclusive early access"
17069,28,9,2709.7000000000003,4,5,5,14,455,Champions,1,VIP Champions,"Loyalty rewards, referral programs, exclusive early access"
17070,114,1,312.14,2,2,2,6,222,Lost,3,Lost Causes,Final reactivation attempt or remove from active campaigns
17071,28,9,2429.03,4,5,5,14,455,Champions,1,VIP Champions,"Loyalty rewards, referral programs, exclusive early access"
17073,18,4,1446.09,4,4,4,12,444,Champions,2,Loyal Regulars,"Upsell campaigns, early access to new products, cross-sell"
17075,18,4,834.12,4,4,3,11,443,Loyal Customers,2,Loyal Regulars,"Upsell campaigns, early access to new products, cross-sell"
17076,36,3,841.0799999999999,3,4,3,10,343,Promising,2,Loyal Regulars,"Upsell campaigns, early access to new products, cross-sell"
17078,36,2,378.2,3,3,2,8,332,Promising,0,New Potentials,"Welcome series, onboarding discounts, education content"
17079,78,1,118.8,2,2,1,5,221,Lost,3,Lost Causes,Final reactivation attempt or remove from active campaigns
17080,22,2,287.62,4,3,2,9,432,Promising,0,New Potentials,"Welcome series, onboarding discounts, education content"
17081,25,2,290.16,4,3,2,9,432,Promising,0,New Potentials,"Welcome series, onboarding discounts, education content"
17082,33,2,2003.85,4,3,4,11,434,Promising,2,Loyal Regulars,"Upsell campaigns, early access to new products, cross-sell"
17083,109,3,1405.78,2,4,4,10,244,Can't Lose Them,2,Loyal Regulars,"Upsell campaigns, early access to new products, cross-sell"
17084,35,2,2949.75,3,3,5,11,335,Promising,2,Loyal Regulars,"Upsell campaigns, early access to new products, cross-sell"
17085,123,5,1566.65,2,4,4,10,244,Can't Lose Them,2,Loyal Regulars,"Upsell campaigns, early access to new products, cross-sell"
17086,7,6,2050.08,5,5,4,14,554,Champions,1,VIP Champions,"Loyalty rewards, referral programs, exclusive early access"
17088,28,4,1991.01,4,4,4,12,444,Champions,2,Loyal Regulars,"Upsell campaigns, early access to new products, cross-sell"
17090,4,7,2043.95,5,5,4,14,554,Champions,1,VIP Champions,"Loyalty rewards, referral programs, exclusive early access"
17091,3,9,3827.76,5,5,5,15,555,Champions,1,VIP Champions,"Loyalty rewards, referral programs, exclusive early access"
17092,50,4,1777.78,3,4,4,11,344,Promising,2,Loyal Regulars,"Upsell campaigns, early access to new products, cross-sell"
17094,322,1,302.0,1,2,2,5,122,Lost,3,Lost Causes,Final reactivation attempt or remove from active campaigns
17095,23,3,1324.16,4,4,4,12,444,Champions,2,Loyal Regulars,"Upsell campaigns, early access to new products, cross-sell"
17096,15,4,1022.13,4,4,4,12,444,Champions,2,Loyal Regulars,"Upsell campaigns, early access to new products, cross-sell"
17097,2,8,954.42,5,5,4,14,554,Champions,1,VIP Champions,"Loyalty rewards, referral programs, exclusive early access"
17100,18,2,971.74,4,3,4,11,434,Promising,0,New Potentials,"Welcome series, onboarding discounts, education content"
17101,10,4,1621.73,5,4,4,13,544,Champions,2,Loyal Regulars,"Upsell campaigns, early access to new products, cross-sell"
17102,262,1,25.5,1,2,1,4,121,Lost,3,Lost Causes,Final reactivation attempt or remove from active campaigns
17105,159,2,665.78,2,3,3,8,233,At Risk,3,Lost Causes,Final reactivation attempt or remove from active campaigns
17107,33,6,10815.43,4,5,5,14,455,Champions,1,VIP Champions,"Loyalty rewards, referral programs, exclusive early access"
17109,29,6,885.04,4,5,3,12,453,Loyal Customers,2,Loyal Regulars,"Upsell campaigns, early access to new products, cross-sell"
17110,165,1,163.29999999999998,2,2,1,5,221,Lost,3,Lost Causes,Final reactivation attempt or remove from active campaigns
17111,47,1,248.61,3,2,1,6,321,Need Attention,3,Lost Causes,Final reactivation attempt or remove from active campaigns
17114,6,8,808.62,5,5,3,13,553,Loyal Customers,1,VIP Champions,"Loyalty rewards, referral programs, exclusive early access"
17115,8,3,837.5,5,4,3,12,543,Loyal Customers,0,New Potentials,"Welcome series, onboarding discounts, education content"
17117,288,1,116.2,1,2,1,4,121,Lost,3,Lost Causes,Final reactivation attempt or remove from active campaigns
17118,318,1,157.02,1,2,1,4,121,Lost,3,Lost Causes,Final reactivation attempt or remove from active campaigns
17119,3,2,606.91,5,3,3,11,533,Promising,0,New Potentials,"Welcome series, onboarding discounts, education content"
17120,233,1,307.46,1,2,2,5,122,Lost,3,Lost Causes,Final reactivation attempt or remove from active campaigns
17122,119,1,138.32,2,2,1,5,221,Lost,3,Lost Causes,Final reactivation attempt or remove from active campaigns
17123,162,1,345.3,2,2,2,6,222,Lost,3,Lost Causes,Final reactivation attempt or remove from active campaigns
17124,185,1,298.89,1,2,2,5,122,Lost,3,Lost Causes,Final reactivation attempt or remove from active campaigns
17125,50,1,259.35,3,2,2,7,322,Need Attention,3,Lost Causes,Final reactivation attempt or remove from active campaigns
17126,152,5,1004.75,2,4,4,10,244,Can't Lose Them,2,Loyal Regulars,"Upsell campaigns, early access to new products, cross-sell"
17128,335,1,157.09,1,2,1,4,121,Lost,3,Lost Causes,Final reactivation attempt or remove from active campaigns
17131,5,5,2463.17,5,4,5,14,545,Champions,1,VIP Champions,"Loyalty rewards, referral programs, exclusive early access"
17133,16,7,4892.240000000001,4,5,5,14,455,Champions,1,VIP Champions,"Loyalty rewards, referral programs, exclusive early access"
17134,107,2,425.0,2,3,2,7,232,Need Attention,3,Lost Causes,Final reactivation attempt or remove from active campaigns
17135,16,7,1139.73,4,5,4,13,454,Champions,2,Loyal Regulars,"Upsell campaigns, early access to new products, cross-sell"
17138,276,1,380.5,1,2,2,5,122,Lost,3,Lost Causes,Final reactivation attempt or remove from active campaigns
17139,16,12,10668.47,4,5,5,14,455,Champions,1,VIP Champions,"Loyalty rewards, referral programs, exclusive early access"
17140,247,1,465.32,1,2,2,5,122,Lost,3,Lost Causes,Final reactivation attempt or remove from active campaigns
17142,239,1,579.0,1,2,3,6,123,At Risk,3,Lost Causes,Final reactivation attempt or remove from active campaigns
17144,1,2,984.57,5,3,4,12,534,Promising,0,New Potentials,"Welcome series, onboarding discounts, education content"
17146,106,3,749.78,2,4,3,9,243,Can't Lose Them,2,Loyal Regulars,"Upsell campaigns, early access to new products, cross-sell"
17147,23,4,1714.59,4,4,4,12,444,Champions,2,Loyal Regulars,"Upsell campaigns, early access to new products, cross-sell"
17148,52,1,124.88,3,2,1,6,321,Need Attention,3,Lost Causes,Final reactivation attempt or remove from active campaigns
17152,195,3,1689.5,1,4,4,9,144,Can't Lose Them,2,Loyal Regulars,"Upsell campaigns, early access to new products, cross-sell"
17153,24,1,213.78,4,2,1,7,421,New Customers,0,New Potentials,"Welcome series, onboarding discounts, education content"
17154,75,1,329.34,2,2,2,6,222,Lost,3,Lost Causes,Final reactivation attempt or remove from active campaigns
17155,18,2,251.7,4,3,2,9,432,Promising,0,New Potentials,"Welcome series, onboarding discounts, education content"
17157,8,2,319.0,5,3,2,10,532,Promising,0,New Potentials,"Welcome series, onboarding discounts, education content"
17158,32,3,1266.97,4,4,4,12,444,Champions,2,Loyal Regulars,"Upsell campaigns, early access to new products, cross-sell"
17159,22,3,1538.88,4,4,4,12,444,Champions,2,Loyal Regulars,"Upsell campaigns, early access to new products, cross-sell"
17160,31,6,3518.03,4,5,5,14,455,Champions,2,Loyal Regulars,"Upsell campaigns, early access to new products, cross-sell"
17162,29,10,1715.46,4,5,4,13,454,Champions,1,VIP Champions,"Loyalty rewards, referral programs, exclusive early access"
17163,22,2,293.1,4,3,2,9,432,Promising,0,New Potentials,"Welcome series, onboarding discounts, education content"
17164,33,7,2467.35,4,5,5,14,455,Champions,2,Loyal Regulars,"Upsell campaigns, early access to new products, cross-sell"
17165,284,1,158.68,1,2,1,4,121,Lost,3,Lost Causes,Final reactivation attempt or remove from active campaigns
17166,39,2,206.34,3,3,1,7,331,Promising,0,New Potentials,"Welcome series, onboarding discounts, education content"
17169,58,2,835.78,3,3,3,9,333,Promising,2,Loyal Regulars,"Upsell campaigns, early access to new products, cross-sell"
17171,289,1,224.91,1,2,1,4,121,Lost,3,Lost Causes,Final reactivation attempt or remove from active campaigns
17172,79,1,317.76,2,2,2,6,222,Lost,3,Lost Causes,Final reactivation attempt or remove from active campaigns
17173,5,8,3766.6,5,5,5,15,555,Champions,1,VIP Champions,"Loyalty rewards, referral programs, exclusive early access"
17174,218,1,59.9,1,2,1,4,121,Lost,3,Lost Causes,Final reactivation attempt or remove from active campaigns
17175,44,4,1443.69,3,4,4,11,344,Promising,2,Loyal Regulars,"Upsell campaigns, early access to new products, cross-sell"
17176,202,1,306.13,1,2,2,5,122,Lost,3,Lost Causes,Final reactivation attempt or remove from active campaigns
17179,178,3,711.79,2,4,3,9,243,Can't Lose Them,2,Loyal Regulars,"Upsell campaigns, early access to new products, cross-sell"
17180,56,4,796.03,3,4,3,10,343,Promising,2,Loyal Regulars,"Upsell campaigns, early access to new products, cross-sell"
17181,57,2,239.92,3,3,1,7,331,Promising,3,Lost Causes,Final reactivation attempt or remove from active campaigns
17183,8,6,3347.31,5,5,5,15,555,Champions,1,VIP Champions,"Loyalty rewards, referral programs, exclusive early access"
17186,47,2,144.0,3,3,1,7,331,Promising,3,Lost Causes,Final reactivation attempt or remove from active campaigns
17187,227,1,203.95,1,2,1,4,121,Lost,3,Lost Causes,Final reactivation attempt or remove from active campaigns
17188,11,7,2474.23,5,5,5,15,555,Champions,1,VIP Champions,"Loyalty rewards, referral programs, exclusive early access"
17189,106,2,384.4,2,3,2,7,232,Need Attention,3,Lost Causes,Final reactivation attempt or remove from active campaigns
17190,59,2,444.74,3,3,2,8,332,Promising,3,Lost Causes,Final reactivation attempt or remove from active campaigns
17191,28,7,2095.13,4,5,5,14,455,Champions,2,Loyal Regulars,"Upsell campaigns, early access to new products, cross-sell"
17193,36,7,1699.3,3,5,4,12,354,Promising,2,Loyal Regulars,"Upsell campaigns, early access to new products, cross-sell"
17194,274,2,262.62,1,3,2,6,132,Need Attention,3,Lost Causes,Final reactivation attempt or remove from active campaigns
17197,30,1,1013.01,4,2,4,10,424,New Customers,0,New Potentials,"Welcome series, onboarding discounts, education content"
17198,24,3,692.22,4,4,3,11,443,Loyal Customers,0,New Potentials,"Welcome series, onboarding discounts, education content"
17201,54,1,342.63,3,2,2,7,322,Need Attention,3,Lost Causes,Final reactivation attempt or remove from active campaigns
17203,36,6,3563.85,3,5,5,13,355,Promising,2,Loyal Regulars,"Upsell campaigns, early access to new products, cross-sell"
17204,175,4,1564.56,2,4,4,10,244,Can't Lose Them,2,Loyal Regulars,"Upsell campaigns, early access to new products, cross-sell"
17205,54,1,384.08,3,2,2,7,322,Need Attention,3,Lost Causes,Final reactivation attempt or remove from active campaigns
17206,53,1,204.24,3,2,1,6,321,Need Attention,3,Lost Causes,Final reactivation attempt or remove from active campaigns
17211,27,8,2317.2200000000003,4,5,5,14,455,Champions,1,VIP Champions,"Loyalty rewards, referral programs, exclusive early access"
17212,253,1,226.85,1,2,1,4,121,Lost,3,Lost Causes,Final reactivation attempt or remove from active campaigns
17213,40,7,2781.23,3,5,5,13,355,Promising,2,Loyal Regulars,"Upsell campaigns, early access to new products, cross-sell"
17214,60,6,1069.12,3,5,4,12,354,Promising,2,Loyal Regulars,"Upsell campaigns, early access to new products, cross-sell"
17217,234,1,113.5,1,2,1,4,121,Lost,3,Lost Causes,Final reactivation attempt or remove from active campaigns
17218,4,10,1960.72,5,5,4,14,554,Champions,1,VIP Champions,"Loyalty rewards, referral programs, exclusive early access"
17219,32,1,114.23,4,2,1,7,421,New Customers,3,Lost Causes,Final reactivation attempt or remove from active campaigns
17220,24,14,3198.25,4,5,5,14,455,Champions,1,VIP Champions,"Loyalty rewards, referral programs, exclusive early access"
17221,7,2,335.13,5,3,2,10,532,Promising,0,New Potentials,"Welcome series, onboarding discounts, education content"
17222,65,1,354.15,3,2,2,7,322,Need Attention,3,Lost Causes,Final reactivation attempt or remove from active campaigns
17223,310,2,426.79,1,3,2,6,132,Need Attention,3,Lost Causes,Final reactivation attempt or remove from active campaigns
17226,309,1,393.49,1,2,2,5,122,Lost,3,Lost Causes,Final reactivation attempt or remove from active campaigns
17227,19,6,939.32,4,5,3,12,453,Loyal Customers,2,Loyal Regulars,"Upsell campaigns, early access to new products, cross-sell"
17228,16,8,1906.09,4,5,4,13,454,Champions,1,VIP Champions,"Loyalty rewards, referral programs, exclusive early access"
17229,96,2,318.76,2,3,2,7,232,Need Attention,3,Lost Causes,Final reactivation attempt or remove from active campaigns
17230,264,8,3638.41,1,5,5,11,155,Can't Lose Them,2,Loyal Regulars,"Upsell campaigns, early access to new products, cross-sell"
17231,12,10,3174.32,5,5,5,15,555,Champions,1,VIP Champions,"Loyalty rewards, referral programs, exclusive early access"
17232,3,2,421.52,5,3,2,10,532,Promising,0,New Potentials,"Welcome series, onboarding discounts, education content"
17233,35,1,190.88,3,2,1,6,321,Need Attention,0,New Potentials,"Welcome series, onboarding discounts, education content"
17234,183,1,149.89,1,2,1,4,121,Lost,3,Lost Causes,Final reactivation attempt or remove from active campaigns
17235,25,2,550.0600000000001,4,3,3,10,433,Promising,0,New Potentials,"Welcome series, onboarding discounts, education content"
17236,13,6,916.13,5,5,3,13,553,Loyal Customers,2,Loyal Regulars,"Upsell campaigns, early access to new products, cross-sell"
17237,11,2,314.69,5,3,2,10,532,Promising,0,New Potentials,"Welcome series, onboarding discounts, education content"
17238,3,17,3744.65,5,5,5,15,555,Champions,1,VIP Champions,"Loyalty rewards, referral programs, exclusive early access"
17239,313,1,382.5,1,2,2,5,122,Lost,3,Lost Causes,Final reactivation attempt or remove from active campaigns
17242,108,2,1135.04,2,3,4,9,234,At Risk,2,Loyal Regulars,"Upsell campaigns, early access to new products, cross-sell"
17243,1,26,8676.85,5,5,5,15,555,Champions,1,VIP Champions,"Loyalty rewards, referral programs, exclusive early access"
17244,53,1,954.9,3,2,4,9,324,Need Attention,0,New Potentials,"Welcome series, onboarding discounts, education content"
17245,205,1,171.45000000000002,1,2,1,4,121,Lost,3,Lost Causes,Final reactivation attempt or remove from active campaigns
17247,15,1,282.19,4,2,2,8,422,New Customers,0,New Potentials,"Welcome series, onboarding discounts, education content"
17248,120,1,318.65,2,2,2,6,222,Lost,3,Lost Causes,Final reactivation attempt or remove from active campaigns
17250,4,2,384.52,5,3,2,10,532,Promising,0,New Potentials,"Welcome series, onboarding discounts, education content"
17251,363,1,283.28000000000003,1,2,2,5,122,Lost,3,Lost Causes,Final reactivation attempt or remove from active campaigns
17252,117,2,353.86,2,3,2,7,232,Need Attention,3,Lost Causes,Final reactivation attempt or remove from active campaigns
17253,18,1,178.26,4,2,1,7,421,New Customers,0,New Potentials,"Welcome series, onboarding discounts, education content"
17254,5,2,272.44,5,3,2,10,532,Promising,0,New Potentials,"Welcome series, onboarding discounts, education content"
17255,41,2,298.41,3,3,2,8,332,Promising,0,New Potentials,"Welcome series, onboarding discounts, education content"
17256,107,2,240.0,2,3,1,6,231,Need Attention,3,Lost Causes,Final reactivation attempt or remove from active campaigns
17259,148,2,603.37,2,3,3,8,233,At Risk,3,Lost Causes,Final reactivation attempt or remove from active campaigns
17262,52,5,1253.36,3,4,4,11,344,Promising,2,Loyal Regulars,"Upsell campaigns, early access to new products, cross-sell"
17263,208,1,63.440000000000005,1,2,1,4,121,Lost,3,Lost Causes,Final reactivation attempt or remove from active campaigns
17265,139,2,562.9,2,3,3,8,233,At Risk,3,Lost Causes,Final reactivation attempt or remove from active campaigns
17266,2,3,310.64,5,4,2,11,542,Loyal Customers,0,New Potentials,"Welcome series, onboarding discounts, education content"
17267,127,2,317.62,2,3,2,7,232,Need Attention,3,Lost Causes,Final reactivation attempt or remove from active campaigns
17268,108,4,763.64,2,4,3,9,243,Can't Lose Them,2,Loyal Regulars,"Upsell campaigns, early access to new products, cross-sell"
17272,42,4,2148.63,3,4,5,12,345,Promising,2,Loyal Regulars,"Upsell campaigns, early access to new products, cross-sell"
17274,35,1,111.98,3,2,1,6,321,Need Attention,3,Lost Causes,Final reactivation attempt or remove from active campaigns
17277,228,2,1065.35,1,3,4,8,134,At Risk,3,Lost Causes,Final reactivation attempt or remove from active campaigns
17278,241,1,246.04,1,2,1,4,121,Lost,3,Lost Causes,Final reactivation attempt or remove from active campaigns
17279,58,1,187.83,3,2,1,6,321,Need Attention,3,Lost Causes,Final reactivation attempt or remove from active campaigns
17282,130,3,1703.41,2,4,4,10,244,Can't Lose Them,2,Loyal Regulars,"Upsell campaigns, early access to new products, cross-sell"
17284,60,6,1652.58,3,5,4,12,354,Promising,2,Loyal Regulars,"Upsell campaigns, early access to new products, cross-sell"
17286,22,1,153.92,4,2,1,7,421,New Customers,0,New Potentials,"Welcome series, onboarding discounts, education content"
17287,26,7,1064.11,4,5,4,13,454,Champions,2,Loyal Regulars,"Upsell campaigns, early access to new products, cross-sell"
17288,9,7,1419.73,5,5,4,14,554,Champions,1,VIP Champions,"Loyalty rewards, referral programs, exclusive early access"
17289,32,3,944.41,4,4,4,12,444,Champions,2,Loyal Regulars,"Upsell campaigns, early access to new products, cross-sell"
17290,4,2,525.24,5,3,3,11,533,Promising,0,New Potentials,"Welcome series, onboarding discounts, education content"
17291,308,1,550.8000000000001,1,2,3,6,123,At Risk,3,Lost Causes,Final reactivation attempt or remove from active campaigns
17293,8,9,1875.11,5,5,4,14,554,Champions,1,VIP Champions,"Loyalty rewards, referral programs, exclusive early access"
17295,29,3,556.95,4,4,3,11,443,Loyal Customers,0,New Potentials,"Welcome series, onboarding discounts, education content"
17297,17,1,131.78,4,2,1,7,421,New Customers,0,New Potentials,"Welcome series, onboarding discounts, education content"
17298,101,2,498.42,2,3,3,8,233,At Risk,3,Lost Causes,Final reactivation attempt or remove from active campaigns
17299,12,4,669.11,5,4,3,12,543,Loyal Customers,0,New Potentials,"Welcome series, onboarding discounts, education content"
17301,21,1,197.63,4,2,1,7,421,New Customers,0,New Potentials,"Welcome series, onboarding discounts, education content"
17302,15,5,1135.63,4,4,4,12,444,Champions,2,Loyal Regulars,"Upsell campaigns, early access to new products, cross-sell"
17303,361,1,250.04,1,2,1,4,121,Lost,3,Lost Causes,Final reactivation attempt or remove from active campaigns
17306,11,19,8631.31,5,5,5,15,555,Champions,1,VIP Champions,"Loyalty rewards, referral programs, exclusive early access"
17309,95,1,82.75,2,2,1,5,221,Lost,3,Lost Causes,Final reactivation attempt or remove from active campaigns
17311,78,2,1384.85,2,3,4,9,234,At Risk,2,Loyal Regulars,"Upsell campaigns, early access to new products, cross-sell"
17312,139,3,644.3,2,4,3,9,243,Can't Lose Them,2,Loyal Regulars,"Upsell campaigns, early access to new products, cross-sell"
17313,31,1,2328.84,4,2,5,11,425,New Customers,2,Loyal Regulars,"Upsell campaigns, early access to new products, cross-sell"
17314,25,8,2527.92,4,5,5,14,455,Champions,1,VIP Champions,"Loyalty rewards, referral programs, exclusive early access"
17315,2,38,6292.26,5,5,5,15,555,Champions,1,VIP Champions,"Loyalty rewards, referral programs, exclusive early access"
17317,46,3,2600.34,3,4,5,12,345,Promising,2,Loyal Regulars,"Upsell campaigns, early access to new products, cross-sell"
17320,100,3,1200.62,2,4,4,10,244,Can't Lose Them,2,Loyal Regulars,"Upsell campaigns, early access to new products, cross-sell"
17321,8,2,700.86,5,3,3,11,533,Promising,0,New Potentials,"Welcome series, onboarding discounts, education content"
17323,15,7,921.07,4,5,3,12,453,Loyal Customers,2,Loyal Regulars,"Upsell campaigns, early access to new products, cross-sell"
17324,18,4,990.23,4,4,4,12,444,Champions,2,Loyal Regulars,"Upsell campaigns, early access to new products, cross-sell"
17325,280,1,96.8,1,2,1,4,121,Lost,3,Lost Causes,Final reactivation attempt or remove from active campaigns
17329,14,2,523.11,4,3,3,10,433,Promising,0,New Potentials,"Welcome series, onboarding discounts, education content"
17330,23,2,363.9,4,3,2,9,432,Promising,0,New Potentials,"Welcome series, onboarding discounts, education content"
17331,124,1,175.2,2,2,1,5,221,Lost,3,Lost Causes,Final reactivation attempt or remove from active campaigns
17333,86,1,494.25,2,2,3,7,223,At Risk,3,Lost Causes,Final reactivation attempt or remove from active campaigns
17334,302,2,307.02000000000004,1,3,2,6,132,Need Attention,3,Lost Causes,Final reactivation attempt or remove from active campaigns
17337,151,4,2027.87,2,4,4,10,244,Can't Lose Them,2,Loyal Regulars,"Upsell campaigns, early access to new products, cross-sell"
17338,17,8,6643.93,4,5,5,14,455,Champions,1,VIP Champions,"Loyalty rewards, referral programs, exclusive early access"
17339,94,2,243.36,2,3,1,6,231,Need Attention,3,Lost Causes,Final reactivation attempt or remove from active campaigns
17340,30,11,12353.29,4,5,5,14,455,Champions,1,VIP Champions,"Loyalty rewards, referral programs, exclusive early access"
17341,157,3,781.36,2,4,3,9,243,Can't Lose Them,2,Loyal Regulars,"Upsell campaigns, early access to new products, cross-sell"
17343,355,1,193.64,1,2,1,4,121,Lost,3,Lost Causes,Final reactivation attempt or remove from active campaigns
17344,46,1,160.57,3,2,1,6,321,Need Attention,3,Lost Causes,Final reactivation attempt or remove from active campaigns
17345,15,4,537.74,4,4,3,11,443,Loyal Customers,0,New Potentials,"Welcome series, onboarding discounts, education content"
17346,4,15,2676.56,5,5,5,15,555,Champions,1,VIP Champions,"Loyalty rewards, referral programs, exclusive early access"
17347,86,1,228.96,2,2,1,5,221,Lost,3,Lost Causes,Final reactivation attempt or remove from active campaigns
17348,15,5,1159.52,4,4,4,12,444,Champions,2,Loyal Regulars,"Upsell campaigns, early access to new products, cross-sell"
17349,179,1,110.75,2,2,1,5,221,Lost,3,Lost Causes,Final reactivation attempt or remove from active campaigns
17350,8,4,1286.07,5,4,4,13,544,Champions,0,New Potentials,"Welcome series, onboarding discounts, education content"
17351,36,3,587.15,3,4,3,10,343,Promising,2,Loyal Regulars,"Upsell campaigns, early access to new products, cross-sell"
17353,129,2,1740.0,2,3,4,9,234,At Risk,2,Loyal Regulars,"Upsell campaigns, early access to new products, cross-sell"
17354,51,1,1393.06,3,2,4,9,324,Need Attention,2,Loyal Regulars,"Upsell campaigns, early access to new products, cross-sell"
17356,312,1,178.22,1,2,1,4,121,Lost,3,Lost Causes,Final reactivation attempt or remove from active campaigns
17357,24,2,388.14,4,3,2,9,432,Promising,0,New Potentials,"Welcome series, onboarding discounts, education content"
17358,303,2,365.85,1,3,2,6,132,Need Attention,3,Lost Causes,Final reactivation attempt or remove from active campaigns
17359,11,1,127.86,5,2,1,8,521,New Customers,0,New Potentials,"Welcome series, onboarding discounts, education content"
17360,17,3,585.79,4,4,3,11,443,Loyal Customers,0,New Potentials,"Welcome series, onboarding discounts, education content"
17361,49,3,488.2,3,4,2,9,342,Promising,2,Loyal Regulars,"Upsell campaigns, early access to new products, cross-sell"
17362,239,2,312.23,1,3,2,6,132,Need Attention,3,Lost Causes,Final reactivation attempt or remove from active campaigns
17364,1,11,4481.18,5,5,5,15,555,Champions,1,VIP Champions,"Loyalty rewards, referral programs, exclusive early access"
17365,13,8,4801.56,5,5,5,15,555,Champions,1,VIP Champions,"Loyalty rewards, referral programs, exclusive early access"
17367,238,1,168.4,1,2,1,4,121,Lost,3,Lost Causes,Final reactivation attempt or remove from active campaigns
17368,23,8,1912.67,4,5,4,13,454,Champions,1,VIP Champions,"Loyalty rewards, referral programs, exclusive early access"
17370,73,4,446.18,2,4,2,8,242,Can't Lose Them,2,Loyal Regulars,"Upsell campaigns, early access to new products, cross-sell"
17371,17,3,423.89,4,4,2,10,442,Loyal Customers,0,New Potentials,"Welcome series, onboarding discounts, education content"
17372,41,8,1342.68,3,5,4,12,354,Promising,2,Loyal Regulars,"Upsell campaigns, early access to new products, cross-sell"
17373,40,4,646.92,3,4,3,10,343,Promising,2,Loyal Regulars,"Upsell campaigns, early access to new products, cross-sell"
17374,219,2,495.77,1,3,3,7,133,At Risk,3,Lost Causes,Final reactivation attempt or remove from active campaigns
17375,199,3,400.1,1,4,2,7,142,Can't Lose Them,3,Lost Causes,Final reactivation attempt or remove from active campaigns
17376,71,2,203.2,3,3,1,7,331,Promising,3,Lost Causes,Final reactivation attempt or remove from active campaigns
17377,24,20,4100.92,4,5,5,14,455,Champions,1,VIP Champions,"Loyalty rewards, referral programs, exclusive early access"
17379,11,1,404.66,5,2,2,9,522,New Customers,0,New Potentials,"Welcome series, onboarding discounts, education content"
17381,9,29,20275.61,5,5,5,15,555,Champions,1,VIP Champions,"Loyalty rewards, referral programs, exclusive early access"
17382,65,1,65.4,3,2,1,6,321,Need Attention,3,Lost Causes,Final reactivation attempt or remove from active campaigns
17383,4,1,199.29,5,2,1,8,521,New Customers,0,New Potentials,"Welcome series, onboarding discounts, education content"
17384,19,2,336.4,4,3,2,9,432,Promising,0,New Potentials,"Welcome series, onboarding discounts, education content"
17385,15,1,261.11,4,2,2,8,422,New Customers,0,New Potentials,"Welcome series, onboarding discounts, education content"
17386,8,6,2686.42,5,5,5,15,555,Champions,1,VIP Champions,"Loyalty rewards, referral programs, exclusive early access"
17387,20,2,784.11,4,3,3,10,433,Promising,0,New Potentials,"Welcome series, onboarding discounts, education content"
17388,78,4,1259.56,2,4,4,10,244,Can't Lose Them,2,Loyal Regulars,"Upsell campaigns, early access to new products, cross-sell"
17389,1,34,31833.68,5,5,5,15,555,Champions,1,VIP Champions,"Loyalty rewards, referral programs, exclusive early access"
17391,164,2,508.8,2,3,3,8,233,At Risk,3,Lost Causes,Final reactivation attempt or remove from active campaigns
17392,307,2,457.91,1,3,2,6,132,Need Attention,3,Lost Causes,Final reactivation attempt or remove from active campaigns
17394,219,1,203.87,1,2,1,4,121,Lost,3,Lost Causes,Final reactivation attempt or remove from active campaigns
17396,39,8,7330.8,3,5,5,13,355,Promising,1,VIP Champions,"Loyalty rewards, referral programs, exclusive early access"
17397,22,2,696.41,4,3,3,10,433,Promising,0,New Potentials,"Welcome series, onboarding discounts, education content"
17398,115,3,653.38,2,4,3,9,243,Can't Lose Them,2,Loyal Regulars,"Upsell campaigns, early access to new products, cross-sell"
17400,126,5,2129.96,2,4,5,11,245,Can't Lose Them,2,Loyal Regulars,"Upsell campaigns, early access to new products, cross-sell"
17402,5,13,2633.85,5,5,5,15,555,Champions,1,VIP Champions,"Loyalty rewards, referral programs, exclusive early access"
17403,36,1,281.62,3,2,2,7,322,Need Attention,0,New Potentials,"Welcome series, onboarding discounts, education content"
17404,4,15,31906.82,5,5,5,15,555,Champions,1,VIP Champions,"Loyalty rewards, referral programs, exclusive early access"
17405,1,3,1031.41,5,4,4,13,544,Champions,0,New Potentials,"Welcome series, onboarding discounts, education content"
17406,333,3,2200.42,1,4,5,10,145,Can't Lose Them,2,Loyal Regulars,"Upsell campaigns, early access to new products, cross-sell"
17408,163,1,32.65,2,2,1,5,221,Lost,3,Lost Causes,Final reactivation attempt or remove from active campaigns
17409,185,2,771.85,1,3,3,7,133,At Risk,3,Lost Causes,Final reactivation attempt or remove from active campaigns
17410,16,5,1214.72,4,4,4,12,444,Champions,2,Loyal Regulars,"Upsell campaigns, early access to new products, cross-sell"
17411,12,3,778.94,5,4,3,12,543,Loyal Customers,0,New Potentials,"Welcome series, onboarding discounts, education content"
17412,3,7,1258.06,5,5,4,14,554,Champions,1,VIP Champions,"Loyalty rewards, referral programs, exclusive early access"
17414,44,2,778.0,3,3,3,9,333,Promising,2,Loyal Regulars,"Upsell campaigns, early access to new products, cross-sell"
17415,80,1,507.84,2,2,3,7,223,At Risk,3,Lost Causes,Final reactivation attempt or remove from active campaigns
17416,30,7,6893.42,4,5,5,14,455,Champions,1,VIP Champions,"Loyalty rewards, referral programs, exclusive early access"
17418,42,2,463.46,3,3,2,8,332,Promising,0,New Potentials,"Welcome series, onboarding discounts, education content"
17419,11,12,4226.57,5,5,5,15,555,Champions,1,VIP Champions,"Loyalty rewards, referral programs, exclusive early access"
17420,50,3,598.83,3,4,3,10,343,Promising,2,Loyal Regulars,"Upsell campaigns, early access to new products, cross-sell"
17422,16,6,1979.37,4,5,4,13,454,Champions,2,Loyal Regulars,"Upsell campaigns, early access to new products, cross-sell"
17423,46,2,698.41,3,3,3,9,333,Promising,2,Loyal Regulars,"Upsell campaigns, early access to new products, cross-sell"
17425,19,2,759.1700000000001,4,3,3,10,433,Promising,0,New Potentials,"Welcome series, onboarding discounts, education content"
17426,8,6,5037.26,5,5,5,15,555,Champions,1,VIP Champions,"Loyalty rewards, referral programs, exclusive early access"
17427,72,1,100.8,3,2,1,6,321,Need Attention,3,Lost Causes,Final reactivation attempt or remove from active campaigns
17428,1,28,17256.85,5,5,5,15,555,Champions,1,VIP Champions,"Loyalty rewards, referral programs, exclusive early access"
17429,128,3,524.9200000000001,2,4,3,9,243,Can't Lose Them,3,Lost Causes,Final reactivation attempt or remove from active campaigns
17430,33,2,265.76,4,3,2,9,432,Promising,0,New Potentials,"Welcome series, onboarding discounts, education content"
17431,313,1,403.3,1,2,2,5,122,Lost,3,Lost Causes,Final reactivation attempt or remove from active campaigns
17432,18,2,365.76,4,3,2,9,432,Promising,0,New Potentials,"Welcome series, onboarding discounts, education content"
17433,88,1,303.16,2,2,2,6,222,Lost,3,Lost Causes,Final reactivation attempt or remove from active campaigns
17434,2,7,2373.82,5,5,5,15,555,Champions,1,VIP Champions,"Loyalty rewards, referral programs, exclusive early access"
17436,2,2,216.3,5,3,1,9,531,Promising,0,New Potentials,"Welcome series, onboarding discounts, education content"
17438,254,1,388.4500000000001,1,2,2,5,122,Lost,3,Lost Causes,Final reactivation attempt or remove from active campaigns
17440,157,3,186.42,2,4,1,7,241,Can't Lose Them,3,Lost Causes,Final reactivation attempt or remove from active campaigns
17442,37,6,2248.56,3,5,5,13,355,Promising,2,Loyal Regulars,"Upsell campaigns, early access to new products, cross-sell"
17443,220,1,534.24,1,2,3,6,123,At Risk,3,Lost Causes,Final reactivation attempt or remove from active campaigns
17444,148,3,2940.04,2,4,5,11,245,Can't Lose Them,2,Loyal Regulars,"Upsell campaigns, early access to new products, cross-sell"
17446,177,2,120.9,2,3,1,6,231,Need Attention,3,Lost Causes,Final reactivation attempt or remove from active campaigns
17447,40,2,541.53,3,3,3,9,333,Promising,0,New Potentials,"Welcome series, onboarding discounts, education content"
17449,2,7,2520.86,5,5,5,15,555,Champions,1,VIP Champions,"Loyalty rewards, referral programs, exclusive early access"
17450,8,46,194550.79,5,5,5,15,555,Champions,1,VIP Champions,"Loyalty rewards, referral programs, exclusive early access"
17451,1,7,1721.4,5,5,4,14,554,Champions,1,VIP Champions,"Loyalty rewards, referral programs, exclusive early access"
17453,18,2,486.72,4,3,2,9,432,Promising,0,New Potentials,"Welcome series, onboarding discounts, education content"
17454,192,4,517.53,1,4,3,8,143,Can't Lose Them,2,Loyal Regulars,"Upsell campaigns, early access to new products, cross-sell"
17455,204,1,131.7,1,2,1,4,121,Lost,3,Lost Causes,Final reactivation attempt or remove from active campaigns
17456,365,1,249.86,1,2,1,4,121,Lost,3,Lost Causes,Final reactivation attempt or remove from active campaigns
17457,127,5,1737.7,2,4,4,10,244,Can't Lose Them,2,Loyal Regulars,"Upsell campaigns, early access to new products, cross-sell"
17458,15,1,316.5,4,2,2,8,422,New Customers,0,New Potentials,"Welcome series, onboarding discounts, education content"
17459,43,2,657.3,3,3,3,9,333,Promising,0,New Potentials,"Welcome series, onboarding discounts, education content"
17460,94,6,622.4300000000001,2,5,3,10,253,Can't Lose Them,2,Loyal Regulars,"Upsell campaigns, early access to new products, cross-sell"
17461,23,3,757.46,4,4,3,11,443,Loyal Customers,0,New Potentials,"Welcome series, onboarding discounts, education content"
17462,60,2,675.69,3,3,3,9,333,Promising,2,Loyal Regulars,"Upsell campaigns, early access to new products, cross-sell"
17463,16,5,1896.41,4,4,4,12,444,Champions,2,Loyal Regulars,"Upsell campaigns, early access to new products, cross-sell"
17464,158,1,289.96000000000004,2,2,2,6,222,Lost,3,Lost Causes,Final reactivation attempt or remove from active campaigns
17466,10,2,763.28,5,3,3,11,533,Promising,0,New Potentials,"Welcome series, onboarding discounts, education content"
17468,10,2,137.0,5,3,1,9,531,Promising,0,New Potentials,"Welcome series, onboarding discounts, education content"
17469,16,5,1870.97,4,4,4,12,444,Champions,2,Loyal Regulars,"Upsell campaigns, early access to new products, cross-sell"
17470,45,5,1125.07,3,4,4,11,344,Promising,2,Loyal Regulars,"Upsell campaigns, early access to new products, cross-sell"
17472,191,3,710.29,1,4,3,8,143,Can't Lose Them,2,Loyal Regulars,"Upsell campaigns, early access to new products, cross-sell"
17475,79,1,194.37,2,2,1,5,221,Lost,3,Lost Causes,Final reactivation attempt or remove from active campaigns
17480,78,1,511.82,2,2,3,7,223,At Risk,3,Lost Causes,Final reactivation attempt or remove from active campaigns
17481,4,4,1255.59,5,4,4,13,544,Champions,0,New Potentials,"Welcome series, onboarding discounts, education content"
17483,65,3,414.04,3,4,2,9,342,Promising,2,Loyal Regulars,"Upsell campaigns, early access to new products, cross-sell"
17486,261,1,396.87,1,2,2,5,122,Lost,3,Lost Causes,Final reactivation attempt or remove from active campaigns
17489,59,2,376.64,3,3,2,8,332,Promising,3,Lost Causes,Final reactivation attempt or remove from active campaigns
17490,1,7,2092.32,5,5,5,15,555,Champions,1,VIP Champions,"Loyalty rewards, referral programs, exclusive early access"
17491,1,10,3558.87,5,5,5,15,555,Champions,1,VIP Champions,"Loyalty rewards, referral programs, exclusive early access"
17492,248,1,374.57,1,2,2,5,122,Lost,3,Lost Causes,Final reactivation attempt or remove from active campaigns
17495,8,2,497.56,5,3,3,11,533,Promising,0,New Potentials,"Welcome series, onboarding discounts, education content"
17496,359,1,271.05,1,2,2,5,122,Lost,3,Lost Causes,Final reactivation attempt or remove from active campaigns
17498,76,1,272.22,2,2,2,6,222,Lost,3,Lost Causes,Final reactivation attempt or remove from active campaigns
17499,290,1,622.88,1,2,3,6,123,At Risk,3,Lost Causes,Final reactivation attempt or remove from active campaigns
17500,17,3,1138.0,4,4,4,12,444,Champions,0,New Potentials,"Welcome series, onboarding discounts, education content"
17501,221,2,288.6,1,3,2,6,132,Need Attention,3,Lost Causes,Final reactivation attempt or remove from active campaigns
17502,9,4,689.1,5,4,3,12,543,Loyal Customers,0,New Potentials,"Welcome series, onboarding discounts, education content"
17503,3,2,558.96,5,3,3,11,533,Promising,0,New Potentials,"Welcome series, onboarding discounts, education content"
17504,206,9,2997.03,1,5,5,11,155,Can't Lose Them,2,Loyal Regulars,"Upsell campaigns, early access to new products, cross-sell"
17505,162,2,1145.84,2,3,4,9,234,At Risk,2,Loyal Regulars,"Upsell campaigns, early access to new products, cross-sell"
17506,76,1,302.2,2,2,2,6,222,Lost,3,Lost Causes,Final reactivation attempt or remove from active campaigns
17507,262,2,605.58,1,3,3,7,133,At Risk,3,Lost Causes,Final reactivation attempt or remove from active campaigns
17508,281,1,387.31,1,2,2,5,122,Lost,3,Lost Causes,Final reactivation attempt or remove from active campaigns
17509,58,8,6115.14,3,5,5,13,355,Promising,2,Loyal Regulars,"Upsell campaigns, early access to new products, cross-sell"
17510,25,1,308.48,4,2,2,8,422,New Customers,0,New Potentials,"Welcome series, onboarding discounts, education content"
17511,3,31,91062.38,5,5,5,15,555,Champions,1,VIP Champions,"Loyalty rewards, referral programs, exclusive early access"
17512,29,10,2924.99,4,5,5,14,455,Champions,1,VIP Champions,"Loyalty rewards, referral programs, exclusive early access"
17513,72,1,513.2,3,2,3,8,323,Need Attention,3,Lost Causes,Final reactivation attempt or remove from active campaigns
17514,128,1,208.65,2,2,1,5,221,Lost,3,Lost Causes,Final reactivation attempt or remove from active campaigns
17515,31,4,639.02,4,4,3,11,443,Loyal Customers,2,Loyal Regulars,"Upsell campaigns, early access to new products, cross-sell"
17516,15,5,768.08,4,4,3,11,443,Loyal Customers,2,Loyal Regulars,"Upsell campaigns, early access to new products, cross-sell"
17517,309,1,153.94,1,2,1,4,121,Lost,3,Lost Causes,Final reactivation attempt or remove from active campaigns
17519,17,6,1844.02,4,5,4,13,454,Champions,2,Loyal Regulars,"Upsell campaigns, early access to new products, cross-sell"
17520,54,1,546.81,3,2,3,8,323,Need Attention,3,Lost Causes,Final reactivation attempt or remove from active campaigns
17521,30,3,723.21,4,4,3,11,443,Loyal Customers,2,Loyal Regulars,"Upsell campaigns, early access to new products, cross-sell"
17522,2,5,1070.71,5,4,4,13,544,Champions,1,VIP Champions,"Loyalty rewards, referral programs, exclusive early access"
17523,11,4,652.74,5,4,3,12,543,Loyal Customers,0,New Potentials,"Welcome series, onboarding discounts, education content"
17524,361,1,145.0,1,2,1,4,121,Lost,3,Lost Causes,Final reactivation attempt or remove from active campaigns
17525,360,1,422.7,1,2,2,5,122,Lost,3,Lost Causes,Final reactivation attempt or remove from active campaigns
17526,5,4,1195.9,5,4,4,13,544,Champions,0,New Potentials,"Welcome series, onboarding discounts, education content"
17527,54,4,939.37,3,4,3,10,343,Promising,2,Loyal Regulars,"Upsell campaigns, early access to new products, cross-sell"
17528,1,8,3628.5,5,5,5,15,555,Champions,1,VIP Champions,"Loyalty rewards, referral programs, exclusive early access"
17530,1,10,2385.0,5,5,5,15,555,Champions,1,VIP Champions,"Loyalty rewards, referral programs, exclusive early access"
17531,190,1,296.7,1,2,2,5,122,Lost,3,Lost Causes,Final reactivation attempt or remove from active campaigns
17534,54,1,223.36,3,2,1,6,321,Need Attention,3,Lost Causes,Final reactivation attempt or remove from active campaigns
17535,280,1,164.4,1,2,1,4,121,Lost,3,Lost Causes,Final reactivation attempt or remove from active campaigns
17536,177,1,76.5,2,2,1,5,221,Lost,3,Lost Causes,Final reactivation attempt or remove from active campaigns
17537,30,2,897.62,4,3,3,10,433,Promising,0,New Potentials,"Welcome series, onboarding discounts, education content"
17538,26,1,98.42,4,2,1,7,421,New Customers,0,New Potentials,"Welcome series, onboarding discounts, education content"
17540,25,2,578.9,4,3,3,10,433,Promising,0,New Potentials,"Welcome series, onboarding discounts, education content"
17542,270,1,170.75,1,2,1,4,121,Lost,3,Lost Causes,Final reactivation attempt or remove from active campaigns
17545,43,3,645.96,3,4,3,10,343,Promising,2,Loyal Regulars,"Upsell campaigns, early access to new products, cross-sell"
17548,234,1,103.3,1,2,1,4,121,Lost,3,Lost Causes,Final reactivation attempt or remove from active campaigns
17549,24,2,148.86,4,3,1,8,431,Promising,0,New Potentials,"Welcome series, onboarding discounts, education content"
17550,197,3,267.16,1,4,2,7,142,Can't Lose Them,3,Lost Causes,Final reactivation attempt or remove from active campaigns
17551,359,1,306.84,1,2,2,5,122,Lost,3,Lost Causes,Final reactivation attempt or remove from active campaigns
17552,60,4,930.41,3,4,3,10,343,Promising,2,Loyal Regulars,"Upsell campaigns, early access to new products, cross-sell"
17553,130,1,1487.6,2,2,4,8,224,At Risk,3,Lost Causes,Final reactivation attempt or remove from active campaigns
17554,1,5,1952.45,5,4,4,13,544,Champions,1,VIP Champions,"Loyalty rewards, referral programs, exclusive early access"
17555,20,2,483.26,4,3,2,9,432,Promising,0,New Potentials,"Welcome series, onboarding discounts, education content"
17556,206,1,157.9,1,2,1,4,121,Lost,3,Lost Causes,Final reactivation attempt or remove from active campaigns
17557,14,3,541.46,4,4,3,11,443,Loyal Customers,0,New Potentials,"Welcome series, onboarding discounts, education content"
17560,95,4,854.95,2,4,3,9,243,Can't Lose Them,2,Loyal Regulars,"Upsell campaigns, early access to new products, cross-sell"
17561,19,1,167.62,4,2,1,7,421,New Customers,0,New Potentials,"Welcome series, onboarding discounts, education content"
17562,14,7,1122.38,4,5,4,13,454,Champions,2,Loyal Regulars,"Upsell campaigns, early access to new products, cross-sell"
17564,24,3,454.01,4,4,2,10,442,Loyal Customers,0,New Potentials,"Welcome series, onboarding discounts, education content"
17566,8,2,901.21,5,3,3,11,533,Promising,0,New Potentials,"Welcome series, onboarding discounts, education content"
17567,7,8,4331.48,5,5,5,15,555,Champions,1,VIP Champions,"Loyalty rewards, referral programs, exclusive early access"
17569,332,1,344.14,1,2,2,5,122,Lost,3,Lost Causes,Final reactivation attempt or remove from active campaigns
17571,50,4,1498.51,3,4,4,11,344,Promising,2,Loyal Regulars,"Upsell campaigns, early access to new products, cross-sell"
17572,71,4,226.75000000000003,3,4,1,8,341,Promising,3,Lost Causes,Final reactivation attempt or remove from active campaigns
17573,29,3,380.6,4,4,2,10,442,Loyal Customers,0,New Potentials,"Welcome series, onboarding discounts, education content"
17574,243,1,185.65,1,2,1,4,121,Lost,3,Lost Causes,Final reactivation attempt or remove from active campaigns
17576,8,19,3622.68,5,5,5,15,555,Champions,1,VIP Champions,"Loyalty rewards, referral programs, exclusive early access"
17578,218,1,143.45999999999998,1,2,1,4,121,Lost,3,Lost Causes,Final reactivation attempt or remove from active campaigns
17579,5,3,448.9,5,4,2,11,542,Loyal Customers,0,New Potentials,"Welcome series, onboarding discounts, education content"
17580,253,3,215.72,1,4,1,6,141,Can't Lose Them,3,Lost Causes,Final reactivation attempt or remove from active campaigns
17581,1,25,11045.04,5,5,5,15,555,Champions,1,VIP Champions,"Loyalty rewards, referral programs, exclusive early access"
17582,236,1,175.27,1,2,1,4,121,Lost,3,Lost Causes,Final reactivation attempt or remove from active campaigns
17584,7,2,1242.3,5,3,4,12,534,Promising,0,New Potentials,"Welcome series, onboarding discounts, education content"
17585,109,4,1133.07,2,4,4,10,244,Can't Lose Them,2,Loyal Regulars,"Upsell campaigns, early access to new products, cross-sell"
17588,100,3,1240.2,2,4,4,10,244,Can't Lose Them,2,Loyal Regulars,"Upsell campaigns, early access to new products, cross-sell"
17589,60,4,2404.17,3,4,5,12,345,Promising,2,Loyal Regulars,"Upsell campaigns, early access to new products, cross-sell"
17590,2,3,1479.22,5,4,4,13,544,Champions,0,New Potentials,"Welcome series, onboarding discounts, education content"
17591,73,7,2225.9700000000003,2,5,5,12,255,Can't Lose Them,2,Loyal Regulars,"Upsell campaigns, early access to new products, cross-sell"
17593,4,5,3927.34,5,4,5,14,545,Champions,1,VIP Champions,"Loyalty rewards, referral programs, exclusive early access"
17594,85,2,993.18,2,3,4,9,234,At Risk,2,Loyal Regulars,"Upsell campaigns, early access to new products, cross-sell"
17595,12,2,388.79,5,3,2,10,532,Promising,0,New Potentials,"Welcome series, onboarding discounts, education content"
17596,23,7,2827.93,4,5,5,14,455,Champions,1,VIP Champions,"Loyalty rewards, referral programs, exclusive early access"
17597,214,1,2044.37,1,2,4,7,124,At Risk,3,Lost Causes,Final reactivation attempt or remove from active campaigns
17600,18,1,161.67000000000002,4,2,1,7,421,New Customers,0,New Potentials,"Welcome series, onboarding discounts, education content"
17601,239,1,116.01,1,2,1,4,121,Lost,3,Lost Causes,Final reactivation attempt or remove from active campaigns
17602,2,6,5102.97,5,5,5,15,555,Champions,1,VIP Champions,"Loyalty rewards, referral programs, exclusive early access"
17603,78,1,394.72,2,2,2,6,222,Lost,3,Lost Causes,Final reactivation attempt or remove from active campaigns
17604,217,2,309.36,1,3,2,6,132,Need Attention,3,Lost Causes,Final reactivation attempt or remove from active campaigns
17608,33,2,193.42,4,3,1,8,431,Promising,0,New Potentials,"Welcome series, onboarding discounts, education content"
17609,41,5,1112.22,3,4,4,11,344,Promising,2,Loyal Regulars,"Upsell campaigns, early access to new products, cross-sell"
17611,7,15,3984.22,5,5,5,15,555,Champions,1,VIP Champions,"Loyalty rewards, referral programs, exclusive early access"
17612,53,6,2048.45,3,5,4,12,354,Promising,2,Loyal Regulars,"Upsell campaigns, early access to new products, cross-sell"
17613,23,14,4559.150000000001,4,5,5,14,455,Champions,1,VIP Champions,"Loyalty rewards, referral programs, exclusive early access"
17614,57,1,390.07,3,2,2,7,322,Need Attention,3,Lost Causes,Final reactivation attempt or remove from active campaigns
17615,130,3,329.6,2,4,2,8,242,Can't Lose Them,3,Lost Causes,Final reactivation attempt or remove from active campaigns
17616,174,3,571.1999999999999,2,4,3,9,243,Can't Lose Them,3,Lost Causes,Final reactivation attempt or remove from active campaigns
17618,6,3,971.58,5,4,4,13,544,Champions,0,New Potentials,"Welcome series, onboarding discounts, education content"
17619,312,1,218.52,1,2,1,4,121,Lost,3,Lost Causes,Final reactivation attempt or remove from active campaigns
17620,60,1,81.44,3,2,1,6,321,Need Attention,3,Lost Causes,Final reactivation attempt or remove from active campaigns
17621,21,3,1379.9,4,4,4,12,444,Champions,2,Loyal Regulars,"Upsell campaigns, early access to new products, cross-sell"
17623,33,1,527.05,4,2,3,9,423,New Customers,0,New Potentials,"Welcome series, onboarding discounts, education content"
17624,15,2,843.48,4,3,3,10,433,Promising,0,New Potentials,"Welcome series, onboarding discounts, education content"
17625,18,4,2047.0,4,4,4,12,444,Champions,2,Loyal Regulars,"Upsell campaigns, early access to new products, cross-sell"
17628,81,1,75.75,2,2,1,5,221,Lost,3,Lost Causes,Final reactivation attempt or remove from active campaigns
17629,6,8,1814.12,5,5,4,14,554,Champions,1,VIP Champions,"Loyalty rewards, referral programs, exclusive early access"
17630,170,2,503.6,2,3,3,8,233,At Risk,3,Lost Causes,Final reactivation attempt or remove from active campaigns
17631,2,3,528.33,5,4,3,12,543,Loyal Customers,0,New Potentials,"Welcome series, onboarding discounts, education content"
17633,31,4,1324.84,4,4,4,12,444,Champions,2,Loyal Regulars,"Upsell campaigns, early access to new products, cross-sell"
17634,36,9,2361.9700000000003,3,5,5,13,355,Promising,2,Loyal Regulars,"Upsell campaigns, early access to new products, cross-sell"
17636,19,1,285.56,4,2,2,8,422,New Customers,0,New Potentials,"Welcome series, onboarding discounts, education content"
17637,31,2,547.0600000000001,4,3,3,10,433,Promising,0,New Potentials,"Welcome series, onboarding discounts, education content"
17639,276,1,108.5,1,2,1,4,121,Lost,3,Lost Causes,Final reactivation attempt or remove from active campaigns
17640,87,1,621.66,2,2,3,7,223,At Risk,3,Lost Causes,Final reactivation attempt or remove from active campaigns
17642,120,2,712.29,2,3,3,8,233,At Risk,3,Lost Causes,Final reactivation attempt or remove from active campaigns
17643,373,1,101.55,1,2,1,4,121,Lost,3,Lost Causes,Final reactivation attempt or remove from active campaigns
17644,1,11,2895.64,5,5,5,15,555,Champions,1,VIP Champions,"Loyalty rewards, referral programs, exclusive early access"
17646,219,3,1008.39,1,4,4,9,144,Can't Lose Them,2,Loyal Regulars,"Upsell campaigns, early access to new products, cross-sell"
17647,65,1,133.06,3,2,1,6,321,Need Attention,3,Lost Causes,Final reactivation attempt or remove from active campaigns
17648,61,4,1797.5,3,4,4,11,344,Promising,2,Loyal Regulars,"Upsell campaigns, early access to new products, cross-sell"
17649,138,1,868.49,2,2,3,7,223,At Risk,3,Lost Causes,Final reactivation attempt or remove from active campaigns
17650,21,1,166.07999999999998,4,2,1,7,421,New Customers,0,New Potentials,"Welcome series, onboarding discounts, education content"
17651,12,10,3945.0,5,5,5,15,555,Champions,1,VIP Champions,"Loyalty rewards, referral programs, exclusive early access"
17652,25,12,4867.72,4,5,5,14,455,Champions,1,VIP Champions,"Loyalty rewards, referral programs, exclusive early access"
17653,37,4,1207.56,3,4,4,11,344,Promising,2,Loyal Regulars,"Upsell campaigns, early access to new products, cross-sell"
17654,277,1,117.55,1,2,1,4,121,Lost,3,Lost Causes,Final reactivation attempt or remove from active campaigns
17655,11,7,2638.94,5,5,5,15,555,Champions,1,VIP Champions,"Loyalty rewards, referral programs, exclusive early access"
17656,73,5,1674.69,2,4,4,10,244,Can't Lose Them,2,Loyal Regulars,"Upsell campaigns, early access to new products, cross-sell"
17658,26,2,595.42,4,3,3,10,433,Promising,0,New Potentials,"Welcome series, onboarding discounts, education content"
17659,17,12,2999.46,4,5,5,14,455,Champions,1,VIP Champions,"Loyalty rewards, referral programs, exclusive early access"
17660,141,1,196.0,2,2,1,5,221,Lost,3,Lost Causes,Final reactivation attempt or remove from active campaigns
17663,26,7,1802.91,4,5,4,13,454,Champions,2,Loyal Regulars,"Upsell campaigns, early access to new products, cross-sell"
17664,19,2,604.64,4,3,3,10,433,Promising,0,New Potentials,"Welcome series, onboarding discounts, education content"
17666,4,2,728.16,5,3,3,11,533,Promising,0,New Potentials,"Welcome series, onboarding discounts, education content"
17667,66,5,2055.51,3,4,4,11,344,Promising,2,Loyal Regulars,"Upsell campaigns, early access to new products, cross-sell"
17668,1,2,347.75,5,3,2,10,532,Promising,0,New Potentials,"Welcome series, onboarding discounts, education content"
17669,43,7,3406.7200000000003,3,5,5,13,355,Promising,2,Loyal Regulars,"Upsell campaigns, early access to new products, cross-sell"
17670,228,1,205.7,1,2,1,4,121,Lost,3,Lost Causes,Final reactivation attempt or remove from active campaigns
17671,16,4,1572.71,4,4,4,12,444,Champions,2,Loyal Regulars,"Upsell campaigns, early access to new products, cross-sell"
17672,50,2,3178.17,3,3,5,11,335,Promising,2,Loyal Regulars,"Upsell campaigns, early access to new products, cross-sell"
17673,2,6,1629.12,5,5,4,14,554,Champions,1,VIP Champions,"Loyalty rewards, referral programs, exclusive early access"
17674,74,2,551.04,2,3,3,8,233,At Risk,3,Lost Causes,Final reactivation attempt or remove from active campaigns
17675,1,31,20374.28,5,5,5,15,555,Champions,1,VIP Champions,"Loyalty rewards, referral programs, exclusive early access"
17676,4,6,1387.68,5,5,4,14,554,Champions,1,VIP Champions,"Loyalty rewards, referral programs, exclusive early access"
17677,2,30,16363.23,5,5,5,15,555,Champions,1,VIP Champions,"Loyalty rewards, referral programs, exclusive early access"
17678,264,1,298.11,1,2,2,5,122,Lost,3,Lost Causes,Final reactivation attempt or remove from active campaigns
17679,53,2,1992.11,3,3,4,10,334,Promising,2,Loyal Regulars,"Upsell campaigns, early access to new products, cross-sell"
17680,24,1,184.4,4,2,1,7,421,New Customers,0,New Potentials,"Welcome series, onboarding discounts, education content"
17682,10,6,2474.33,5,5,5,15,555,Champions,1,VIP Champions,"Loyalty rewards, referral programs, exclusive early access"
17684,44,1,239.41,3,2,1,6,321,Need Attention,3,Lost Causes,Final reactivation attempt or remove from active campaigns
17685,17,7,3191.53,4,5,5,14,455,Champions,1,VIP Champions,"Loyalty rewards, referral programs, exclusive early access"
17686,7,7,5739.46,5,5,5,15,555,Champions,1,VIP Champions,"Loyalty rewards, referral programs, exclusive early access"
17690,30,15,4757.95,4,5,5,14,455,Champions,1,VIP Champions,"Loyalty rewards, referral programs, exclusive early access"
17691,358,2,290.40000000000003,1,3,2,6,132,Need Attention,3,Lost Causes,Final reactivation attempt or remove from active campaigns
17692,127,4,740.94,2,4,3,9,243,Can't Lose Them,2,Loyal Regulars,"Upsell campaigns, early access to new products, cross-sell"
17693,137,1,200.47,2,2,1,5,221,Lost,3,Lost Causes,Final reactivation attempt or remove from active campaigns
17694,142,1,283.12,2,2,2,6,222,Lost,3,Lost Causes,Final reactivation attempt or remove from active campaigns
17695,132,2,765.34,2,3,3,8,233,At Risk,3,Lost Causes,Final reactivation attempt or remove from active campaigns
17696,38,8,2285.71,3,5,5,13,355,Promising,2,Loyal Regulars,"Upsell campaigns, early access to new products, cross-sell"
17697,236,1,338.95,1,2,2,5,122,Lost,3,Lost Causes,Final reactivation attempt or remove from active campaigns
17698,261,1,154.95,1,2,1,4,121,Lost,3,Lost Causes,Final reactivation attempt or remove from active campaigns
17700,17,4,2534.64,4,4,5,13,445,Champions,2,Loyal Regulars,"Upsell campaigns, early access to new products, cross-sell"
17701,253,1,417.95,1,2,2,5,122,Lost,3,Lost Causes,Final reactivation attempt or remove from active campaigns
17702,30,4,1824.37,4,4,4,12,444,Champions,2,Loyal Regulars,"Upsell campaigns, early access to new products, cross-sell"
17703,35,3,798.74,3,4,3,10,343,Promising,2,Loyal Regulars,"Upsell campaigns, early access to new products, cross-sell"
17704,169,2,885.19,2,3,3,8,233,At Risk,3,Lost Causes,Final reactivation attempt or remove from active campaigns
17705,3,9,1823.52,5,5,4,14,554,Champions,1,VIP Champions,"Loyalty rewards, referral programs, exclusive early access"
17706,4,17,10504.49,5,5,5,15,555,Champions,1,VIP Champions,"Loyalty rewards, referral programs, exclusive early access"
17707,185,2,152.4,1,3,1,5,131,Need Attention,3,Lost Causes,Final reactivation attempt or remove from active campaigns
17708,188,2,267.08,1,3,2,6,132,Need Attention,3,Lost Causes,Final reactivation attempt or remove from active campaigns
17709,170,1,137.45,2,2,1,5,221,Lost,3,Lost Causes,Final reactivation attempt or remove from active campaigns
17711,11,2,385.1,5,3,2,10,532,Promising,0,New Potentials,"Welcome series, onboarding discounts, education content"
17712,45,1,522.91,3,2,3,8,323,Need Attention,0,New Potentials,"Welcome series, onboarding discounts, education content"
17714,321,1,153.0,1,2,1,4,121,Lost,3,Lost Causes,Final reactivation attempt or remove from active campaigns
17715,201,1,326.4,1,2,2,5,122,Lost,3,Lost Causes,Final reactivation attempt or remove from active campaigns
17716,23,11,5655.99,4,5,5,14,455,Champions,1,VIP Champions,"Loyalty rewards, referral programs, exclusive early access"
17718,232,1,139.35,1,2,1,4,121,Lost,3,Lost Causes,Final reactivation attempt or remove from active campaigns
17719,38,15,5396.04,3,5,5,13,355,Promising,1,VIP Champions,"Loyalty rewards, referral programs, exclusive early access"
17720,26,4,1195.94,4,4,4,12,444,Champions,2,Loyal Regulars,"Upsell campaigns, early access to new products, cross-sell"
17722,96,4,2424.04,2,4,5,11,245,Can't Lose Them,2,Loyal Regulars,"Upsell campaigns, early access to new products, cross-sell"
17723,127,6,3276.4000000000005,2,5,5,12,255,Can't Lose Them,2,Loyal Regulars,"Upsell campaigns, early access to new products, cross-sell"
17724,71,3,1033.0,3,4,4,11,344,Promising,2,Loyal Regulars,"Upsell campaigns, early access to new products, cross-sell"
17725,16,11,3439.08,4,5,5,14,455,Champions,1,VIP Champions,"Loyalty rewards, referral programs, exclusive early access"
17727,15,1,1060.25,4,2,4,10,424,New Customers,0,New Potentials,"Welcome series, onboarding discounts, education content"
17728,4,3,2876.01,5,4,5,14,545,Champions,1,VIP Champions,"Loyalty rewards, referral programs, exclusive early access"
17730,3,13,5298.4800000000005,5,5,5,15,555,Champions,1,VIP Champions,"Loyalty rewards, referral programs, exclusive early access"
17731,79,4,1240.11,2,4,4,10,244,Can't Lose Them,2,Loyal Regulars,"Upsell campaigns, early access to new products, cross-sell"
17732,373,1,303.97,1,2,2,5,122,Lost,3,Lost Causes,Final reactivation attempt or remove from active campaigns
17733,39,2,692.19,3,3,3,9,333,Promising,0,New Potentials,"Welcome series, onboarding discounts, education content"
17734,54,3,700.63,3,4,3,10,343,Promising,2,Loyal Regulars,"Upsell campaigns, early access to new products, cross-sell"
17735,2,19,13110.02,5,5,5,15,555,Champions,1,VIP Champions,"Loyalty rewards, referral programs, exclusive early access"
17736,9,3,377.44,5,4,2,11,542,Loyal Customers,0,New Potentials,"Welcome series, onboarding discounts, education content"
17737,9,2,168.24,5,3,1,9,531,Promising,0,New Potentials,"Welcome series, onboarding discounts, education content"
17738,19,4,1879.05,4,4,4,12,444,Champions,2,Loyal Regulars,"Upsell campaigns, early access to new products, cross-sell"
17739,12,7,2791.35,5,5,5,15,555,Champions,1,VIP Champions,"Loyalty rewards, referral programs, exclusive early access"
17742,113,2,355.11,2,3,2,7,232,Need Attention,3,Lost Causes,Final reactivation attempt or remove from active campaigns
17744,4,6,2322.4,5,5,5,15,555,Champions,1,VIP Champions,"Loyalty rewards, referral programs, exclusive early access"
17746,240,1,110.25,1,2,1,4,121,Lost,3,Lost Causes,Final reactivation attempt or remove from active campaigns
17747,113,1,71.4,2,2,1,5,221,Lost,3,Lost Causes,Final reactivation attempt or remove from active campaigns
17749,178,2,674.52,2,3,3,8,233,At Risk,3,Lost Causes,Final reactivation attempt or remove from active campaigns
17750,5,9,1797.57,5,5,4,14,554,Champions,1,VIP Champions,"Loyalty rewards, referral programs, exclusive early access"
17752,359,1,80.64,1,2,1,4,121,Lost,3,Lost Causes,Final reactivation attempt or remove from active campaigns
17754,1,5,1772.26,5,4,4,13,544,Champions,1,VIP Champions,"Loyalty rewards, referral programs, exclusive early access"
17757,1,30,5605.29,5,5,5,15,555,Champions,1,VIP Champions,"Loyalty rewards, referral programs, exclusive early access"
17758,19,8,3456.7,4,5,5,14,455,Champions,1,VIP Champions,"Loyalty rewards, referral programs, exclusive early access"
17759,17,3,834.99,4,4,3,11,443,Loyal Customers,0,New Potentials,"Welcome series, onboarding discounts, education content"
17760,22,2,287.59,4,3,2,9,432,Promising,0,New Potentials,"Welcome series, onboarding discounts, education content"
17761,33,1,712.78,4,2,3,9,423,New Customers,0,New Potentials,"Welcome series, onboarding discounts, education content"
17763,263,1,15.0,1,2,1,4,121,Lost,3,Lost Causes,Final reactivation attempt or remove from active campaigns
17764,51,2,818.82,3,3,3,9,333,Promising,2,Loyal Regulars,"Upsell campaigns, early access to new products, cross-sell"
17765,159,3,371.88,2,4,2,8,242,Can't Lose Them,3,Lost Causes,Final reactivation attempt or remove from active campaigns
17767,15,1,271.2,4,2,2,8,422,New Customers,0,New Potentials,"Welcome series, onboarding discounts, education content"
17768,8,3,2273.1800000000003,5,4,5,14,545,Champions,0,New Potentials,"Welcome series, onboarding discounts, education content"
17769,13,10,3997.98,5,5,5,15,555,Champions,1,VIP Champions,"Loyalty rewards, referral programs, exclusive early access"
17770,199,5,1143.27,1,4,4,9,144,Can't Lose Them,2,Loyal Regulars,"Upsell campaigns, early access to new products, cross-sell"
17771,57,2,245.81,3,3,1,7,331,Promising,3,Lost Causes,Final reactivation attempt or remove from active campaigns
17772,11,2,182.77,5,3,1,9,531,Promising,0,New Potentials,"Welcome series, onboarding discounts, education content"
17774,97,4,1225.41,2,4,4,10,244,Can't Lose Them,2,Loyal Regulars,"Upsell campaigns, early access to new products, cross-sell"
17775,255,1,56.4,1,2,1,4,121,Lost,3,Lost Causes,Final reactivation attempt or remove from active campaigns
17777,25,3,665.86,4,4,3,11,443,Loyal Customers,0,New Potentials,"Welcome series, onboarding discounts, education content"
17779,21,3,658.57,4,4,3,11,443,Loyal Customers,0,New Potentials,"Welcome series, onboarding discounts, education content"
17781,159,2,188.02,2,3,1,6,231,Need Attention,3,Lost Causes,Final reactivation attempt or remove from active campaigns
17783,72,2,283.47,3,3,2,8,332,Promising,3,Lost Causes,Final reactivation attempt or remove from active campaigns
17785,53,1,131.94,3,2,1,6,321,Need Attention,3,Lost Causes,Final reactivation attempt or remove from active campaigns
17786,85,2,278.74,2,3,2,7,232,Need Attention,3,Lost Causes,Final reactivation attempt or remove from active campaigns
17787,153,4,1865.19,2,4,4,10,244,Can't Lose Them,2,Loyal Regulars,"Upsell campaigns, early access to new products, cross-sell"
17788,74,2,1117.9,2,3,4,9,234,At Risk,2,Loyal Regulars,"Upsell campaigns, early access to new products, cross-sell"
17789,281,1,225.9,1,2,1,4,121,Lost,3,Lost Causes,Final reactivation attempt or remove from active campaigns
17790,27,14,1965.55,4,5,4,13,454,Champions,1,VIP Champions,"Loyalty rewards, referral programs, exclusive early access"
17791,30,1,106.1,4,2,1,7,421,New Customers,0,New Potentials,"Welcome series, onboarding discounts, education content"
17793,25,1,323.04,4,2,2,8,422,New Customers,0,New Potentials,"Welcome series, onboarding discounts, education content"
17795,180,2,350.39,1,3,2,6,132,Need Attention,3,Lost Causes,Final reactivation attempt or remove from active campaigns
17796,40,4,697.9,3,4,3,10,343,Promising,2,Loyal Regulars,"Upsell campaigns, early access to new products, cross-sell"
17797,22,3,780.43,4,4,3,11,443,Loyal Customers,0,New Potentials,"Welcome series, onboarding discounts, education content"
17799,22,10,3055.93,4,5,5,14,455,Champions,1,VIP Champions,"Loyalty rewards, referral programs, exclusive early access"
17800,37,9,1199.01,3,5,4,12,354,Promising,2,Loyal Regulars,"Upsell campaigns, early access to new products, cross-sell"
17802,82,3,1285.04,2,4,4,10,244,Can't Lose Them,2,Loyal Regulars,"Upsell campaigns, early access to new products, cross-sell"
17805,74,1,512.31,2,2,3,7,223,At Risk,3,Lost Causes,Final reactivation attempt or remove from active campaigns
17806,11,1,546.04,5,2,3,10,523,New Customers,0,New Potentials,"Welcome series, onboarding discounts, education content"
17809,16,12,5411.91,4,5,5,14,455,Champions,1,VIP Champions,"Loyalty rewards, referral programs, exclusive early access"
17811,4,39,7837.73,5,5,5,15,555,Champions,1,VIP Champions,"Loyalty rewards, referral programs, exclusive early access"
17812,13,4,732.16,5,4,3,12,543,Loyal Customers,0,New Potentials,"Welcome series, onboarding discounts, education content"
17813,14,5,1770.88,4,4,4,12,444,Champions,2,Loyal Regulars,"Upsell campaigns, early access to new products, cross-sell"
17816,37,4,36.56,3,4,1,8,341,Promising,3,Lost Causes,Final reactivation attempt or remove from active campaigns
17817,4,3,387.68,5,4,2,11,542,Loyal Customers,0,New Potentials,"Welcome series, onboarding discounts, education content"
17819,72,7,3704.87,3,5,5,13,355,Promising,2,Loyal Regulars,"Upsell campaigns, early access to new products, cross-sell"
17824,51,1,298.4,3,2,2,7,322,Need Attention,3,Lost Causes,Final reactivation attempt or remove from active campaigns
17827,5,5,1995.46,5,4,4,13,544,Champions,1,VIP Champions,"Loyalty rewards, referral programs, exclusive early access"
17828,23,4,1820.09,4,4,4,12,444,Champions,2,Loyal Regulars,"Upsell campaigns, early access to new products, cross-sell"
17829,299,1,889.24,1,2,3,6,123,At Risk,3,Lost Causes,Final reactivation attempt or remove from active campaigns
17830,2,3,398.7,5,4,2,11,542,Loyal Customers,0,New Potentials,"Welcome series, onboarding discounts, education content"
17831,33,1,35.400000000000006,4,2,1,7,421,New Customers,3,Lost Causes,Final reactivation attempt or remove from active campaigns
17832,50,1,155.37,3,2,1,6,321,Need Attention,3,Lost Causes,Final reactivation attempt or remove from active campaigns
17835,3,3,350.64,5,4,2,11,542,Loyal Customers,0,New Potentials,"Welcome series, onboarding discounts, education content"
17836,47,1,110.21,3,2,1,6,321,Need Attention,3,Lost Causes,Final reactivation attempt or remove from active campaigns
17837,42,8,1593.38,3,5,4,12,354,Promising,2,Loyal Regulars,"Upsell campaigns, early access to new products, cross-sell"
17838,27,5,2779.3,4,4,5,13,445,Champions,2,Loyal Regulars,"Upsell campaigns, early access to new products, cross-sell"
17839,42,1,338.8,3,2,2,7,322,Need Attention,3,Lost Causes,Final reactivation attempt or remove from active campaigns
17841,2,124,40991.57,5,5,5,15,555,Champions,1,VIP Champions,"Loyalty rewards, referral programs, exclusive early access"
17843,303,1,205.48,1,2,1,4,121,Lost,3,Lost Causes,Final reactivation attempt or remove from active campaigns
17844,107,1,51.56,2,2,1,5,221,Lost,3,Lost Causes,Final reactivation attempt or remove from active campaigns
17846,85,1,2033.1,2,2,4,8,224,At Risk,2,Loyal Regulars,"Upsell campaigns, early access to new products, cross-sell"
17848,81,9,901.2,2,5,3,10,253,Can't Lose Them,2,Loyal Regulars,"Upsell campaigns, early access to new products, cross-sell"
17849,218,4,605.8000000000001,1,4,3,8,143,Can't Lose Them,2,Loyal Regulars,"Upsell campaigns, early access to new products, cross-sell"
17850,372,34,5391.21,1,5,5,11,155,Can't Lose Them,1,VIP Champions,"Loyalty rewards, referral programs, exclusive early access"
17852,12,2,114.34,5,3,1,9,531,Promising,0,New Potentials,"Welcome series, onboarding discounts, education content"
17854,185,2,311.26,1,3,2,6,132,Need Attention,3,Lost Causes,Final reactivation attempt or remove from active campaigns
17855,373,1,208.97,1,2,1,4,121,Lost,3,Lost Causes,Final reactivation attempt or remove from active campaigns
17856,2,4,1418.03,5,4,4,13,544,Champions,0,New Potentials,"Welcome series, onboarding discounts, education content"
17857,4,23,26879.04,5,5,5,15,555,Champions,1,VIP Champions,"Loyalty rewards, referral programs, exclusive early access"
17858,6,12,5155.66,5,5,5,15,555,Champions,1,VIP Champions,"Loyalty rewards, referral programs, exclusive early access"
17859,305,1,148.21,1,2,1,4,121,Lost,3,Lost Causes,Final reactivation attempt or remove from active campaigns
17860,369,1,252.8,1,2,2,5,122,Lost,3,Lost Causes,Final reactivation attempt or remove from active campaigns
17861,3,8,2100.8,5,5,5,15,555,Champions,1,VIP Champions,"Loyalty rewards, referral programs, exclusive early access"
17862,324,1,330.9,1,2,2,5,122,Lost,3,Lost Causes,Final reactivation attempt or remove from active campaigns
17863,59,6,3160.0,3,5,5,13,355,Promising,2,Loyal Regulars,"Upsell campaigns, early access to new products, cross-sell"
17864,13,3,597.5,5,4,3,12,543,Loyal Customers,0,New Potentials,"Welcome series, onboarding discounts, education content"
17865,31,20,10526.32,4,5,5,14,455,Champions,1,VIP Champions,"Loyalty rewards, referral programs, exclusive early access"
17866,143,1,329.65000000000003,2,2,2,6,222,Lost,3,Lost Causes,Final reactivation attempt or remove from active campaigns
17867,30,6,1197.1,4,5,4,13,454,Champions,2,Loyal Regulars,"Upsell campaigns, early access to new products, cross-sell"
17869,107,5,428.18,2,4,2,8,242,Can't Lose Them,2,Loyal Regulars,"Upsell campaigns, early access to new products, cross-sell"
17870,2,12,1894.35,5,5,4,14,554,Champions,1,VIP Champions,"Loyalty rewards, referral programs, exclusive early access"
17871,205,1,155.9,1,2,1,4,121,Lost,3,Lost Causes,Final reactivation attempt or remove from active campaigns
17873,80,5,1859.16,2,4,4,10,244,Can't Lose Them,2,Loyal Regulars,"Upsell campaigns, early access to new products, cross-sell"
17874,185,6,683.46,1,5,3,9,153,Can't Lose Them,2,Loyal Regulars,"Upsell campaigns, early access to new products, cross-sell"
17877,170,1,237.61,2,2,1,5,221,Lost,3,Lost Causes,Final reactivation attempt or remove from active campaigns
17878,44,1,379.45,3,2,2,7,322,Need Attention,3,Lost Causes,Final reactivation attempt or remove from active campaigns
17879,174,1,178.52,2,2,1,5,221,Lost,3,Lost Causes,Final reactivation attempt or remove from active campaigns
17880,365,1,458.92,1,2,2,5,122,Lost,3,Lost Causes,Final reactivation attempt or remove from active campaigns
17881,304,1,133.35,1,2,1,4,121,Lost,3,Lost Causes,Final reactivation attempt or remove from active campaigns
17883,3,4,671.77,5,4,3,12,543,Loyal Customers,0,New Potentials,"Welcome series, onboarding discounts, education content"
17884,4,4,717.45,5,4,3,12,543,Loyal Customers,0,New Potentials,"Welcome series, onboarding discounts, education content"
17885,12,1,190.19,5,2,1,8,521,New Customers,0,New Potentials,"Welcome series, onboarding discounts, education content"
17886,32,3,899.61,4,4,3,11,443,Loyal Customers,2,Loyal Regulars,"Upsell campaigns, early access to new products, cross-sell"
17887,129,1,111.35,2,2,1,5,221,Lost,3,Lost Causes,Final reactivation attempt or remove from active campaigns
17888,21,8,726.05,4,5,3,12,453,Loyal Customers,2,Loyal Regulars,"Upsell campaigns, early access to new products, cross-sell"
17889,212,2,203.87,1,3,1,5,131,Need Attention,3,Lost Causes,Final reactivation attempt or remove from active campaigns
17890,323,2,602.09,1,3,3,7,133,At Risk,3,Lost Causes,Final reactivation attempt or remove from active campaigns
17891,162,1,203.86,2,2,1,5,221,Lost,3,Lost Causes,Final reactivation attempt or remove from active campaigns
17892,56,3,244.1,3,4,1,8,341,Promising,3,Lost Causes,Final reactivation attempt or remove from active campaigns
17893,225,1,112.25,1,2,1,4,121,Lost,3,Lost Causes,Final reactivation attempt or remove from active campaigns
17894,72,8,1119.81,3,5,4,12,354,Promising,2,Loyal Regulars,"Upsell campaigns, early access to new products, cross-sell"
17895,44,1,98.0,3,2,1,6,321,Need Attention,3,Lost Causes,Final reactivation attempt or remove from active campaigns
17896,23,1,256.32,4,2,2,8,422,New Customers,0,New Potentials,"Welcome series, onboarding discounts, education content"
17897,173,3,566.6,2,4,3,9,243,Can't Lose Them,3,Lost Causes,Final reactivation attempt or remove from active campaigns
17898,85,2,152.06,2,3,1,6,231,Need Attention,3,Lost Causes,Final reactivation attempt or remove from active campaigns
17899,159,1,155.8,2,2,1,5,221,Lost,3,Lost Causes,Final reactivation attempt or remove from active campaigns
17900,190,2,112.2,1,3,1,5,131,Need Attention,3,Lost Causes,Final reactivation attempt or remove from active campaigns
17901,29,1,110.38,4,2,1,7,421,New Customers,0,New Potentials,"Welcome series, onboarding discounts, education content"
17904,21,1,191.67,4,2,1,7,421,New Customers,0,New Potentials,"Welcome series, onboarding discounts, education content"
17905,71,4,800.24,3,4,3,10,343,Promising,2,Loyal Regulars,"Upsell campaigns, early access to new products, cross-sell"
17906,247,1,72.9,1,2,1,4,121,Lost,3,Lost Causes,Final reactivation attempt or remove from active campaigns
17908,374,1,243.28,1,2,1,4,121,Lost,3,Lost Causes,Final reactivation attempt or remove from active campaigns
17911,9,1,366.23,5,2,2,9,522,New Customers,0,New Potentials,"Welcome series, onboarding discounts, education content"
17912,310,5,311.01,1,4,2,7,142,Can't Lose Them,3,Lost Causes,Final reactivation attempt or remove from active campaigns
17913,59,2,411.6,3,3,2,8,332,Promising,3,Lost Causes,Final reactivation attempt or remove from active campaigns
17914,4,1,336.43,5,2,2,9,522,New Customers,0,New Potentials,"Welcome series, onboarding discounts, education content"
17917,45,3,341.28,3,4,2,9,342,Promising,0,New Potentials,"Welcome series, onboarding discounts, education content"
17919,88,1,1304.04,2,2,4,8,224,At Risk,2,Loyal Regulars,"Upsell campaigns, early access to new products, cross-sell"
17920,4,17,4204.1,5,5,5,15,555,Champions,1,VIP Champions,"Loyalty rewards, referral programs, exclusive early access"
17921,64,4,826.52,3,4,3,10,343,Promising,2,Loyal Regulars,"Upsell campaigns, early access to new products, cross-sell"
17923,282,1,207.50000000000003,1,2,1,4,121,Lost,3,Lost Causes,Final reactivation attempt or remove from active campaigns
17924,12,7,2962.5,5,5,5,15,555,Champions,1,VIP Champions,"Loyalty rewards, referral programs, exclusive early access"
17925,373,1,244.08,1,2,1,4,121,Lost,3,Lost Causes,Final reactivation attempt or remove from active campaigns
17926,133,2,397.29,2,3,2,7,232,Need Attention,3,Lost Causes,Final reactivation attempt or remove from active campaigns
17928,45,2,212.54,3,3,1,7,331,Promising,3,Lost Causes,Final reactivation attempt or remove from active campaigns
17929,11,4,843.0,5,4,3,12,543,Loyal Customers,0,New Potentials,"Welcome series, onboarding discounts, education content"
17930,36,5,1740.48,3,4,4,11,344,Promising,2,Loyal Regulars,"Upsell campaigns, early access to new products, cross-sell"
17931,134,2,408.36,2,3,2,7,232,Need Attention,3,Lost Causes,Final reactivation attempt or remove from active campaigns
17932,29,3,1331.57,4,4,4,12,444,Champions,2,Loyal Regulars,"Upsell campaigns, early access to new products, cross-sell"
17934,52,2,704.25,3,3,3,9,333,Promising,2,Loyal Regulars,"Upsell campaigns, early access to new products, cross-sell"
17935,138,2,145.79,2,3,1,6,231,Need Attention,3,Lost Causes,Final reactivation attempt or remove from active campaigns
17936,5,1,389.84,5,2,2,9,522,New Customers,0,New Potentials,"Welcome series, onboarding discounts, education content"
17937,9,7,4301.22,5,5,5,15,555,Champions,1,VIP Champions,"Loyalty rewards, referral programs, exclusive early access"
17939,160,1,99.14,2,2,1,5,221,Lost,3,Lost Causes,Final reactivation attempt or remove from active campaigns
17940,49,10,4106.4400000000005,3,5,5,13,355,Promising,1,VIP Champions,"Loyalty rewards, referral programs, exclusive early access"
17941,131,1,304.56,2,2,2,6,222,Lost,3,Lost Causes,Final reactivation attempt or remove from active campaigns
17942,8,1,77.50000000000001,5,2,1,8,521,New Customers,0,New Potentials,"Welcome series, onboarding discounts, education content"
17946,233,2,149.57999999999998,1,3,1,5,131,Need Attention,3,Lost Causes,Final reactivation attempt or remove from active campaigns
17947,37,1,176.68,3,2,1,6,321,Need Attention,3,Lost Causes,Final reactivation attempt or remove from active campaigns
17948,147,1,358.56000000000006,2,2,2,6,222,Lost,3,Lost Causes,Final reactivation attempt or remove from active campaigns
17949,1,45,58510.48,5,5,5,15,555,Champions,1,VIP Champions,"Loyalty rewards, referral programs, exclusive early access"
17950,72,3,482.2,3,4,2,9,342,Promising,2,Loyal Regulars,"Upsell campaigns, early access to new products, cross-sell"
17951,40,3,1008.54,3,4,4,11,344,Promising,2,Loyal Regulars,"Upsell campaigns, early access to new products, cross-sell"
17954,5,12,2332.72,5,5,5,15,555,Champions,1,VIP Champions,"Loyalty rewards, referral programs, exclusive early access"
17955,199,4,557.3,1,4,3,8,143,Can't Lose Them,2,Loyal Regulars,"Upsell campaigns, early access to new products, cross-sell"
17956,249,1,12.75,1,2,1,4,121,Lost,3,Lost Causes,Final reactivation attempt or remove from active campaigns
17957,66,1,111.68,3,2,1,6,321,Need Attention,3,Lost Causes,Final reactivation attempt or remove from active campaigns
17958,117,1,508.46,2,2,3,7,223,At Risk,3,Lost Causes,Final reactivation attempt or remove from active campaigns
17960,171,1,73.78,2,2,1,5,221,Lost,3,Lost Causes,Final reactivation attempt or remove from active campaigns
17961,21,39,1296.44,4,5,4,13,454,Champions,1,VIP Champions,"Loyalty rewards, referral programs, exclusive early access"
17962,142,1,102.83,2,2,1,5,221,Lost,3,Lost Causes,Final reactivation attempt or remove from active campaigns
17964,32,2,471.7,4,3,2,9,432,Promising,0,New Potentials,"Welcome series, onboarding discounts, education content"
17965,38,14,2622.57,3,5,5,13,355,Promising,1,VIP Champions,"Loyalty rewards, referral programs, exclusive early access"
17966,38,5,1098.43,3,4,4,11,344,Promising,2,Loyal Regulars,"Upsell campaigns, early access to new products, cross-sell"
17967,372,1,123.07,1,2,1,4,121,Lost,3,Lost Causes,Final reactivation attempt or remove from active campaigns
17968,374,1,277.35,1,2,2,5,122,Lost,3,Lost Causes,Final reactivation attempt or remove from active campaigns
17969,166,2,228.2,2,3,1,6,231,Need Attention,3,Lost Causes,Final reactivation attempt or remove from active campaigns
17970,211,1,582.59,1,2,3,6,123,At Risk,3,Lost Causes,Final reactivation attempt or remove from active campaigns
17972,242,1,136.04,1,2,1,4,121,Lost,3,Lost Causes,Final reactivation attempt or remove from active campaigns
17973,52,1,337.04,3,2,2,7,322,Need Attention,3,Lost Causes,Final reactivation attempt or remove from active campaigns
17974,25,3,740.79,4,4,3,11,443,Loyal Customers,0,New Potentials,"Welcome series, onboarding discounts, education content"
17975,15,13,4488.81,4,5,5,14,455,Champions,1,VIP Champions,"Loyalty rewards, referral programs, exclusive early access"
17976,372,1,353.19,1,2,2,5,122,Lost,3,Lost Causes,Final reactivation attempt or remove from active campaigns
17977,29,1,288.14,4,2,2,8,422,New Customers,0,New Potentials,"Welcome series, onboarding discounts, education content"
17978,365,1,300.92,1,2,2,5,122,Lost,3,Lost Causes,Final reactivation attempt or remove from active campaigns
17979,36,4,757.71,3,4,3,10,343,Promising,2,Loyal Regulars,"Upsell campaigns, early access to new products, cross-sell"
17980,166,3,811.45,2,4,3,9,243,Can't Lose Them,2,Loyal Regulars,"Upsell campaigns, early access to new products, cross-sell"
17984,145,1,152.68,2,2,1,5,221,Lost,3,Lost Causes,Final reactivation attempt or remove from active campaigns
17985,22,1,634.95,4,2,3,9,423,New Customers,0,New Potentials,"Welcome series, onboarding discounts, education content"
17986,56,1,20.8,3,2,1,6,321,Need Attention,3,Lost Causes,Final reactivation attempt or remove from active campaigns
17987,185,1,198.57,1,2,1,4,121,Lost,3,Lost Causes,Final reactivation attempt or remove from active campaigns
17988,12,7,201.12,5,5,1,11,551,Loyal Customers,0,New Potentials,"Welcome series, onboarding discounts, education content"
17990,237,3,630.84,1,4,3,8,143,Can't Lose Them,3,Lost Causes,Final reactivation attempt or remove from active campaigns
17991,225,2,93.35,1,3,1,5,131,Need Attention,3,Lost Causes,Final reactivation attempt or remove from active campaigns
17994,122,4,678.49,2,4,3,9,243,Can't Lose Them,2,Loyal Regulars,"Upsell campaigns, early access to new products, cross-sell"
17995,282,1,76.1,1,2,1,4,121,Lost,3,Lost Causes,Final reactivation attempt or remove from active campaigns
17997,74,8,1970.67,2,5,4,11,254,Can't Lose Them,2,Loyal Regulars,"Upsell campaigns, early access to new products, cross-sell"
17999,37,2,382.06,3,3,2,8,332,Promising,0,New Potentials,"Welcome series, onboarding discounts, education content"
18001,12,2,417.23,5,3,2,10,532,Promising,0,New Potentials,"Welcome series, onboarding discounts, education content"
18004,362,1,169.47,1,2,1,4,121,Lost,3,Lost Causes,Final reactivation attempt or remove from active campaigns
18005,4,2,249.72,5,3,1,9,531,Promising,0,New Potentials,"Welcome series, onboarding discounts, education content"
18006,23,1,444.68,4,2,2,8,422,New Customers,0,New Potentials,"Welcome series, onboarding discounts, education content"
18008,70,9,2116.19,3,5,5,13,355,Promising,2,Loyal Regulars,"Upsell campaigns, early access to new products, cross-sell"
18009,235,1,257.34,1,2,2,5,122,Lost,3,Lost Causes,Final reactivation attempt or remove from active campaigns
18010,257,1,174.8,1,2,1,4,121,Lost,3,Lost Causes,Final reactivation attempt or remove from active campaigns
18011,373,1,102.79,1,2,1,4,121,Lost,3,Lost Causes,Final reactivation attempt or remove from active campaigns
18013,155,2,187.29,2,3,1,6,231,Need Attention,3,Lost Causes,Final reactivation attempt or remove from active campaigns
18014,28,1,166.42,4,2,1,7,421,New Customers,0,New Potentials,"Welcome series, onboarding discounts, education content"
18015,4,1,120.03,5,2,1,8,521,New Customers,0,New Potentials,"Welcome series, onboarding discounts, education content"
18016,32,5,1483.56,4,4,4,12,444,Champions,2,Loyal Regulars,"Upsell campaigns, early access to new products, cross-sell"
18017,81,3,523.0,2,4,3,9,243,Can't Lose Them,2,Loyal Regulars,"Upsell campaigns, early access to new products, cross-sell"
18018,108,2,122.14,2,3,1,6,231,Need Attention,3,Lost Causes,Final reactivation attempt or remove from active campaigns
18019,52,1,38.45,3,2,1,6,321,Need Attention,3,Lost Causes,Final reactivation attempt or remove from active campaigns
18022,36,1,668.11,3,2,3,8,323,Need Attention,0,New Potentials,"Welcome series, onboarding discounts, education content"
18024,153,2,389.78,2,3,2,7,232,Need Attention,3,Lost Causes,Final reactivation attempt or remove from active campaigns
18027,99,1,115.31,2,2,1,5,221,Lost,3,Lost Causes,Final reactivation attempt or remove from active campaigns
18030,4,2,230.65,5,3,1,9,531,Promising,0,New Potentials,"Welcome series, onboarding discounts, education content"
18032,334,1,73.5,1,2,1,4,121,Lost,3,Lost Causes,Final reactivation attempt or remove from active campaigns
18033,65,1,97.97,3,2,1,6,321,Need Attention,3,Lost Causes,Final reactivation attempt or remove from active campaigns
18034,22,2,422.88,4,3,2,9,432,Promising,0,New Potentials,"Welcome series, onboarding discounts, education content"
18035,36,3,730.4,3,4,3,10,343,Promising,2,Loyal Regulars,"Upsell campaigns, early access to new products, cross-sell"
18036,32,3,405.62,4,4,2,10,442,Loyal Customers,0,New Potentials,"Welcome series, onboarding discounts, education content"
18037,154,6,70.02,2,5,1,8,251,Can't Lose Them,3,Lost Causes,Final reactivation attempt or remove from active campaigns
18040,19,2,357.20000000000005,4,3,2,9,432,Promising,0,New Potentials,"Welcome series, onboarding discounts, education content"
18041,12,21,4183.39,5,5,5,15,555,Champions,1,VIP Champions,"Loyalty rewards, referral programs, exclusive early access"
18042,54,1,165.04999999999998,3,2,1,6,321,Need Attention,3,Lost Causes,Final reactivation attempt or remove from active campaigns
18043,25,3,559.51,4,4,3,11,443,Loyal Customers,0,New Potentials,"Welcome series, onboarding discounts, education content"
18044,4,10,2088.6,5,5,5,15,555,Champions,1,VIP Champions,"Loyalty rewards, referral programs, exclusive early access"
18045,45,1,189.4,3,2,1,6,321,Need Attention,3,Lost Causes,Final reactivation attempt or remove from active campaigns
18048,203,2,172.29000000000002,1,3,1,5,131,Need Attention,3,Lost Causes,Final reactivation attempt or remove from active campaigns
18050,359,1,74.4,1,2,1,4,121,Lost,3,Lost Causes,Final reactivation attempt or remove from active campaigns
18053,71,1,300.02,3,2,2,7,322,Need Attention,3,Lost Causes,Final reactivation attempt or remove from active campaigns
18055,7,10,6784.1900000000005,5,5,5,15,555,Champions,1,VIP Champions,"Loyalty rewards, referral programs, exclusive early access"
18056,288,1,363.65,1,2,2,5,122,Lost,3,Lost Causes,Final reactivation attempt or remove from active campaigns
18058,10,1,170.16,5,2,1,8,521,New Customers,0,New Potentials,"Welcome series, onboarding discounts, education content"
18059,23,3,306.46,4,4,2,10,442,Loyal Customers,0,New Potentials,"Welcome series, onboarding discounts, education content"
18061,22,10,2119.41,4,5,5,14,455,Champions,1,VIP Champions,"Loyalty rewards, referral programs, exclusive early access"
18062,173,3,720.52,2,4,3,9,243,Can't Lose Them,2,Loyal Regulars,"Upsell campaigns, early access to new products, cross-sell"
18064,133,2,814.0,2,3,3,8,233,At Risk,3,Lost Causes,Final reactivation attempt or remove from active campaigns
18065,6,14,2392.83,5,5,5,15,555,Champions,1,VIP Champions,"Loyalty rewards, referral programs, exclusive early access"
18066,75,1,318.0,2,2,2,6,222,Lost,3,Lost Causes,Final reactivation attempt or remove from active campaigns
18067,40,1,396.33,3,2,2,7,322,Need Attention,0,New Potentials,"Welcome series, onboarding discounts, education content"
18068,289,1,101.7,1,2,1,4,121,Lost,3,Lost Causes,Final reactivation attempt or remove from active campaigns
18069,26,5,2036.67,4,4,4,12,444,Champions,2,Loyal Regulars,"Upsell campaigns, early access to new products, cross-sell"
18071,258,2,453.0,1,3,2,6,132,Need Attention,3,Lost Causes,Final reactivation attempt or remove from active campaigns
18072,186,1,247.44,1,2,1,4,121,Lost,3,Lost Causes,Final reactivation attempt or remove from active campaigns
18073,114,12,3877.52,2,5,5,12,255,Can't Lose Them,2,Loyal Regulars,"Upsell campaigns, early access to new products, cross-sell"
18074,374,1,489.6,1,2,2,5,122,Lost,3,Lost Causes,Final reactivation attempt or remove from active campaigns
18075,23,10,2611.75,4,5,5,14,455,Champions,1,VIP Champions,"Loyalty rewards, referral programs, exclusive early access"
18077,8,11,2633.01,5,5,5,15,555,Champions,1,VIP Champions,"Loyalty rewards, referral programs, exclusive early access"
18078,217,2,336.13,1,3,2,6,132,Need Attention,3,Lost Causes,Final reactivation attempt or remove from active campaigns
18079,45,4,3651.97,3,4,5,12,345,Promising,2,Loyal Regulars,"Upsell campaigns, early access to new products, cross-sell"
18080,19,2,1231.5,4,3,4,11,434,Promising,0,New Potentials,"Welcome series, onboarding discounts, education content"
18081,36,3,343.45,3,4,2,9,342,Promising,0,New Potentials,"Welcome series, onboarding discounts, education content"
18082,26,1,703.37,4,2,3,9,423,New Customers,0,New Potentials,"Welcome series, onboarding discounts, education content"
18084,16,1,90.48,4,2,1,7,421,New Customers,0,New Potentials,"Welcome series, onboarding discounts, education content"
18085,330,2,689.95,1,3,3,7,133,At Risk,3,Lost Causes,Final reactivation attempt or remove from active campaigns
18086,274,1,101.34,1,2,1,4,121,Lost,3,Lost Causes,Final reactivation attempt or remove from active campaigns
18087,98,2,4055.72,2,3,5,10,235,At Risk,2,Loyal Regulars,"Upsell campaigns, early access to new products, cross-sell"
18088,61,1,167.67000000000002,3,2,1,6,321,Need Attention,3,Lost Causes,Final reactivation attempt or remove from active campaigns
18092,2,11,9068.26,5,5,5,15,555,Champions,1,VIP Champions,"Loyalty rewards, referral programs, exclusive early access"
18093,93,4,2106.52,2,4,5,11,245,Can't Lose Them,2,Loyal Regulars,"Upsell campaigns, early access to new products, cross-sell"
18094,82,7,3017.3,2,5,5,12,255,Can't Lose Them,2,Loyal Regulars,"Upsell campaigns, early access to new products, cross-sell"
18095,313,2,580.05,1,3,3,7,133,At Risk,3,Lost Causes,Final reactivation attempt or remove from active campaigns
18096,12,3,911.15,5,4,3,12,543,Loyal Customers,0,New Potentials,"Welcome series, onboarding discounts, education content"
18097,8,6,2697.8,5,5,5,15,555,Champions,1,VIP Champions,"Loyalty rewards, referral programs, exclusive early access"
18099,127,1,168.31,2,2,1,5,221,Lost,3,Lost Causes,Final reactivation attempt or remove from active campaigns
18101,11,2,223.65,5,3,1,9,531,Promising,0,New Potentials,"Welcome series, onboarding discounts, education content"
18102,1,60,259657.3,5,5,5,15,555,Champions,1,VIP Champions,"Loyalty rewards, referral programs, exclusive early access"
18104,37,1,754.64,3,2,3,8,323,Need Attention,0,New Potentials,"Welcome series, onboarding discounts, education content"
18105,38,1,113.48000000000002,3,2,1,6,321,Need Attention,3,Lost Causes,Final reactivation attempt or remove from active campaigns
18106,330,1,430.7,1,2,2,5,122,Lost,3,Lost Causes,Final reactivation attempt or remove from active campaigns
18108,254,1,271.0,1,2,2,5,122,Lost,3,Lost Causes,Final reactivation attempt or remove from active campaigns
18109,2,26,8052.97,5,5,5,15,555,Champions,1,VIP Champions,"Loyalty rewards, referral programs, exclusive early access"
18110,20,1,236.3,4,2,1,7,421,New Customers,0,New Potentials,"Welcome series, onboarding discounts, education content"
18112,12,2,352.69,5,3,2,10,532,Promising,0,New Potentials,"Welcome series, onboarding discounts, education content"
18113,369,1,76.32000000000001,1,2,1,4,121,Lost,3,Lost Causes,Final reactivation attempt or remove from active campaigns
18114,290,1,220.1,1,2,1,4,121,Lost,3,Lost Causes,Final reactivation attempt or remove from active campaigns
18116,68,8,1418.03,3,5,4,12,354,Promising,2,Loyal Regulars,"Upsell campaigns, early access to new products, cross-sell"
18117,26,1,320.72,4,2,2,8,422,New Customers,0,New Potentials,"Welcome series, onboarding discounts, education content"
18118,11,26,5653.82,5,5,5,15,555,Champions,1,VIP Champions,"Loyalty rewards, referral programs, exclusive early access"
18119,368,1,181.12,1,2,1,4,121,Lost,3,Lost Causes,Final reactivation attempt or remove from active campaigns
18120,214,1,111.15,1,2,1,4,121,Lost,3,Lost Causes,Final reactivation attempt or remove from active campaigns
18121,149,2,673.1,2,3,3,8,233,At Risk,3,Lost Causes,Final reactivation attempt or remove from active campaigns
18122,8,6,1826.21,5,5,4,14,554,Champions,1,VIP Champions,"Loyalty rewards, referral programs, exclusive early access"
18123,24,2,589.4399999999999,4,3,3,10,433,Promising,0,New Potentials,"Welcome series, onboarding discounts, education content"
18125,30,4,1142.99,4,4,4,12,444,Champions,2,Loyal Regulars,"Upsell campaigns, early access to new products, cross-sell"
18126,61,1,206.83,3,2,1,6,321,Need Attention,3,Lost Causes,Final reactivation attempt or remove from active campaigns
18127,19,3,348.73,4,4,2,10,442,Loyal Customers,0,New Potentials,"Welcome series, onboarding discounts, education content"
18129,243,1,112.55,1,2,1,4,121,Lost,3,Lost Causes,Final reactivation attempt or remove from active campaigns
18130,15,3,1059.39,4,4,4,12,444,Champions,0,New Potentials,"Welcome series, onboarding discounts, education content"
18133,212,1,931.5,1,2,3,6,123,At Risk,3,Lost Causes,Final reactivation attempt or remove from active campaigns
18135,29,5,681.91,4,4,3,11,443,Loyal Customers,2,Loyal Regulars,"Upsell campaigns, early access to new products, cross-sell"
18136,63,3,784.33,3,4,3,10,343,Promising,2,Loyal Regulars,"Upsell campaigns, early access to new products, cross-sell"
18138,295,1,152.65,1,2,1,4,121,Lost,3,Lost Causes,Final reactivation attempt or remove from active campaigns
18139,18,6,8438.34,4,5,5,14,455,Champions,1,VIP Champions,"Loyalty rewards, referral programs, exclusive early access"
18142,157,2,1019.52,2,3,4,9,234,At Risk,2,Loyal Regulars,"Upsell campaigns, early access to new products, cross-sell"
18143,117,2,1000.16,2,3,4,9,234,At Risk,2,Loyal Regulars,"Upsell campaigns, early access to new products, cross-sell"
18144,8,12,2888.75,5,5,5,15,555,Champions,1,VIP Champions,"Loyalty rewards, referral programs, exclusive early access"
18145,13,4,2861.55,5,4,5,14,545,Champions,2,Loyal Regulars,"Upsell campaigns, early access to new products, cross-sell"
18146,141,2,160.35,2,3,1,6,231,Need Attention,3,Lost Causes,Final reactivation attempt or remove from active campaigns
18147,46,2,179.34,3,3,1,7,331,Promising,3,Lost Causes,Final reactivation attempt or remove from active campaigns
18149,51,3,612.0799999999999,3,4,3,10,343,Promising,2,Loyal Regulars,"Upsell campaigns, early access to new products, cross-sell"
18150,32,3,566.58,4,4,3,11,443,Loyal Customers,0,New Potentials,"Welcome series, onboarding discounts, education content"
18151,135,2,653.35,2,3,3,8,233,At Risk,3,Lost Causes,Final reactivation attempt or remove from active campaigns
18154,3,2,399.19,5,3,2,10,532,Promising,0,New Potentials,"Welcome series, onboarding discounts, education content"
18155,75,3,371.62,2,4,2,8,242,Can't Lose Them,3,Lost Causes,Final reactivation attempt or remove from active campaigns
18156,13,2,734.94,5,3,3,11,533,Promising,0,New Potentials,"Welcome series, onboarding discounts, education content"
18158,9,2,453.4,5,3,2,10,532,Promising,0,New Potentials,"Welcome series, onboarding discounts, education content"
18159,301,1,530.15,1,2,3,6,123,At Risk,3,Lost Causes,Final reactivation attempt or remove from active campaigns
18160,57,2,638.0600000000001,3,3,3,9,333,Promising,2,Loyal Regulars,"Upsell campaigns, early access to new products, cross-sell"
18161,15,5,1618.69,4,4,4,12,444,Champions,2,Loyal Regulars,"Upsell campaigns, early access to new products, cross-sell"
18164,37,1,399.65,3,2,2,7,322,Need Attention,0,New Potentials,"Welcome series, onboarding discounts, education content"
18165,177,1,302.46,2,2,2,6,222,Lost,3,Lost Causes,Final reactivation attempt or remove from active campaigns
18167,23,3,1384.86,4,4,4,12,444,Champions,2,Loyal Regulars,"Upsell campaigns, early access to new products, cross-sell"
18168,176,6,1169.94,2,5,4,11,254,Can't Lose Them,2,Loyal Regulars,"Upsell campaigns, early access to new products, cross-sell"
18169,61,1,202.65,3,2,1,6,321,Need Attention,3,Lost Causes,Final reactivation attempt or remove from active campaigns
18170,33,3,980.31,4,4,4,12,444,Champions,2,Loyal Regulars,"Upsell campaigns, early access to new products, cross-sell"
18171,59,5,1231.31,3,4,4,11,344,Promising,2,Loyal Regulars,"Upsell campaigns, early access to new products, cross-sell"
18172,15,20,7561.68,4,5,5,14,455,Champions,1,VIP Champions,"Loyalty rewards, referral programs, exclusive early access"
18173,87,4,2106.84,2,4,5,11,245,Can't Lose Them,2,Loyal Regulars,"Upsell campaigns, early access to new products, cross-sell"
18174,7,1,104.0,5,2,1,8,521,New Customers,0,New Potentials,"Welcome series, onboarding discounts, education content"
18176,358,1,476.35,1,2,2,5,122,Lost,3,Lost Causes,Final reactivation attempt or remove from active campaigns
18177,31,6,1341.42,4,5,4,13,454,Champions,2,Loyal Regulars,"Upsell campaigns, early access to new products, cross-sell"
18178,129,4,1590.81,2,4,4,10,244,Can't Lose Them,2,Loyal Regulars,"Upsell campaigns, early access to new products, cross-sell"
18179,9,6,1793.17,5,5,4,14,554,Champions,1,VIP Champions,"Loyalty rewards, referral programs, exclusive early access"
18180,5,6,1843.75,5,5,4,14,554,Champions,1,VIP Champions,"Loyalty rewards, referral programs, exclusive early access"
18181,24,1,382.8,4,2,2,8,422,New Customers,0,New Potentials,"Welcome series, onboarding discounts, education content"
18183,227,2,632.07,1,3,3,7,133,At Risk,3,Lost Causes,Final reactivation attempt or remove from active campaigns
18184,15,1,49.8,4,2,1,7,421,New Customers,0,New Potentials,"Welcome series, onboarding discounts, education content"
18185,249,1,304.25,1,2,2,5,122,Lost,3,Lost Causes,Final reactivation attempt or remove from active campaigns
18188,15,3,2001.04,4,4,4,12,444,Champions,2,Loyal Regulars,"Upsell campaigns, early access to new products, cross-sell"
18189,78,2,1090.24,2,3,4,9,234,At Risk,2,Loyal Regulars,"Upsell campaigns, early access to new products, cross-sell"
18190,192,2,284.46000000000004,1,3,2,6,132,Need Attention,3,Lost Causes,Final reactivation attempt or remove from active campaigns
18191,262,1,207.8,1,2,1,4,121,Lost,3,Lost Causes,Final reactivation attempt or remove from active campaigns
18192,72,1,957.97,3,2,4,9,324,Need Attention,3,Lost Causes,Final reactivation attempt or remove from active campaigns
18193,165,1,243.76,2,2,1,5,221,Lost,3,Lost Causes,Final reactivation attempt or remove from active campaigns
18194,82,1,973.84,2,2,4,8,224,At Risk,3,Lost Causes,Final reactivation attempt or remove from active campaigns
18196,95,2,689.13,2,3,3,8,233,At Risk,3,Lost Causes,Final reactivation attempt or remove from active campaigns
18198,4,17,5425.56,5,5,5,15,555,Champions,1,VIP Champions,"Loyalty rewards, referral programs, exclusive early access"
18200,106,1,163.8,2,2,1,5,221,Lost,3,Lost Causes,Final reactivation attempt or remove from active campaigns
18202,200,3,1396.99,1,4,4,9,144,Can't Lose Them,2,Loyal Regulars,"Upsell campaigns, early access to new products, cross-sell"
18203,157,1,160.42000000000002,2,2,1,5,221,Lost,3,Lost Causes,Final reactivation attempt or remove from active campaigns
18204,71,3,1993.7,3,4,4,11,344,Promising,2,Loyal Regulars,"Upsell campaigns, early access to new products, cross-sell"
18205,36,2,517.36,3,3,3,9,333,Promising,0,New Potentials,"Welcome series, onboarding discounts, education content"
18209,29,1,139.10000000000002,4,2,1,7,421,New Customers,0,New Potentials,"Welcome series, onboarding discounts, education content"
18210,2,6,2621.38,5,5,5,15,555,Champions,1,VIP Champions,"Loyalty rewards, referral programs, exclusive early access"
18211,26,5,600.07,4,4,3,11,443,Loyal Customers,2,Loyal Regulars,"Upsell campaigns, early access to new products, cross-sell"
18212,326,1,248.42,1,2,1,4,121,Lost,3,Lost Causes,Final reactivation attempt or remove from active campaigns
18213,237,1,232.48,1,2,1,4,121,Lost,3,Lost Causes,Final reactivation attempt or remove from active campaigns
18215,89,1,299.34000000000003,2,2,2,6,222,Lost,3,Lost Causes,Final reactivation attempt or remove from active campaigns
18216,31,1,481.75,4,2,2,8,422,New Customers,0,New Potentials,"Welcome series, onboarding discounts, education content"
18217,29,2,621.75,4,3,3,10,433,Promising,0,New Potentials,"Welcome series, onboarding discounts, education content"
18218,211,2,662.08,1,3,3,7,133,At Risk,3,Lost Causes,Final reactivation attempt or remove from active campaigns
18219,3,10,2069.77,5,5,5,15,555,Champions,1,VIP Champions,"Loyalty rewards, referral programs, exclusive early access"
18220,227,1,305.28,1,2,2,5,122,Lost,3,Lost Causes,Final reactivation attempt or remove from active campaigns
18221,22,5,1041.61,4,4,4,12,444,Champions,2,Loyal Regulars,"Upsell campaigns, early access to new products, cross-sell"
18222,93,1,443.0,2,2,2,6,222,Lost,3,Lost Causes,Final reactivation attempt or remove from active campaigns
18223,5,14,6484.54,5,5,5,15,555,Champions,1,VIP Champions,"Loyalty rewards, referral programs, exclusive early access"
18224,264,1,158.95000000000002,1,2,1,4,121,Lost,3,Lost Causes,Final reactivation attempt or remove from active campaigns
18225,3,12,5509.12,5,5,5,15,555,Champions,1,VIP Champions,"Loyalty rewards, referral programs, exclusive early access"
18226,44,11,5228.05,3,5,5,13,355,Promising,1,VIP Champions,"Loyalty rewards, referral programs, exclusive early access"
18227,218,1,93.75,1,2,1,4,121,Lost,3,Lost Causes,Final reactivation attempt or remove from active campaigns
18228,57,2,779.9,3,3,3,9,333,Promising,2,Loyal Regulars,"Upsell campaigns, early access to new products, cross-sell"
18229,12,20,7276.9,5,5,5,15,555,Champions,1,VIP Champions,"Loyalty rewards, referral programs, exclusive early access"
18230,9,7,2810.2000000000003,5,5,5,15,555,Champions,1,VIP Champions,"Loyalty rewards, referral programs, exclusive early access"
18231,192,5,2083.27,1,4,5,10,145,Can't Lose Them,2,Loyal Regulars,"Upsell campaigns, early access to new products, cross-sell"
18232,82,4,592.97,2,4,3,9,243,Can't Lose Them,2,Loyal Regulars,"Upsell campaigns, early access to new products, cross-sell"
18233,326,1,440.0,1,2,2,5,122,Lost,3,Lost Causes,Final reactivation attempt or remove from active campaigns
18235,72,3,1796.48,3,4,4,11,344,Promising,2,Loyal Regulars,"Upsell campaigns, early access to new products, cross-sell"
18236,30,6,882.24,4,5,3,12,453,Loyal Customers,2,Loyal Regulars,"Upsell campaigns, early access to new products, cross-sell"
18237,3,5,987.1,5,4,4,13,544,Champions,0,New Potentials,"Welcome series, onboarding discounts, education content"
18239,219,5,1561.61,1,4,4,9,144,Can't Lose Them,2,Loyal Regulars,"Upsell campaigns, early access to new products, cross-sell"
18240,46,1,422.58,3,2,2,7,322,Need Attention,3,Lost Causes,Final reactivation attempt or remove from active campaigns
18241,10,17,2073.09,5,5,5,15,555,Champions,1,VIP Champions,"Loyalty rewards, referral programs, exclusive early access"
18242,72,4,2232.49,3,4,5,12,345,Promising,2,Loyal Regulars,"Upsell campaigns, early access to new products, cross-sell"
18245,7,7,2567.06,5,5,5,15,555,Champions,1,VIP Champions,"Loyalty rewards, referral programs, exclusive early access"
18246,24,2,596.1,4,3,3,10,433,Promising,0,New Potentials,"Welcome series, onboarding discounts, education content"
18248,123,2,804.02,2,3,3,8,233,At Risk,3,Lost Causes,Final reactivation attempt or remove from active campaigns
18249,17,1,95.34,4,2,1,7,421,New Customers,0,New Potentials,"Welcome series, onboarding discounts, education content"
18250,310,1,349.27,1,2,2,5,122,Lost,3,Lost Causes,Final reactivation attempt or remove from active campaigns
18251,87,1,4314.72,2,2,5,9,225,At Risk,2,Loyal Regulars,"Upsell campaigns, early access to new products, cross-sell"
18252,51,2,526.67,3,3,3,9,333,Promising,0,New Potentials,"Welcome series, onboarding discounts, education content"
18255,89,1,103.3,2,2,1,5,221,Lost,3,Lost Causes,Final reactivation attempt or remove from active campaigns
18257,39,8,2337.63,3,5,5,13,355,Promising,2,Loyal Regulars,"Upsell campaigns, early access to new products, cross-sell"
18259,25,3,2338.6,4,4,5,13,445,Champions,2,Loyal Regulars,"Upsell campaigns, early access to new products, cross-sell"
18260,173,6,2643.2000000000003,2,5,5,12,255,Can't Lose Them,2,Loyal Regulars,"Upsell campaigns, early access to new products, cross-sell"
18261,43,2,324.24,3,3,2,8,332,Promising,0,New Potentials,"Welcome series, onboarding discounts, education content"
18262,140,1,149.48,2,2,1,5,221,Lost,3,Lost Causes,Final reactivation attempt or remove from active campaigns
18263,26,3,1213.16,4,4,4,12,444,Champions,2,Loyal Regulars,"Upsell campaigns, early access to new products, cross-sell"
18265,72,2,801.51,3,3,3,9,333,Promising,2,Loyal Regulars,"Upsell campaigns, early access to new products, cross-sell"
18268,134,1,25.5,2,2,1,5,221,Lost,3,Lost Causes,Final reactivation attempt or remove from active campaigns
18269,366,1,168.60000000000002,1,2,1,4,121,Lost,3,Lost Causes,Final reactivation attempt or remove from active campaigns
18270,38,2,283.15000000000003,3,3,2,8,332,Promising,0,New Potentials,"Welcome series, onboarding discounts, education content"
18272,3,6,3078.58,5,5,5,15,555,Champions,1,VIP Champions,"Loyalty rewards, referral programs, exclusive early access"
18273,2,3,204.0,5,4,1,10,541,Loyal Customers,0,New Potentials,"Welcome series, onboarding discounts, education content"
18274,30,1,175.92,4,2,1,7,421,New Customers,0,New Potentials,"Welcome series, onboarding discounts, education content"
18276,44,1,335.86,3,2,2,7,322,Need Attention,3,Lost Causes,Final reactivation attempt or remove from active campaigns
18277,58,1,110.38,3,2,1,6,321,Need Attention,3,Lost Causes,Final reactivation attempt or remove from active campaigns
18278,74,1,173.9,2,2,1,5,221,Lost,3,Lost Causes,Final reactivation attempt or remove from active campaigns
18280,278,1,180.6,1,2,1,4,121,Lost,3,Lost Causes,Final reactivation attempt or remove from active campaigns
18281,181,1,80.82,1,2,1,4,121,Lost,3,Lost Causes,Final reactivation attempt or remove from active campaigns
18282,8,2,178.05,5,3,1,9,531,Promising,0,New Potentials,"Welcome series, onboarding discounts, education content"
18283,4,16,2094.88,5,5,5,15,555,Champions,1,VIP Champions,"Loyalty rewards, referral programs, exclusive early access"
18287,43,3,1837.28,3,4,4,11,344,Promising,2,Loyal Regulars,"Upsell campaigns, early access to new products, cross-sell"
